﻿<?xml version="1.0" encoding="utf-8"?>
<Agreements>
  <SalesAgreementHeader>
    <AgreementType>Customer</AgreementType>
    <CustAccount>02005615</CustAccount>
    <RecId>5637145326</RecId>
    <SalesAgreementStatus>Quotation</SalesAgreementStatus>
    <SalesNumberSequence>RAN-000001</SalesNumberSequence>
    <AgreementLine>
      <ActivatePriceDisc>No</ActivatePriceDisc>
      <CommitedQuantity>500.00</CommitedQuantity>
      <EffectiveDate>2016-01-26</EffectiveDate>
      <ExpirationDate>2016-05-28</ExpirationDate>
      <Delivered>0.00</Delivered>
      <Invoiced>5.00</Invoiced>
      <ItemId>00027307</ItemId>
      <Name>C/10X4ST DIKSMUIDSE BOTERKOEK</Name>
      <Netto>3.00</Netto>
      <PricePerUnit>40.00</PricePerUnit>
      <PriceUnit>1.00</PriceUnit>
      <ProductUnitOfMeasure>C/10X4ST</ProductUnitOfMeasure>
      <RemainingRelease>492.00</RemainingRelease>
      <Released>3.00</Released>
      <UnitOfPrice>
      </UnitOfPrice>
    </AgreementLine>
  </SalesAgreementHeader>
  <SalesAgreementHeader>
    <AgreementType>Customer</AgreementType>
    <CustAccount>00634051</CustAccount>
    <RecId>5637148328</RecId>
    <SalesAgreementStatus>Quotation</SalesAgreementStatus>
    <SalesNumberSequence>RAN-000012</SalesNumberSequence>
    <AgreementLine>
      <ActivatePriceDisc>No</ActivatePriceDisc>
      <CommitedQuantity>1000.00</CommitedQuantity>
      <EffectiveDate>2016-02-02</EffectiveDate>
      <ExpirationDate>2016-12-30</ExpirationDate>
      <Delivered>0.00</Delivered>
      <Invoiced>0.00</Invoiced>
      <ItemId>00002245</ItemId>
      <Name>C/12,5KG ROZIJNEN STD 9 GR.A</Name>
      <Netto>2.00</Netto>
      <PricePerUnit>23.00</PricePerUnit>
      <PriceUnit>1.00</PriceUnit>
      <ProductUnitOfMeasure>C/12,5KG</ProductUnitOfMeasure>
      <RemainingRelease>1000.00</RemainingRelease>
      <Released>0.00</Released>
      <UnitOfPrice>
      </UnitOfPrice>
    </AgreementLine>
  </SalesAgreementHeader>
  <SalesAgreementHeader>
    <AgreementType>Customer</AgreementType>
    <CustAccount>00257601</CustAccount>
    <RecId>5637149826</RecId>
    <SalesAgreementStatus>Quotation</SalesAgreementStatus>
    <SalesNumberSequence>RAN-000016</SalesNumberSequence>
  </SalesAgreementHeader>
  <SalesAgreementHeader>
    <AgreementType>Customer</AgreementType>
    <CustAccount>00690901</CustAccount>
    <RecId>5637151326</RecId>
    <SalesAgreementStatus>Quotation</SalesAgreementStatus>
    <SalesNumberSequence>RAN-000017</SalesNumberSequence>
  </SalesAgreementHeader>
  <SalesAgreementHeader>
    <AgreementType>Customer</AgreementType>
    <CustAccount>00646831</CustAccount>
    <RecId>5637151327</RecId>
    <SalesAgreementStatus>Quotation</SalesAgreementStatus>
    <SalesNumberSequence>RAN-000018</SalesNumberSequence>
    <AgreementLine>
      <ActivatePriceDisc>No</ActivatePriceDisc>
      <CommitedQuantity>1000.00</CommitedQuantity>
      <EffectiveDate>2016-02-23</EffectiveDate>
      <ExpirationDate>2016-12-31</ExpirationDate>
      <Delivered>0.00</Delivered>
      <Invoiced>0.00</Invoiced>
      <ItemId>00027315</ItemId>
      <Name>C/4X21ST DIKSMUIDSE BOTERKOEK</Name>
      <Netto>5.25</Netto>
      <PricePerUnit>0.00</PricePerUnit>
      <PriceUnit>1.00</PriceUnit>
      <ProductUnitOfMeasure>STK</ProductUnitOfMeasure>
      <RemainingRelease>1000.00</RemainingRelease>
      <Released>0.00</Released>
      <UnitOfPrice>
      </UnitOfPrice>
    </AgreementLine>
    <AgreementLine>
      <ActivatePriceDisc>No</ActivatePriceDisc>
      <CommitedQuantity>200.00</CommitedQuantity>
      <EffectiveDate>2016-02-23</EffectiveDate>
      <ExpirationDate>2016-12-31</ExpirationDate>
      <Delivered>0.00</Delivered>
      <Invoiced>0.00</Invoiced>
      <ItemId>00002245</ItemId>
      <Name>C/12,5KG ROZIJNEN STD 9 GR.A</Name>
      <Netto>10.25</Netto>
      <PricePerUnit>23.00</PricePerUnit>
      <PriceUnit>1.00</PriceUnit>
      <ProductUnitOfMeasure>C/12,5KG</ProductUnitOfMeasure>
      <RemainingRelease>193.00</RemainingRelease>
      <Released>7.00</Released>
      <UnitOfPrice>
      </UnitOfPrice>
    </AgreementLine>
  </SalesAgreementHeader>
  <SalesAgreementHeader>
    <AgreementType>Customer</AgreementType>
    <CustAccount>02005615</CustAccount>
    <RecId>5637152827</RecId>
    <SalesAgreementStatus>Quotation</SalesAgreementStatus>
    <SalesNumberSequence>RAN-000024</SalesNumberSequence>
    <AgreementLine>
      <ActivatePriceDisc>No</ActivatePriceDisc>
      <CommitedQuantity>100.00</CommitedQuantity>
      <EffectiveDate>2016-03-01</EffectiveDate>
      <ExpirationDate>2016-04-01</ExpirationDate>
      <Delivered>0.00</Delivered>
      <Invoiced>0.00</Invoiced>
      <ItemId>00002245</ItemId>
      <Name>C/12,5KG ROZIJNEN STD 9 GR.A</Name>
      <Netto>100.00</Netto>
      <PricePerUnit>23.00</PricePerUnit>
      <PriceUnit>1.00</PriceUnit>
      <ProductUnitOfMeasure>C/12,5KG</ProductUnitOfMeasure>
      <RemainingRelease>62.00</RemainingRelease>
      <Released>38.00</Released>
      <UnitOfPrice>
      </UnitOfPrice>
    </AgreementLine>
  </SalesAgreementHeader>
  <SalesAgreementHeader>
    <AgreementType>Customer</AgreementType>
    <CustAccount>00646831</CustAccount>
    <RecId>5637154326</RecId>
    <SalesAgreementStatus>Quotation</SalesAgreementStatus>
    <SalesNumberSequence>RAN-000025</SalesNumberSequence>
    <AgreementLine>
      <ActivatePriceDisc>No</ActivatePriceDisc>
      <CommitedQuantity>1500.00</CommitedQuantity>
      <EffectiveDate>2016-03-03</EffectiveDate>
      <ExpirationDate>2016-12-31</ExpirationDate>
      <Delivered>0.00</Delivered>
      <Invoiced>0.00</Invoiced>
      <ItemId>00002245</ItemId>
      <Name>C/12,5KG ROZIJNEN STD 9 GR.A</Name>
      <Netto>5.00</Netto>
      <PricePerUnit>23.00</PricePerUnit>
      <PriceUnit>1.00</PriceUnit>
      <ProductUnitOfMeasure>C/12,5KG</ProductUnitOfMeasure>
      <RemainingRelease>1479.00</RemainingRelease>
      <Released>21.00</Released>
      <UnitOfPrice>
      </UnitOfPrice>
    </AgreementLine>
  </SalesAgreementHeader>
  <SalesAgreementHeader>
    <AgreementType>Customer</AgreementType>
    <CustAccount>000006</CustAccount>
    <RecId>5637154327</RecId>
    <SalesAgreementStatus>Quotation</SalesAgreementStatus>
    <SalesNumberSequence>RAN-000026</SalesNumberSequence>
    <AgreementLine>
      <ActivatePriceDisc>No</ActivatePriceDisc>
      <CommitedQuantity>1.00</CommitedQuantity>
      <EffectiveDate>2016-03-03</EffectiveDate>
      <ExpirationDate>2016-12-31</ExpirationDate>
      <Delivered>0.00</Delivered>
      <Invoiced>0.00</Invoiced>
      <ItemId>00003002</ItemId>
      <Name>C/120ST CHOCO CUPS KOFFIE</Name>
      <Netto>0.00</Netto>
      <PricePerUnit>0.00</PricePerUnit>
      <PriceUnit>1.00</PriceUnit>
      <ProductUnitOfMeasure>C/120ST</ProductUnitOfMeasure>
      <RemainingRelease>1.00</RemainingRelease>
      <Released>0.00</Released>
      <UnitOfPrice>
      </UnitOfPrice>
    </AgreementLine>
  </SalesAgreementHeader>
  <SalesAgreementHeader>
    <AgreementType>Customer</AgreementType>
    <CustAccount>00257601</CustAccount>
    <RecId>5637155078</RecId>
    <SalesAgreementStatus>Quotation</SalesAgreementStatus>
    <SalesNumberSequence>RAN-000029</SalesNumberSequence>
    <AgreementLine>
      <ActivatePriceDisc>No</ActivatePriceDisc>
      <CommitedQuantity>20.00</CommitedQuantity>
      <EffectiveDate>2016-03-07</EffectiveDate>
      <ExpirationDate>2016-04-30</ExpirationDate>
      <Delivered>0.00</Delivered>
      <Invoiced>0.00</Invoiced>
      <ItemId>00017190</ItemId>
      <Name>C/10KG RABARBER ROOD IQF FRUCT-SU</Name>
      <Netto>0.00</Netto>
      <PricePerUnit>15.00</PricePerUnit>
      <PriceUnit>1.00</PriceUnit>
      <ProductUnitOfMeasure>C/10KG</ProductUnitOfMeasure>
      <RemainingRelease>0.00</RemainingRelease>
      <Released>20.00</Released>
      <UnitOfPrice>
      </UnitOfPrice>
    </AgreementLine>
  </SalesAgreementHeader>
  <SalesAgreementHeader>
    <AgreementType>Customer</AgreementType>
    <CustAccount>00102311</CustAccount>
    <RecId>5637157327</RecId>
    <SalesAgreementStatus>Quotation</SalesAgreementStatus>
    <SalesNumberSequence>RAN-000039</SalesNumberSequence>
    <AgreementLine>
      <ActivatePriceDisc>No</ActivatePriceDisc>
      <CommitedQuantity>500.00</CommitedQuantity>
      <EffectiveDate>2016-04-07</EffectiveDate>
      <ExpirationDate>2016-04-28</ExpirationDate>
      <Delivered>0.00</Delivered>
      <Invoiced>0.00</Invoiced>
      <ItemId>00002245</ItemId>
      <Name>C/12,5KG ROZIJNEN STD 9 GR.A</Name>
      <Netto>3.00</Netto>
      <PricePerUnit>23.00</PricePerUnit>
      <PriceUnit>1.00</PriceUnit>
      <ProductUnitOfMeasure>C/12,5KG</ProductUnitOfMeasure>
      <RemainingRelease>493.00</RemainingRelease>
      <Released>7.00</Released>
      <UnitOfPrice>
      </UnitOfPrice>
    </AgreementLine>
  </SalesAgreementHeader>
  <SalesAgreementHeader>
    <AgreementType>Customer</AgreementType>
    <CustAccount>02005615</CustAccount>
    <RecId>5637159578</RecId>
    <SalesAgreementStatus>Quotation</SalesAgreementStatus>
    <SalesNumberSequence>RAN-000046</SalesNumberSequence>
  </SalesAgreementHeader>
  <SalesAgreementHeader>
    <AgreementType>Customer</AgreementType>
    <CustAccount>02005615</CustAccount>
    <RecId>5637159579</RecId>
    <SalesAgreementStatus>Quotation</SalesAgreementStatus>
    <SalesNumberSequence>RAN-000047</SalesNumberSequence>
  </SalesAgreementHeader>
  <SalesAgreementHeader>
    <AgreementType>Customer</AgreementType>
    <CustAccount>000006</CustAccount>
    <RecId>5637160326</RecId>
    <SalesAgreementStatus>Quotation</SalesAgreementStatus>
    <SalesNumberSequence>RAN-000048</SalesNumberSequence>
    <AgreementLine>
      <ActivatePriceDisc>No</ActivatePriceDisc>
      <CommitedQuantity>1.00</CommitedQuantity>
      <EffectiveDate>2016-04-26</EffectiveDate>
      <ExpirationDate>2016-08-14</ExpirationDate>
      <Delivered>0.00</Delivered>
      <Invoiced>0.00</Invoiced>
      <ItemId>00025015</ItemId>
      <Name>C/20 ST. DRIEKONINGENTAART 23CM</Name>
      <Netto>0.00</Netto>
      <PricePerUnit>1.23</PricePerUnit>
      <PriceUnit>1.00</PriceUnit>
      <ProductUnitOfMeasure>STK</ProductUnitOfMeasure>
      <RemainingRelease>1.00</RemainingRelease>
      <Released>0.00</Released>
      <UnitOfPrice>
      </UnitOfPrice>
    </AgreementLine>
  </SalesAgreementHeader>
  <SalesAgreementHeader>
    <AgreementType>Customer</AgreementType>
    <CustAccount>00257601</CustAccount>
    <RecId>5637161826</RecId>
    <SalesAgreementStatus>Quotation</SalesAgreementStatus>
    <SalesNumberSequence>RAN-000051</SalesNumberSequence>
    <AgreementLine>
      <ActivatePriceDisc>No</ActivatePriceDisc>
      <CommitedQuantity>500.00</CommitedQuantity>
      <EffectiveDate>2016-05-02</EffectiveDate>
      <ExpirationDate>2016-05-24</ExpirationDate>
      <Delivered>0.00</Delivered>
      <Invoiced>0.00</Invoiced>
      <ItemId>01234</ItemId>
      <Name>SezoensArt21</Name>
      <Netto>0.00</Netto>
      <PricePerUnit>15.00</PricePerUnit>
      <PriceUnit>1.00</PriceUnit>
      <ProductUnitOfMeasure>stk</ProductUnitOfMeasure>
      <RemainingRelease>495.00</RemainingRelease>
      <Released>5.00</Released>
      <UnitOfPrice>
      </UnitOfPrice>
    </AgreementLine>
  </SalesAgreementHeader>
  <SalesAgreementHeader>
    <AgreementType>Customer</AgreementType>
    <CustAccount>00690901</CustAccount>
    <RecId>5637162579</RecId>
    <SalesAgreementStatus>Quotation</SalesAgreementStatus>
    <SalesNumberSequence>RAN-000058</SalesNumberSequence>
  </SalesAgreementHeader>
  <SalesAgreementHeader>
    <AgreementType>Customer</AgreementType>
    <CustAccount>00690901</CustAccount>
    <RecId>5637162580</RecId>
    <SalesAgreementStatus>Quotation</SalesAgreementStatus>
    <SalesNumberSequence>RAN-000059</SalesNumberSequence>
  </SalesAgreementHeader>
  <SalesAgreementHeader>
    <AgreementType>Customer</AgreementType>
    <CustAccount>000068849</CustAccount>
    <RecId>5637163326</RecId>
    <SalesAgreementStatus>Quotation</SalesAgreementStatus>
    <SalesNumberSequence>RAN-000060</SalesNumberSequence>
  </SalesAgreementHeader>
  <SalesAgreementHeader>
    <AgreementType>Customer</AgreementType>
    <CustAccount>000001240</CustAccount>
    <RecId>5637167077</RecId>
    <SalesAgreementStatus>ApprovalRanson</SalesAgreementStatus>
    <SalesNumberSequence>RAN-000066</SalesNumberSequence>
  </SalesAgreementHeader>
  <SalesAgreementHeader>
    <AgreementType>AgreementGroup</AgreementType>
    <CustAccount>
    </CustAccount>
    <RecId>5637167827</RecId>
    <SalesAgreementStatus>Quotation</SalesAgreementStatus>
    <SalesNumberSequence>RAN-000070</SalesNumberSequence>
  </SalesAgreementHeader>
  <SalesAgreementHeader>
    <AgreementType>Customer</AgreementType>
    <CustAccount>001335111</CustAccount>
    <RecId>5637167828</RecId>
    <SalesAgreementStatus>Quotation</SalesAgreementStatus>
    <SalesNumberSequence>RAN-000071</SalesNumberSequence>
    <AgreementLine>
      <ActivatePriceDisc>No</ActivatePriceDisc>
      <CommitedQuantity>135.00</CommitedQuantity>
      <EffectiveDate>2016-09-23</EffectiveDate>
      <ExpirationDate>2016-09-30</ExpirationDate>
      <Delivered>0.00</Delivered>
      <Invoiced>0.00</Invoiced>
      <ItemId>DLB_002</ItemId>
      <Name>DLB_002</Name>
      <Netto>0.00</Netto>
      <PricePerUnit>1.00</PricePerUnit>
      <PriceUnit>1.00</PriceUnit>
      <ProductUnitOfMeasure>stk</ProductUnitOfMeasure>
      <RemainingRelease>135.00</RemainingRelease>
      <Released>0.00</Released>
      <UnitOfPrice>
      </UnitOfPrice>
    </AgreementLine>
  </SalesAgreementHeader>
  <SalesAgreementHeader>
    <AgreementType>Customer</AgreementType>
    <CustAccount>00102311</CustAccount>
    <RecId>5637167829</RecId>
    <SalesAgreementStatus>ApprovalRanson</SalesAgreementStatus>
    <SalesNumberSequence>RAN-000072</SalesNumberSequence>
    <AgreementLine>
      <ActivatePriceDisc>No</ActivatePriceDisc>
      <CommitedQuantity>150.00</CommitedQuantity>
      <EffectiveDate>2016-09-26</EffectiveDate>
      <ExpirationDate>2016-12-31</ExpirationDate>
      <Delivered>0.00</Delivered>
      <Invoiced>0.00</Invoiced>
      <ItemId>DLB_002</ItemId>
      <Name>DLB_002</Name>
      <Netto>13.00</Netto>
      <PricePerUnit>1.00</PricePerUnit>
      <PriceUnit>1.00</PriceUnit>
      <ProductUnitOfMeasure>stk</ProductUnitOfMeasure>
      <RemainingRelease>150.00</RemainingRelease>
      <Released>0.00</Released>
      <UnitOfPrice>
      </UnitOfPrice>
    </AgreementLine>
    <AgreementLine>
      <ActivatePriceDisc>No</ActivatePriceDisc>
      <CommitedQuantity>1.00</CommitedQuantity>
      <EffectiveDate>2016-09-26</EffectiveDate>
      <ExpirationDate>2016-12-31</ExpirationDate>
      <Delivered>0.00</Delivered>
      <Invoiced>0.00</Invoiced>
      <ItemId>DLB_002</ItemId>
      <Name>DLB_002</Name>
      <Netto>13.00</Netto>
      <PricePerUnit>1.00</PricePerUnit>
      <PriceUnit>1.00</PriceUnit>
      <ProductUnitOfMeasure>stk</ProductUnitOfMeasure>
      <RemainingRelease>1.00</RemainingRelease>
      <Released>0.00</Released>
      <UnitOfPrice>
      </UnitOfPrice>
    </AgreementLine>
    <AgreementLine>
      <ActivatePriceDisc>No</ActivatePriceDisc>
      <CommitedQuantity>15.00</CommitedQuantity>
      <EffectiveDate>2016-09-26</EffectiveDate>
      <ExpirationDate>2016-12-31</ExpirationDate>
      <Delivered>0.00</Delivered>
      <Invoiced>0.00</Invoiced>
      <ItemId>DLB_002</ItemId>
      <Name>DLB_002</Name>
      <Netto>0.00</Netto>
      <PricePerUnit>1.00</PricePerUnit>
      <PriceUnit>1.00</PriceUnit>
      <ProductUnitOfMeasure>stk</ProductUnitOfMeasure>
      <RemainingRelease>15.00</RemainingRelease>
      <Released>0.00</Released>
      <UnitOfPrice>
      </UnitOfPrice>
    </AgreementLine>
  </SalesAgreementHeader>
  <SalesAgreementHeader>
    <AgreementType>Customer</AgreementType>
    <CustAccount>00099916</CustAccount>
    <RecId>5637167830</RecId>
    <SalesAgreementStatus>Quotation</SalesAgreementStatus>
    <SalesNumberSequence>RAN-000074</SalesNumberSequence>
    <AgreementLine>
      <ActivatePriceDisc>No</ActivatePriceDisc>
      <CommitedQuantity>1.00</CommitedQuantity>
      <EffectiveDate>2016-09-30</EffectiveDate>
      <ExpirationDate>2016-09-30</ExpirationDate>
      <Delivered>0.00</Delivered>
      <Invoiced>0.00</Invoiced>
      <ItemId>SCI005</ItemId>
      <Name>Frozen Lolly</Name>
      <Netto>0.00</Netto>
      <PricePerUnit>15.00</PricePerUnit>
      <PriceUnit>1.00</PriceUnit>
      <ProductUnitOfMeasure>Doos</ProductUnitOfMeasure>
      <RemainingRelease>1.00</RemainingRelease>
      <Released>0.00</Released>
      <UnitOfPrice>
      </UnitOfPrice>
    </AgreementLine>
  </SalesAgreementHeader>
  <SalesAgreementHeader>
    <AgreementType>Customer</AgreementType>
    <CustAccount>000068849</CustAccount>
    <RecId>5637167831</RecId>
    <SalesAgreementStatus>Quotation</SalesAgreementStatus>
    <SalesNumberSequence>RAN-000075</SalesNumberSequence>
    <AgreementLine>
      <ActivatePriceDisc>No</ActivatePriceDisc>
      <CommitedQuantity>1.00</CommitedQuantity>
      <EffectiveDate>2016-09-30</EffectiveDate>
      <ExpirationDate>2016-09-30</ExpirationDate>
      <Delivered>0.00</Delivered>
      <Invoiced>0.00</Invoiced>
      <ItemId>SCI005</ItemId>
      <Name>Frozen Lolly</Name>
      <Netto>0.00</Netto>
      <PricePerUnit>15.00</PricePerUnit>
      <PriceUnit>1.00</PriceUnit>
      <ProductUnitOfMeasure>Doos</ProductUnitOfMeasure>
      <RemainingRelease>1.00</RemainingRelease>
      <Released>0.00</Released>
      <UnitOfPrice>
      </UnitOfPrice>
    </AgreementLine>
  </SalesAgreementHeader>
  <SalesAgreementHeader>
    <AgreementType>Customer</AgreementType>
    <CustAccount>00099916</CustAccount>
    <RecId>5637167832</RecId>
    <SalesAgreementStatus>Quotation</SalesAgreementStatus>
    <SalesNumberSequence>RAN-000076</SalesNumberSequence>
  </SalesAgreementHeader>
  <SalesAgreementHeader>
    <AgreementType>Customer</AgreementType>
    <CustAccount>000068849</CustAccount>
    <RecId>5637169327</RecId>
    <SalesAgreementStatus>Quotation</SalesAgreementStatus>
    <SalesNumberSequence>RAN-000079</SalesNumberSequence>
  </SalesAgreementHeader>
  <SalesAgreementHeader>
    <AgreementType>AgreementGroup</AgreementType>
    <CustAccount>
    </CustAccount>
    <RecId>5637169328</RecId>
    <SalesAgreementStatus>Quotation</SalesAgreementStatus>
    <SalesNumberSequence>RAN-000081</SalesNumberSequence>
  </SalesAgreementHeader>
  <SalesAgreementHeader>
    <AgreementType>Customer</AgreementType>
    <CustAccount>00102311</CustAccount>
    <RecId>5637169329</RecId>
    <SalesAgreementStatus>Quotation</SalesAgreementStatus>
    <SalesNumberSequence>RAN-000082</SalesNumberSequence>
  </SalesAgreementHeader>
  <SalesAgreementHeader>
    <AgreementType>AgreementGroup</AgreementType>
    <CustAccount>
    </CustAccount>
    <RecId>5637169330</RecId>
    <SalesAgreementStatus>Quotation</SalesAgreementStatus>
    <SalesNumberSequence>RAN-000084</SalesNumberSequence>
  </SalesAgreementHeader>
  <SalesAgreementHeader>
    <AgreementType>Customer</AgreementType>
    <CustAccount>000001240</CustAccount>
    <RecId>5637169331</RecId>
    <SalesAgreementStatus>ApprovalRanson</SalesAgreementStatus>
    <SalesNumberSequence>RAN-000085</SalesNumberSequence>
    <AgreementLine>
      <ActivatePriceDisc>No</ActivatePriceDisc>
      <CommitedQuantity>136.00</CommitedQuantity>
      <EffectiveDate>2016-10-07</EffectiveDate>
      <ExpirationDate>2016-10-31</ExpirationDate>
      <Delivered>0.00</Delivered>
      <Invoiced>0.00</Invoiced>
      <ItemId>dlb_001</ItemId>
      <Name>dlb_001</Name>
      <Netto>0.00</Netto>
      <PricePerUnit>0.00</PricePerUnit>
      <PriceUnit>1.00</PriceUnit>
      <ProductUnitOfMeasure>kg</ProductUnitOfMeasure>
      <RemainingRelease>136.00</RemainingRelease>
      <Released>0.00</Released>
      <UnitOfPrice>kg</UnitOfPrice>
    </AgreementLine>
    <AgreementLine>
      <ActivatePriceDisc>No</ActivatePriceDisc>
      <CommitedQuantity>167.00</CommitedQuantity>
      <EffectiveDate>2016-10-07</EffectiveDate>
      <ExpirationDate>2016-10-31</ExpirationDate>
      <Delivered>0.00</Delivered>
      <Invoiced>0.00</Invoiced>
      <ItemId>dlb_001</ItemId>
      <Name>dlb_001</Name>
      <Netto>0.00</Netto>
      <PricePerUnit>0.00</PricePerUnit>
      <PriceUnit>1.00</PriceUnit>
      <ProductUnitOfMeasure>kg</ProductUnitOfMeasure>
      <RemainingRelease>167.00</RemainingRelease>
      <Released>0.00</Released>
      <UnitOfPrice>kg</UnitOfPrice>
    </AgreementLine>
    <AgreementLine>
      <ActivatePriceDisc>No</ActivatePriceDisc>
      <CommitedQuantity>159.00</CommitedQuantity>
      <EffectiveDate>2016-10-07</EffectiveDate>
      <ExpirationDate>2016-10-31</ExpirationDate>
      <Delivered>0.00</Delivered>
      <Invoiced>0.00</Invoiced>
      <ItemId>dlb_001</ItemId>
      <Name>dlb_001</Name>
      <Netto>0.00</Netto>
      <PricePerUnit>0.00</PricePerUnit>
      <PriceUnit>1.00</PriceUnit>
      <ProductUnitOfMeasure>kg</ProductUnitOfMeasure>
      <RemainingRelease>159.00</RemainingRelease>
      <Released>0.00</Released>
      <UnitOfPrice>kg</UnitOfPrice>
    </AgreementLine>
  </SalesAgreementHeader>
  <SalesAgreementHeader>
    <AgreementType>AgreementGroup</AgreementType>
    <CustAccount>
    </CustAccount>
    <RecId>5637169333</RecId>
    <SalesAgreementStatus>ApprovalRanson</SalesAgreementStatus>
    <SalesNumberSequence>RAN-000087</SalesNumberSequence>
    <AgreementLine>
      <ActivatePriceDisc>No</ActivatePriceDisc>
      <CommitedQuantity>1.00</CommitedQuantity>
      <EffectiveDate>2016-10-07</EffectiveDate>
      <ExpirationDate>2016-10-31</ExpirationDate>
      <Delivered>0.00</Delivered>
      <Invoiced>0.00</Invoiced>
      <ItemId>dlb_001</ItemId>
      <Name>dlb_001</Name>
      <Netto>0.00</Netto>
      <PricePerUnit>0.00</PricePerUnit>
      <PriceUnit>1.00</PriceUnit>
      <ProductUnitOfMeasure>kg</ProductUnitOfMeasure>
      <RemainingRelease>1.00</RemainingRelease>
      <Released>0.00</Released>
      <UnitOfPrice>kg</UnitOfPrice>
    </AgreementLine>
  </SalesAgreementHeader>
</Agreements>