﻿<?xml version="1.0" encoding="utf-8"?>
<Prices>
  <PriceDiscTable>
    <AccountCode>Table</AccountCode>
    <AccountRelation>000001240</AccountRelation>
    <Amount>100.00</Amount>
    <ItemCode>Table</ItemCode>
    <ItemRelation>00001580</ItemRelation>
    <Percent1>0.00</Percent1>
    <Percent2>0.00</Percent2>
    <PriceUnit>1.00</PriceUnit>
    <QuantityAmountFrom>0.00</QuantityAmountFrom>
    <QuantityAmountTo>0.00</QuantityAmountTo>
    <Relation>PriceSales</Relation>
    <ToDate>2154-12-31</ToDate>
    <UnitId>Blik</UnitId>
    <UnitOfPrice>
    </UnitOfPrice>
  </PriceDiscTable>
  <PriceDiscTable>
    <AccountCode>Table</AccountCode>
    <AccountRelation>98740</AccountRelation>
    <Amount>50.00</Amount>
    <ItemCode>Table</ItemCode>
    <ItemRelation>00001580</ItemRelation>
    <Percent1>0.00</Percent1>
    <Percent2>0.00</Percent2>
    <PriceUnit>1.00</PriceUnit>
    <QuantityAmountFrom>0.00</QuantityAmountFrom>
    <QuantityAmountTo>0.00</QuantityAmountTo>
    <Relation>PriceSales</Relation>
    <ToDate>2154-12-31</ToDate>
    <UnitId>Blik</UnitId>
    <UnitOfPrice>
    </UnitOfPrice>
  </PriceDiscTable>
  <PriceDiscTable>
    <AccountCode>All</AccountCode>
    <AccountRelation>
    </AccountRelation>
    <Amount>0.00</Amount>
    <ItemCode>Table</ItemCode>
    <ItemRelation>00001580</ItemRelation>
    <Percent1>0.00</Percent1>
    <Percent2>0.00</Percent2>
    <PriceUnit>1.00</PriceUnit>
    <QuantityAmountFrom>0.00</QuantityAmountFrom>
    <QuantityAmountTo>0.00</QuantityAmountTo>
    <Relation>PriceSales</Relation>
    <ToDate>2154-12-31</ToDate>
    <UnitId>Blik</UnitId>
    <UnitOfPrice>
    </UnitOfPrice>
  </PriceDiscTable>
  <PriceDiscTable>
    <AccountCode>GroupId</AccountCode>
    <AccountRelation>Transfer</AccountRelation>
    <Amount>10.00</Amount>
    <ItemCode>Table</ItemCode>
    <ItemRelation>00002245</ItemRelation>
    <Percent1>0.00</Percent1>
    <Percent2>0.00</Percent2>
    <PriceUnit>1.00</PriceUnit>
    <QuantityAmountFrom>0.00</QuantityAmountFrom>
    <QuantityAmountTo>0.00</QuantityAmountTo>
    <Relation>PriceSales</Relation>
    <UnitId>kg</UnitId>
    <UnitOfPrice>kg</UnitOfPrice>
  </PriceDiscTable>
  <PriceDiscTable>
    <AccountCode>All</AccountCode>
    <AccountRelation>
    </AccountRelation>
    <Amount>23.00</Amount>
    <ItemCode>Table</ItemCode>
    <ItemRelation>00002245</ItemRelation>
    <Percent1>0.00</Percent1>
    <Percent2>0.00</Percent2>
    <PriceUnit>1.00</PriceUnit>
    <QuantityAmountFrom>0.00</QuantityAmountFrom>
    <QuantityAmountTo>0.00</QuantityAmountTo>
    <Relation>PriceSales</Relation>
    <ToDate>2154-12-31</ToDate>
    <UnitId>C/12,5KG</UnitId>
    <UnitOfPrice>
    </UnitOfPrice>
  </PriceDiscTable>
  <PriceDiscTable>
    <AccountCode>Table</AccountCode>
    <AccountRelation>000001240</AccountRelation>
    <Amount>100.00</Amount>
    <ItemCode>Table</ItemCode>
    <ItemRelation>00002361</ItemRelation>
    <Percent1>0.00</Percent1>
    <Percent2>0.00</Percent2>
    <PriceUnit>1.00</PriceUnit>
    <QuantityAmountFrom>0.00</QuantityAmountFrom>
    <QuantityAmountTo>0.00</QuantityAmountTo>
    <Relation>PriceSales</Relation>
    <ToDate>2154-12-31</ToDate>
    <UnitId>bak</UnitId>
    <UnitOfPrice>
    </UnitOfPrice>
  </PriceDiscTable>
  <PriceDiscTable>
    <AccountCode>Table</AccountCode>
    <AccountRelation>02005615</AccountRelation>
    <Amount>5.00</Amount>
    <ItemCode>Table</ItemCode>
    <ItemRelation>00003002</ItemRelation>
    <Percent1>0.00</Percent1>
    <Percent2>0.00</Percent2>
    <PriceUnit>1.00</PriceUnit>
    <QuantityAmountFrom>0.00</QuantityAmountFrom>
    <QuantityAmountTo>0.00</QuantityAmountTo>
    <Relation>PriceSales</Relation>
    <UnitId>C/120ST</UnitId>
    <UnitOfPrice>C/120ST</UnitOfPrice>
  </PriceDiscTable>
  <PriceDiscTable>
    <AccountCode>All</AccountCode>
    <AccountRelation>
    </AccountRelation>
    <Amount>2.20</Amount>
    <ItemCode>Table</ItemCode>
    <ItemRelation>00010148</ItemRelation>
    <Percent1>0.00</Percent1>
    <Percent2>0.00</Percent2>
    <PriceUnit>1.00</PriceUnit>
    <QuantityAmountFrom>0.00</QuantityAmountFrom>
    <QuantityAmountTo>0.00</QuantityAmountTo>
    <Relation>PriceSales</Relation>
    <ToDate>2154-12-31</ToDate>
    <UnitId>stk</UnitId>
    <UnitOfPrice>
    </UnitOfPrice>
  </PriceDiscTable>
  <PriceDiscTable>
    <AccountCode>GroupId</AccountCode>
    <AccountRelation>Bakker1</AccountRelation>
    <Amount>19.78</Amount>
    <ItemCode>Table</ItemCode>
    <ItemRelation>00015410</ItemRelation>
    <Percent1>0.00</Percent1>
    <Percent2>0.00</Percent2>
    <PriceUnit>1.00</PriceUnit>
    <QuantityAmountFrom>0.00</QuantityAmountFrom>
    <QuantityAmountTo>0.00</QuantityAmountTo>
    <Relation>PriceSales</Relation>
    <ToDate>2154-12-31</ToDate>
    <UnitId>Doos</UnitId>
    <UnitOfPrice>
    </UnitOfPrice>
  </PriceDiscTable>
  <PriceDiscTable>
    <AccountCode>Table</AccountCode>
    <AccountRelation>00690901</AccountRelation>
    <Amount>16.00</Amount>
    <ItemCode>Table</ItemCode>
    <ItemRelation>00017190</ItemRelation>
    <Percent1>0.00</Percent1>
    <Percent2>0.00</Percent2>
    <PriceUnit>1.00</PriceUnit>
    <QuantityAmountFrom>0.00</QuantityAmountFrom>
    <QuantityAmountTo>0.00</QuantityAmountTo>
    <Relation>PriceSales</Relation>
    <UnitId>C/10KG</UnitId>
    <UnitOfPrice>kg</UnitOfPrice>
  </PriceDiscTable>
  <PriceDiscTable>
    <AccountCode>GroupId</AccountCode>
    <AccountRelation>Bakker1</AccountRelation>
    <Amount>15.00</Amount>
    <ItemCode>Table</ItemCode>
    <ItemRelation>00017190</ItemRelation>
    <Percent1>0.00</Percent1>
    <Percent2>0.00</Percent2>
    <PriceUnit>1.00</PriceUnit>
    <QuantityAmountFrom>0.00</QuantityAmountFrom>
    <QuantityAmountTo>100.00</QuantityAmountTo>
    <Relation>PriceSales</Relation>
    <UnitId>C/10KG</UnitId>
    <UnitOfPrice>kg</UnitOfPrice>
  </PriceDiscTable>
  <PriceDiscTable>
    <AccountCode>GroupId</AccountCode>
    <AccountRelation>Bakker1</AccountRelation>
    <Amount>10.53</Amount>
    <ItemCode>Table</ItemCode>
    <ItemRelation>00017190</ItemRelation>
    <Percent1>0.00</Percent1>
    <Percent2>0.00</Percent2>
    <PriceUnit>1.00</PriceUnit>
    <QuantityAmountFrom>100.00</QuantityAmountFrom>
    <QuantityAmountTo>0.00</QuantityAmountTo>
    <Relation>PriceSales</Relation>
    <UnitId>C/10KG</UnitId>
    <UnitOfPrice>kg</UnitOfPrice>
  </PriceDiscTable>
  <PriceDiscTable>
    <AccountCode>GroupId</AccountCode>
    <AccountRelation>Bakker1</AccountRelation>
    <Amount>1100.00</Amount>
    <ItemCode>Table</ItemCode>
    <ItemRelation>00017190</ItemRelation>
    <Percent1>0.00</Percent1>
    <Percent2>0.00</Percent2>
    <PriceUnit>1.00</PriceUnit>
    <QuantityAmountFrom>0.00</QuantityAmountFrom>
    <QuantityAmountTo>0.00</QuantityAmountTo>
    <Relation>PriceSales</Relation>
    <UnitId>PL</UnitId>
    <UnitOfPrice>kg</UnitOfPrice>
  </PriceDiscTable>
  <PriceDiscTable>
    <AccountCode>All</AccountCode>
    <AccountRelation>
    </AccountRelation>
    <Amount>14.00</Amount>
    <ItemCode>Table</ItemCode>
    <ItemRelation>00017190</ItemRelation>
    <Percent1>0.00</Percent1>
    <Percent2>0.00</Percent2>
    <PriceUnit>1.00</PriceUnit>
    <QuantityAmountFrom>0.00</QuantityAmountFrom>
    <QuantityAmountTo>0.00</QuantityAmountTo>
    <Relation>PriceSales</Relation>
    <UnitId>C/10KG</UnitId>
    <UnitOfPrice>kg</UnitOfPrice>
  </PriceDiscTable>
  <PriceDiscTable>
    <AccountCode>All</AccountCode>
    <AccountRelation>
    </AccountRelation>
    <Amount>0.00</Amount>
    <ItemCode>Table</ItemCode>
    <ItemRelation>00020500</ItemRelation>
    <Percent1>0.00</Percent1>
    <Percent2>0.00</Percent2>
    <PriceUnit>1.00</PriceUnit>
    <QuantityAmountFrom>0.00</QuantityAmountFrom>
    <QuantityAmountTo>0.00</QuantityAmountTo>
    <Relation>PriceSales</Relation>
    <ToDate>2154-12-31</ToDate>
    <UnitId>stk</UnitId>
    <UnitOfPrice>
    </UnitOfPrice>
  </PriceDiscTable>
  <PriceDiscTable>
    <AccountCode>All</AccountCode>
    <AccountRelation>
    </AccountRelation>
    <Amount>15.00</Amount>
    <FromDate>2016-01-01</FromDate>
    <ItemCode>Table</ItemCode>
    <ItemRelation>00020500</ItemRelation>
    <Percent1>0.00</Percent1>
    <Percent2>0.00</Percent2>
    <PriceUnit>1.00</PriceUnit>
    <QuantityAmountFrom>0.00</QuantityAmountFrom>
    <QuantityAmountTo>0.00</QuantityAmountTo>
    <Relation>PriceSales</Relation>
    <ToDate>2016-12-31</ToDate>
    <UnitId>stk</UnitId>
    <UnitOfPrice>STK</UnitOfPrice>
  </PriceDiscTable>
  <PriceDiscTable>
    <AccountCode>All</AccountCode>
    <AccountRelation>
    </AccountRelation>
    <Amount>3.80</Amount>
    <ItemCode>Table</ItemCode>
    <ItemRelation>00020519</ItemRelation>
    <Percent1>0.00</Percent1>
    <Percent2>0.00</Percent2>
    <PriceUnit>1.00</PriceUnit>
    <QuantityAmountFrom>0.00</QuantityAmountFrom>
    <QuantityAmountTo>0.00</QuantityAmountTo>
    <Relation>PriceSales</Relation>
    <ToDate>2154-12-31</ToDate>
    <UnitId>STK</UnitId>
    <UnitOfPrice>STK</UnitOfPrice>
  </PriceDiscTable>
  <PriceDiscTable>
    <AccountCode>Table</AccountCode>
    <AccountRelation>00690901</AccountRelation>
    <Amount>1.00</Amount>
    <ItemCode>Table</ItemCode>
    <ItemRelation>00021252</ItemRelation>
    <Percent1>0.00</Percent1>
    <Percent2>0.00</Percent2>
    <PriceUnit>1.00</PriceUnit>
    <QuantityAmountFrom>0.00</QuantityAmountFrom>
    <QuantityAmountTo>0.00</QuantityAmountTo>
    <Relation>PriceSales</Relation>
    <ToDate>2154-12-31</ToDate>
    <UnitId>PL</UnitId>
    <UnitOfPrice>
    </UnitOfPrice>
  </PriceDiscTable>
  <PriceDiscTable>
    <AccountCode>Table</AccountCode>
    <AccountRelation>00502151</AccountRelation>
    <Amount>100.00</Amount>
    <FromDate>2016-01-01</FromDate>
    <ItemCode>Table</ItemCode>
    <ItemRelation>00027307</ItemRelation>
    <Percent1>0.00</Percent1>
    <Percent2>0.00</Percent2>
    <PriceUnit>1.00</PriceUnit>
    <QuantityAmountFrom>0.00</QuantityAmountFrom>
    <QuantityAmountTo>50.00</QuantityAmountTo>
    <Relation>PriceSales</Relation>
    <UnitId>C/10X4ST</UnitId>
    <UnitOfPrice>kg</UnitOfPrice>
  </PriceDiscTable>
  <PriceDiscTable>
    <AccountCode>Table</AccountCode>
    <AccountRelation>00502151</AccountRelation>
    <Amount>80.00</Amount>
    <FromDate>2016-01-01</FromDate>
    <ItemCode>Table</ItemCode>
    <ItemRelation>00027307</ItemRelation>
    <Percent1>0.00</Percent1>
    <Percent2>0.00</Percent2>
    <PriceUnit>1.00</PriceUnit>
    <QuantityAmountFrom>50.00</QuantityAmountFrom>
    <QuantityAmountTo>0.00</QuantityAmountTo>
    <Relation>PriceSales</Relation>
    <UnitId>C/10X4ST</UnitId>
    <UnitOfPrice>kg</UnitOfPrice>
  </PriceDiscTable>
  <PriceDiscTable>
    <AccountCode>Table</AccountCode>
    <AccountRelation>00630301</AccountRelation>
    <Amount>40.00</Amount>
    <FromDate>2016-01-01</FromDate>
    <ItemCode>Table</ItemCode>
    <ItemRelation>00027307</ItemRelation>
    <Percent1>0.00</Percent1>
    <Percent2>0.00</Percent2>
    <PriceUnit>1.00</PriceUnit>
    <QuantityAmountFrom>0.00</QuantityAmountFrom>
    <QuantityAmountTo>0.00</QuantityAmountTo>
    <Relation>PriceSales</Relation>
    <ToDate>2016-12-31</ToDate>
    <UnitId>C/10X4ST</UnitId>
    <UnitOfPrice>kg</UnitOfPrice>
  </PriceDiscTable>
  <PriceDiscTable>
    <AccountCode>Table</AccountCode>
    <AccountRelation>02005615</AccountRelation>
    <Amount>40.00</Amount>
    <FromDate>2016-01-01</FromDate>
    <ItemCode>Table</ItemCode>
    <ItemRelation>00027307</ItemRelation>
    <Percent1>0.00</Percent1>
    <Percent2>0.00</Percent2>
    <PriceUnit>1.00</PriceUnit>
    <QuantityAmountFrom>0.00</QuantityAmountFrom>
    <QuantityAmountTo>20.00</QuantityAmountTo>
    <Relation>PriceSales</Relation>
    <ToDate>2016-12-31</ToDate>
    <UnitId>C/10X4ST</UnitId>
    <UnitOfPrice>kg</UnitOfPrice>
  </PriceDiscTable>
  <PriceDiscTable>
    <AccountCode>Table</AccountCode>
    <AccountRelation>02005615</AccountRelation>
    <Amount>38.00</Amount>
    <FromDate>2016-01-01</FromDate>
    <ItemCode>Table</ItemCode>
    <ItemRelation>00027307</ItemRelation>
    <Percent1>0.00</Percent1>
    <Percent2>0.00</Percent2>
    <PriceUnit>1.00</PriceUnit>
    <QuantityAmountFrom>20.00</QuantityAmountFrom>
    <QuantityAmountTo>40.00</QuantityAmountTo>
    <Relation>PriceSales</Relation>
    <ToDate>2016-12-31</ToDate>
    <UnitId>C/10X4ST</UnitId>
    <UnitOfPrice>kg</UnitOfPrice>
  </PriceDiscTable>
  <PriceDiscTable>
    <AccountCode>Table</AccountCode>
    <AccountRelation>02005615</AccountRelation>
    <Amount>36.00</Amount>
    <FromDate>2016-01-01</FromDate>
    <ItemCode>Table</ItemCode>
    <ItemRelation>00027307</ItemRelation>
    <Percent1>0.00</Percent1>
    <Percent2>0.00</Percent2>
    <PriceUnit>1.00</PriceUnit>
    <QuantityAmountFrom>40.00</QuantityAmountFrom>
    <QuantityAmountTo>60.00</QuantityAmountTo>
    <Relation>PriceSales</Relation>
    <ToDate>2016-12-31</ToDate>
    <UnitId>C/10X4ST</UnitId>
    <UnitOfPrice>kg</UnitOfPrice>
  </PriceDiscTable>
  <PriceDiscTable>
    <AccountCode>Table</AccountCode>
    <AccountRelation>02005615</AccountRelation>
    <Amount>35.00</Amount>
    <FromDate>2016-01-01</FromDate>
    <ItemCode>Table</ItemCode>
    <ItemRelation>00027307</ItemRelation>
    <Percent1>0.00</Percent1>
    <Percent2>0.00</Percent2>
    <PriceUnit>1.00</PriceUnit>
    <QuantityAmountFrom>60.00</QuantityAmountFrom>
    <QuantityAmountTo>0.00</QuantityAmountTo>
    <Relation>PriceSales</Relation>
    <ToDate>2016-12-31</ToDate>
    <UnitId>C/10X4ST</UnitId>
    <UnitOfPrice>kg</UnitOfPrice>
  </PriceDiscTable>
  <PriceDiscTable>
    <AccountCode>Table</AccountCode>
    <AccountRelation>02005616</AccountRelation>
    <Amount>100.00</Amount>
    <FromDate>2016-01-01</FromDate>
    <ItemCode>Table</ItemCode>
    <ItemRelation>00027307</ItemRelation>
    <Percent1>0.00</Percent1>
    <Percent2>0.00</Percent2>
    <PriceUnit>1.00</PriceUnit>
    <QuantityAmountFrom>0.00</QuantityAmountFrom>
    <QuantityAmountTo>50.00</QuantityAmountTo>
    <Relation>PriceSales</Relation>
    <UnitId>C/10X4ST</UnitId>
    <UnitOfPrice>kg</UnitOfPrice>
  </PriceDiscTable>
  <PriceDiscTable>
    <AccountCode>Table</AccountCode>
    <AccountRelation>02005616</AccountRelation>
    <Amount>80.00</Amount>
    <FromDate>2016-01-01</FromDate>
    <ItemCode>Table</ItemCode>
    <ItemRelation>00027307</ItemRelation>
    <Percent1>0.00</Percent1>
    <Percent2>0.00</Percent2>
    <PriceUnit>1.00</PriceUnit>
    <QuantityAmountFrom>50.00</QuantityAmountFrom>
    <QuantityAmountTo>0.00</QuantityAmountTo>
    <Relation>PriceSales</Relation>
    <UnitId>C/10X4ST</UnitId>
    <UnitOfPrice>kg</UnitOfPrice>
  </PriceDiscTable>
  <PriceDiscTable>
    <AccountCode>GroupId</AccountCode>
    <AccountRelation>Bakker1</AccountRelation>
    <Amount>40.00</Amount>
    <ItemCode>Table</ItemCode>
    <ItemRelation>00027307</ItemRelation>
    <Percent1>0.00</Percent1>
    <Percent2>0.00</Percent2>
    <PriceUnit>1.00</PriceUnit>
    <QuantityAmountFrom>0.00</QuantityAmountFrom>
    <QuantityAmountTo>0.00</QuantityAmountTo>
    <Relation>PriceSales</Relation>
    <UnitId>C/10X4ST</UnitId>
    <UnitOfPrice>kg</UnitOfPrice>
  </PriceDiscTable>
  <PriceDiscTable>
    <AccountCode>GroupId</AccountCode>
    <AccountRelation>Bakker1</AccountRelation>
    <Amount>39.95</Amount>
    <ItemCode>Table</ItemCode>
    <ItemRelation>00027307</ItemRelation>
    <Percent1>0.00</Percent1>
    <Percent2>0.00</Percent2>
    <PriceUnit>1.00</PriceUnit>
    <QuantityAmountFrom>0.00</QuantityAmountFrom>
    <QuantityAmountTo>0.00</QuantityAmountTo>
    <Relation>PriceSales</Relation>
    <UnitId>C/10X4ST</UnitId>
    <UnitOfPrice>kg</UnitOfPrice>
  </PriceDiscTable>
  <PriceDiscTable>
    <AccountCode>GroupId</AccountCode>
    <AccountRelation>Grossier1</AccountRelation>
    <Amount>34.56</Amount>
    <FromDate>2016-01-01</FromDate>
    <ItemCode>Table</ItemCode>
    <ItemRelation>00027307</ItemRelation>
    <Percent1>0.00</Percent1>
    <Percent2>0.00</Percent2>
    <PriceUnit>1.00</PriceUnit>
    <QuantityAmountFrom>0.00</QuantityAmountFrom>
    <QuantityAmountTo>0.00</QuantityAmountTo>
    <Relation>PriceSales</Relation>
    <ToDate>2016-12-31</ToDate>
    <UnitId>C/10X4ST</UnitId>
    <UnitOfPrice>kg</UnitOfPrice>
  </PriceDiscTable>
  <PriceDiscTable>
    <AccountCode>GroupId</AccountCode>
    <AccountRelation>Industrie1</AccountRelation>
    <Amount>43.20</Amount>
    <FromDate>2016-01-01</FromDate>
    <ItemCode>Table</ItemCode>
    <ItemRelation>00027307</ItemRelation>
    <Percent1>0.00</Percent1>
    <Percent2>0.00</Percent2>
    <PriceUnit>1.00</PriceUnit>
    <QuantityAmountFrom>0.00</QuantityAmountFrom>
    <QuantityAmountTo>0.00</QuantityAmountTo>
    <Relation>PriceSales</Relation>
    <ToDate>2016-12-31</ToDate>
    <UnitId>C/10X4ST</UnitId>
    <UnitOfPrice>kg</UnitOfPrice>
  </PriceDiscTable>
  <PriceDiscTable>
    <AccountCode>All</AccountCode>
    <AccountRelation>
    </AccountRelation>
    <Amount>38.00</Amount>
    <ItemCode>Table</ItemCode>
    <ItemRelation>00027307</ItemRelation>
    <Percent1>0.00</Percent1>
    <Percent2>0.00</Percent2>
    <PriceUnit>1.00</PriceUnit>
    <QuantityAmountFrom>0.00</QuantityAmountFrom>
    <QuantityAmountTo>0.00</QuantityAmountTo>
    <Relation>PriceSales</Relation>
    <UnitId>C/10X4ST</UnitId>
    <UnitOfPrice>kg</UnitOfPrice>
  </PriceDiscTable>
  <PriceDiscTable>
    <AccountCode>Table</AccountCode>
    <AccountRelation>00630301</AccountRelation>
    <Amount>44.00</Amount>
    <FromDate>2016-01-01</FromDate>
    <ItemCode>Table</ItemCode>
    <ItemRelation>00027315</ItemRelation>
    <Percent1>0.00</Percent1>
    <Percent2>0.00</Percent2>
    <PriceUnit>1.00</PriceUnit>
    <QuantityAmountFrom>0.00</QuantityAmountFrom>
    <QuantityAmountTo>0.00</QuantityAmountTo>
    <Relation>PriceSales</Relation>
    <ToDate>2016-12-31</ToDate>
    <UnitId>C/4X21ST</UnitId>
    <UnitOfPrice>Doos</UnitOfPrice>
  </PriceDiscTable>
  <PriceDiscTable>
    <AccountCode>All</AccountCode>
    <AccountRelation>
    </AccountRelation>
    <Amount>50.00</Amount>
    <ItemCode>Table</ItemCode>
    <ItemRelation>00027315</ItemRelation>
    <Percent1>0.00</Percent1>
    <Percent2>0.00</Percent2>
    <PriceUnit>1.00</PriceUnit>
    <QuantityAmountFrom>0.00</QuantityAmountFrom>
    <QuantityAmountTo>0.00</QuantityAmountTo>
    <Relation>PriceSales</Relation>
    <UnitId>C/4X21ST</UnitId>
    <UnitOfPrice>Doos</UnitOfPrice>
  </PriceDiscTable>
  <PriceDiscTable>
    <AccountCode>All</AccountCode>
    <AccountRelation>
    </AccountRelation>
    <Amount>60.00</Amount>
    <ItemCode>Table</ItemCode>
    <ItemRelation>00038330</ItemRelation>
    <Percent1>0.00</Percent1>
    <Percent2>0.00</Percent2>
    <PriceUnit>1.00</PriceUnit>
    <QuantityAmountFrom>0.00</QuantityAmountFrom>
    <QuantityAmountTo>0.00</QuantityAmountTo>
    <Relation>PriceSales</Relation>
    <ToDate>2154-12-31</ToDate>
    <UnitId>kg</UnitId>
    <UnitOfPrice>
    </UnitOfPrice>
  </PriceDiscTable>
  <PriceDiscTable>
    <AccountCode>All</AccountCode>
    <AccountRelation>
    </AccountRelation>
    <Amount>15.00</Amount>
    <ItemCode>Table</ItemCode>
    <ItemRelation>01234</ItemRelation>
    <Percent1>0.00</Percent1>
    <Percent2>0.00</Percent2>
    <PriceUnit>1.00</PriceUnit>
    <QuantityAmountFrom>0.00</QuantityAmountFrom>
    <QuantityAmountTo>0.00</QuantityAmountTo>
    <Relation>PriceSales</Relation>
    <ToDate>2154-12-31</ToDate>
    <UnitId>stk</UnitId>
    <UnitOfPrice>
    </UnitOfPrice>
  </PriceDiscTable>
  <PriceDiscTable>
    <AccountCode>Table</AccountCode>
    <AccountRelation>000001240</AccountRelation>
    <Amount>100.00</Amount>
    <ItemCode>Table</ItemCode>
    <ItemRelation>20500</ItemRelation>
    <Percent1>0.00</Percent1>
    <Percent2>0.00</Percent2>
    <PriceUnit>1.00</PriceUnit>
    <QuantityAmountFrom>0.00</QuantityAmountFrom>
    <QuantityAmountTo>0.00</QuantityAmountTo>
    <Relation>PriceSales</Relation>
    <ToDate>2154-12-31</ToDate>
    <UnitId>STK</UnitId>
    <UnitOfPrice>
    </UnitOfPrice>
  </PriceDiscTable>
  <PriceDiscTable>
    <AccountCode>Table</AccountCode>
    <AccountRelation>000001240</AccountRelation>
    <Amount>1000.00</Amount>
    <ItemCode>Table</ItemCode>
    <ItemRelation>20519</ItemRelation>
    <Percent1>0.00</Percent1>
    <Percent2>0.00</Percent2>
    <PriceUnit>1.00</PriceUnit>
    <QuantityAmountFrom>0.00</QuantityAmountFrom>
    <QuantityAmountTo>0.00</QuantityAmountTo>
    <Relation>PriceSales</Relation>
    <ToDate>2154-12-31</ToDate>
    <UnitId>sTK</UnitId>
    <UnitOfPrice>
    </UnitOfPrice>
  </PriceDiscTable>
  <PriceDiscTable>
    <AccountCode>Table</AccountCode>
    <AccountRelation>000001240</AccountRelation>
    <Amount>100.00</Amount>
    <ItemCode>Table</ItemCode>
    <ItemRelation>20519</ItemRelation>
    <Percent1>0.00</Percent1>
    <Percent2>0.00</Percent2>
    <PriceUnit>1.00</PriceUnit>
    <QuantityAmountFrom>0.00</QuantityAmountFrom>
    <QuantityAmountTo>0.00</QuantityAmountTo>
    <Relation>PriceSales</Relation>
    <ToDate>2154-12-31</ToDate>
    <UnitId>sTK</UnitId>
    <UnitOfPrice>
    </UnitOfPrice>
  </PriceDiscTable>
  <PriceDiscTable>
    <AccountCode>GroupId</AccountCode>
    <AccountRelation>Bakker1</AccountRelation>
    <Amount>100.00</Amount>
    <ItemCode>Table</ItemCode>
    <ItemRelation>20519</ItemRelation>
    <Percent1>0.00</Percent1>
    <Percent2>0.00</Percent2>
    <PriceUnit>1.00</PriceUnit>
    <QuantityAmountFrom>0.00</QuantityAmountFrom>
    <QuantityAmountTo>0.00</QuantityAmountTo>
    <Relation>PriceSales</Relation>
    <ToDate>2154-12-31</ToDate>
    <UnitId>sTK</UnitId>
    <UnitOfPrice>
    </UnitOfPrice>
  </PriceDiscTable>
  <PriceDiscTable>
    <AccountCode>All</AccountCode>
    <AccountRelation>
    </AccountRelation>
    <Amount>1.00</Amount>
    <ItemCode>Table</ItemCode>
    <ItemRelation>AUP001</ItemRelation>
    <Percent1>0.00</Percent1>
    <Percent2>0.00</Percent2>
    <PriceUnit>1.00</PriceUnit>
    <QuantityAmountFrom>0.00</QuantityAmountFrom>
    <QuantityAmountTo>0.00</QuantityAmountTo>
    <Relation>PriceSales</Relation>
    <ToDate>2154-12-31</ToDate>
    <UnitId>STK</UnitId>
    <UnitOfPrice>
    </UnitOfPrice>
  </PriceDiscTable>
  <PriceDiscTable>
    <AccountCode>All</AccountCode>
    <AccountRelation>
    </AccountRelation>
    <Amount>1.00</Amount>
    <ItemCode>Table</ItemCode>
    <ItemRelation>AUP002</ItemRelation>
    <Percent1>0.00</Percent1>
    <Percent2>0.00</Percent2>
    <PriceUnit>1.00</PriceUnit>
    <QuantityAmountFrom>0.00</QuantityAmountFrom>
    <QuantityAmountTo>0.00</QuantityAmountTo>
    <Relation>PriceSales</Relation>
    <ToDate>2154-12-31</ToDate>
    <UnitId>STK</UnitId>
    <UnitOfPrice>
    </UnitOfPrice>
  </PriceDiscTable>
  <PriceDiscTable>
    <AccountCode>All</AccountCode>
    <AccountRelation>
    </AccountRelation>
    <Amount>1.00</Amount>
    <ItemCode>Table</ItemCode>
    <ItemRelation>AUP003</ItemRelation>
    <Percent1>0.00</Percent1>
    <Percent2>0.00</Percent2>
    <PriceUnit>1.00</PriceUnit>
    <QuantityAmountFrom>0.00</QuantityAmountFrom>
    <QuantityAmountTo>0.00</QuantityAmountTo>
    <Relation>PriceSales</Relation>
    <ToDate>2154-12-31</ToDate>
    <UnitId>STK</UnitId>
    <UnitOfPrice>
    </UnitOfPrice>
  </PriceDiscTable>
  <PriceDiscTable>
    <AccountCode>All</AccountCode>
    <AccountRelation>
    </AccountRelation>
    <Amount>0.00</Amount>
    <ItemCode>Table</ItemCode>
    <ItemRelation>GVZ002</ItemRelation>
    <Percent1>0.00</Percent1>
    <Percent2>0.00</Percent2>
    <PriceUnit>1.00</PriceUnit>
    <QuantityAmountFrom>0.00</QuantityAmountFrom>
    <QuantityAmountTo>0.00</QuantityAmountTo>
    <Relation>PriceSales</Relation>
    <ToDate>2154-12-31</ToDate>
    <UnitId>t</UnitId>
    <UnitOfPrice>
    </UnitOfPrice>
  </PriceDiscTable>
  <PriceDiscTable>
    <AccountCode>GroupId</AccountCode>
    <AccountRelation>Bakker1</AccountRelation>
    <Amount>4.00</Amount>
    <ItemCode>Table</ItemCode>
    <ItemRelation>PRODPOS</ItemRelation>
    <Percent1>0.00</Percent1>
    <Percent2>0.00</Percent2>
    <PriceUnit>1.00</PriceUnit>
    <QuantityAmountFrom>0.00</QuantityAmountFrom>
    <QuantityAmountTo>0.00</QuantityAmountTo>
    <Relation>PriceSales</Relation>
    <ToDate>2154-12-31</ToDate>
    <UnitId>stk</UnitId>
    <UnitOfPrice>
    </UnitOfPrice>
  </PriceDiscTable>
  <PriceDiscTable>
    <AccountCode>Table</AccountCode>
    <AccountRelation>00102311</AccountRelation>
    <Amount>0.15</Amount>
    <ItemCode>Table</ItemCode>
    <ItemRelation>SCI001</ItemRelation>
    <Percent1>0.00</Percent1>
    <Percent2>0.00</Percent2>
    <PriceUnit>1.00</PriceUnit>
    <QuantityAmountFrom>0.00</QuantityAmountFrom>
    <QuantityAmountTo>0.00</QuantityAmountTo>
    <Relation>PriceSales</Relation>
    <ToDate>2154-12-31</ToDate>
    <UnitId>C/12,5KG</UnitId>
    <UnitOfPrice>kg</UnitOfPrice>
  </PriceDiscTable>
  <PriceDiscTable>
    <AccountCode>All</AccountCode>
    <AccountRelation>
    </AccountRelation>
    <Amount>5.00</Amount>
    <ItemCode>Table</ItemCode>
    <ItemRelation>SCI001</ItemRelation>
    <Percent1>0.00</Percent1>
    <Percent2>0.00</Percent2>
    <PriceUnit>1.00</PriceUnit>
    <QuantityAmountFrom>0.00</QuantityAmountFrom>
    <QuantityAmountTo>0.00</QuantityAmountTo>
    <Relation>PriceSales</Relation>
    <ToDate>2154-12-31</ToDate>
    <UnitId>C/12,5KG</UnitId>
    <UnitOfPrice>
    </UnitOfPrice>
  </PriceDiscTable>
  <PriceDiscTable>
    <AccountCode>All</AccountCode>
    <AccountRelation>
    </AccountRelation>
    <Amount>4.50</Amount>
    <ItemCode>Table</ItemCode>
    <ItemRelation>SCI002</ItemRelation>
    <Percent1>0.00</Percent1>
    <Percent2>0.00</Percent2>
    <PriceUnit>1.00</PriceUnit>
    <QuantityAmountFrom>0.00</QuantityAmountFrom>
    <QuantityAmountTo>0.00</QuantityAmountTo>
    <Relation>PriceSales</Relation>
    <ToDate>2154-12-31</ToDate>
    <UnitId>C/12,5KG</UnitId>
    <UnitOfPrice>
    </UnitOfPrice>
  </PriceDiscTable>
  <PriceDiscTable>
    <AccountCode>All</AccountCode>
    <AccountRelation>
    </AccountRelation>
    <Amount>5.60</Amount>
    <ItemCode>Table</ItemCode>
    <ItemRelation>SCI003</ItemRelation>
    <Percent1>0.00</Percent1>
    <Percent2>0.00</Percent2>
    <PriceUnit>1.00</PriceUnit>
    <QuantityAmountFrom>0.00</QuantityAmountFrom>
    <QuantityAmountTo>0.00</QuantityAmountTo>
    <Relation>PriceSales</Relation>
    <ToDate>2154-12-31</ToDate>
    <UnitId>C/6X25CL</UnitId>
    <UnitOfPrice>
    </UnitOfPrice>
  </PriceDiscTable>
  <PriceDiscTable>
    <AccountCode>All</AccountCode>
    <AccountRelation>
    </AccountRelation>
    <Amount>6.90</Amount>
    <ItemCode>Table</ItemCode>
    <ItemRelation>SCI004</ItemRelation>
    <Percent1>0.00</Percent1>
    <Percent2>0.00</Percent2>
    <PriceUnit>1.00</PriceUnit>
    <QuantityAmountFrom>0.00</QuantityAmountFrom>
    <QuantityAmountTo>0.00</QuantityAmountTo>
    <Relation>PriceSales</Relation>
    <ToDate>2154-12-31</ToDate>
    <UnitId>C/10X4ST</UnitId>
    <UnitOfPrice>
    </UnitOfPrice>
  </PriceDiscTable>
  <PriceDiscTable>
    <AccountCode>All</AccountCode>
    <AccountRelation>
    </AccountRelation>
    <Amount>15.00</Amount>
    <ItemCode>Table</ItemCode>
    <ItemRelation>SCI005</ItemRelation>
    <Percent1>0.00</Percent1>
    <Percent2>0.00</Percent2>
    <PriceUnit>1.00</PriceUnit>
    <QuantityAmountFrom>0.00</QuantityAmountFrom>
    <QuantityAmountTo>0.00</QuantityAmountTo>
    <Relation>PriceSales</Relation>
    <ToDate>2154-12-31</ToDate>
    <UnitId>Doos</UnitId>
    <UnitOfPrice>
    </UnitOfPrice>
  </PriceDiscTable>
  <PriceDiscTable>
    <AccountCode>All</AccountCode>
    <AccountRelation>
    </AccountRelation>
    <Amount>5.00</Amount>
    <ItemCode>Table</ItemCode>
    <ItemRelation>SCI006</ItemRelation>
    <Percent1>0.00</Percent1>
    <Percent2>0.00</Percent2>
    <PriceUnit>1.00</PriceUnit>
    <QuantityAmountFrom>0.00</QuantityAmountFrom>
    <QuantityAmountTo>0.00</QuantityAmountTo>
    <Relation>PriceSales</Relation>
    <ToDate>2154-12-31</ToDate>
    <UnitId>doos</UnitId>
    <UnitOfPrice>
    </UnitOfPrice>
  </PriceDiscTable>
  <PriceDiscTable>
    <AccountCode>All</AccountCode>
    <AccountRelation>
    </AccountRelation>
    <Amount>6.00</Amount>
    <ItemCode>Table</ItemCode>
    <ItemRelation>VDP_Rozijn02</ItemRelation>
    <Percent1>0.00</Percent1>
    <Percent2>0.00</Percent2>
    <PriceUnit>1.00</PriceUnit>
    <QuantityAmountFrom>0.00</QuantityAmountFrom>
    <QuantityAmountTo>0.00</QuantityAmountTo>
    <Relation>PriceSales</Relation>
    <ToDate>2154-12-31</ToDate>
    <UnitId>Doos</UnitId>
    <UnitOfPrice>
    </UnitOfPrice>
  </PriceDiscTable>
  <PriceDiscTable>
    <AccountCode>Table</AccountCode>
    <AccountRelation>000006</AccountRelation>
    <Amount>0.00</Amount>
    <ItemCode>Table</ItemCode>
    <ItemRelation>00002245</ItemRelation>
    <Percent1>15.00</Percent1>
    <Percent2>0.00</Percent2>
    <PriceUnit>1.00</PriceUnit>
    <QuantityAmountFrom>0.00</QuantityAmountFrom>
    <QuantityAmountTo>0.00</QuantityAmountTo>
    <Relation>LineDiscSales</Relation>
    <UnitId>C/12,5KG</UnitId>
    <UnitOfPrice>kg</UnitOfPrice>
  </PriceDiscTable>
  <PriceDiscTable>
    <AccountCode>Table</AccountCode>
    <AccountRelation>000006</AccountRelation>
    <Amount>0.00</Amount>
    <ItemCode>Table</ItemCode>
    <ItemRelation>00002245</ItemRelation>
    <Percent1>5.00</Percent1>
    <Percent2>0.00</Percent2>
    <PriceUnit>1.00</PriceUnit>
    <QuantityAmountFrom>0.00</QuantityAmountFrom>
    <QuantityAmountTo>0.00</QuantityAmountTo>
    <Relation>LineDiscSales</Relation>
    <UnitId>C/12,5KG</UnitId>
    <UnitOfPrice>kg</UnitOfPrice>
  </PriceDiscTable>
  <PriceDiscTable>
    <AccountCode>All</AccountCode>
    <AccountRelation>
    </AccountRelation>
    <Amount>0.00</Amount>
    <ItemCode>Table</ItemCode>
    <ItemRelation>00010148</ItemRelation>
    <Percent1>5.00</Percent1>
    <Percent2>0.00</Percent2>
    <PriceUnit>1.00</PriceUnit>
    <QuantityAmountFrom>0.00</QuantityAmountFrom>
    <QuantityAmountTo>0.00</QuantityAmountTo>
    <Relation>LineDiscSales</Relation>
    <ToDate>2154-12-31</ToDate>
    <UnitId>stk</UnitId>
    <UnitOfPrice>
    </UnitOfPrice>
  </PriceDiscTable>
  <PriceDiscTable>
    <AccountCode>Table</AccountCode>
    <AccountRelation>00690901</AccountRelation>
    <Amount>1.50</Amount>
    <ItemCode>Table</ItemCode>
    <ItemRelation>00017190</ItemRelation>
    <Percent1>0.00</Percent1>
    <Percent2>0.00</Percent2>
    <PriceUnit>1.00</PriceUnit>
    <QuantityAmountFrom>0.00</QuantityAmountFrom>
    <QuantityAmountTo>0.00</QuantityAmountTo>
    <Relation>LineDiscSales</Relation>
    <UnitId>C/10KG</UnitId>
    <UnitOfPrice>kg</UnitOfPrice>
  </PriceDiscTable>
  <PriceDiscTable>
    <AccountCode>GroupId</AccountCode>
    <AccountRelation>Ranson</AccountRelation>
    <Amount>0.00</Amount>
    <ItemCode>Table</ItemCode>
    <ItemRelation>00017190</ItemRelation>
    <Percent1>2.00</Percent1>
    <Percent2>0.00</Percent2>
    <PriceUnit>1.00</PriceUnit>
    <QuantityAmountFrom>0.00</QuantityAmountFrom>
    <QuantityAmountTo>0.00</QuantityAmountTo>
    <Relation>LineDiscSales</Relation>
    <UnitId>C/10KG</UnitId>
    <UnitOfPrice>kg</UnitOfPrice>
  </PriceDiscTable>
  <PriceDiscTable>
    <AccountCode>All</AccountCode>
    <AccountRelation>
    </AccountRelation>
    <Amount>0.00</Amount>
    <ItemCode>Table</ItemCode>
    <ItemRelation>00017190</ItemRelation>
    <Percent1>3.00</Percent1>
    <Percent2>0.00</Percent2>
    <PriceUnit>1.00</PriceUnit>
    <QuantityAmountFrom>0.00</QuantityAmountFrom>
    <QuantityAmountTo>0.00</QuantityAmountTo>
    <Relation>LineDiscSales</Relation>
    <UnitId>C/10KG</UnitId>
    <UnitOfPrice>kg</UnitOfPrice>
  </PriceDiscTable>
  <PriceDiscTable>
    <AccountCode>All</AccountCode>
    <AccountRelation>
    </AccountRelation>
    <Amount>0.00</Amount>
    <ItemCode>Table</ItemCode>
    <ItemRelation>00021252</ItemRelation>
    <Percent1>8.00</Percent1>
    <Percent2>0.00</Percent2>
    <PriceUnit>1.00</PriceUnit>
    <QuantityAmountFrom>0.00</QuantityAmountFrom>
    <QuantityAmountTo>0.00</QuantityAmountTo>
    <Relation>LineDiscSales</Relation>
    <ToDate>2154-12-31</ToDate>
    <UnitId>PL</UnitId>
    <UnitOfPrice>
    </UnitOfPrice>
  </PriceDiscTable>
  <PriceDiscTable>
    <AccountCode>Table</AccountCode>
    <AccountRelation>00502151</AccountRelation>
    <Amount>0.00</Amount>
    <ItemCode>Table</ItemCode>
    <ItemRelation>00027307</ItemRelation>
    <Percent1>10.00</Percent1>
    <Percent2>0.00</Percent2>
    <PriceUnit>1.00</PriceUnit>
    <QuantityAmountFrom>0.00</QuantityAmountFrom>
    <QuantityAmountTo>50.00</QuantityAmountTo>
    <Relation>LineDiscSales</Relation>
    <UnitId>C/10X4ST</UnitId>
    <UnitOfPrice>Doos</UnitOfPrice>
  </PriceDiscTable>
  <PriceDiscTable>
    <AccountCode>Table</AccountCode>
    <AccountRelation>00502151</AccountRelation>
    <Amount>0.00</Amount>
    <ItemCode>Table</ItemCode>
    <ItemRelation>00027307</ItemRelation>
    <Percent1>15.00</Percent1>
    <Percent2>0.00</Percent2>
    <PriceUnit>1.00</PriceUnit>
    <QuantityAmountFrom>50.00</QuantityAmountFrom>
    <QuantityAmountTo>0.00</QuantityAmountTo>
    <Relation>LineDiscSales</Relation>
    <UnitId>C/10X4ST</UnitId>
    <UnitOfPrice>Doos</UnitOfPrice>
  </PriceDiscTable>
  <PriceDiscTable>
    <AccountCode>Table</AccountCode>
    <AccountRelation>02005616</AccountRelation>
    <Amount>0.00</Amount>
    <FromDate>2016-01-01</FromDate>
    <ItemCode>Table</ItemCode>
    <ItemRelation>00027307</ItemRelation>
    <Percent1>10.00</Percent1>
    <Percent2>0.00</Percent2>
    <PriceUnit>1.00</PriceUnit>
    <QuantityAmountFrom>0.00</QuantityAmountFrom>
    <QuantityAmountTo>50.00</QuantityAmountTo>
    <Relation>LineDiscSales</Relation>
    <UnitId>C/10X4ST</UnitId>
    <UnitOfPrice>Doos</UnitOfPrice>
  </PriceDiscTable>
  <PriceDiscTable>
    <AccountCode>Table</AccountCode>
    <AccountRelation>02005616</AccountRelation>
    <Amount>0.00</Amount>
    <FromDate>2016-01-01</FromDate>
    <ItemCode>Table</ItemCode>
    <ItemRelation>00027307</ItemRelation>
    <Percent1>15.00</Percent1>
    <Percent2>0.00</Percent2>
    <PriceUnit>1.00</PriceUnit>
    <QuantityAmountFrom>50.00</QuantityAmountFrom>
    <QuantityAmountTo>0.00</QuantityAmountTo>
    <Relation>LineDiscSales</Relation>
    <UnitId>C/10X4ST</UnitId>
    <UnitOfPrice>Doos</UnitOfPrice>
  </PriceDiscTable>
  <PriceDiscTable>
    <AccountCode>Table</AccountCode>
    <AccountRelation>00630301</AccountRelation>
    <Amount>0.00</Amount>
    <FromDate>2016-01-01</FromDate>
    <ItemCode>Table</ItemCode>
    <ItemRelation>00027315</ItemRelation>
    <Percent1>10.00</Percent1>
    <Percent2>0.00</Percent2>
    <PriceUnit>1.00</PriceUnit>
    <QuantityAmountFrom>0.00</QuantityAmountFrom>
    <QuantityAmountTo>0.00</QuantityAmountTo>
    <Relation>LineDiscSales</Relation>
    <ToDate>2016-12-31</ToDate>
    <UnitId>C/4X21ST</UnitId>
    <UnitOfPrice>Doos</UnitOfPrice>
  </PriceDiscTable>
  <PriceDiscTable>
    <AccountCode>All</AccountCode>
    <AccountRelation>
    </AccountRelation>
    <Amount>0.00</Amount>
    <ItemCode>Table</ItemCode>
    <ItemRelation>00027315</ItemRelation>
    <Percent1>2.00</Percent1>
    <Percent2>0.00</Percent2>
    <PriceUnit>1.00</PriceUnit>
    <QuantityAmountFrom>0.00</QuantityAmountFrom>
    <QuantityAmountTo>0.00</QuantityAmountTo>
    <Relation>LineDiscSales</Relation>
    <ToDate>2154-12-31</ToDate>
    <UnitId>C/4X21ST</UnitId>
    <UnitOfPrice>Doos</UnitOfPrice>
  </PriceDiscTable>
  <PriceDiscTable>
    <AccountCode>All</AccountCode>
    <AccountRelation>
    </AccountRelation>
    <Amount>0.00</Amount>
    <ItemCode>Table</ItemCode>
    <ItemRelation>00027315</ItemRelation>
    <Percent1>5.00</Percent1>
    <Percent2>0.00</Percent2>
    <PriceUnit>1.00</PriceUnit>
    <QuantityAmountFrom>0.00</QuantityAmountFrom>
    <QuantityAmountTo>0.00</QuantityAmountTo>
    <Relation>LineDiscSales</Relation>
    <ToDate>2154-12-31</ToDate>
    <UnitId>C/4X21ST</UnitId>
    <UnitOfPrice>
    </UnitOfPrice>
  </PriceDiscTable>
  <PriceDiscTable>
    <AccountCode>Table</AccountCode>
    <AccountRelation>000001240</AccountRelation>
    <Amount>0.00</Amount>
    <FromDate>2016-05-25</FromDate>
    <ItemCode>Table</ItemCode>
    <ItemRelation>A000001001</ItemRelation>
    <Percent1>5.00</Percent1>
    <Percent2>0.00</Percent2>
    <PriceUnit>1.00</PriceUnit>
    <QuantityAmountFrom>0.00</QuantityAmountFrom>
    <QuantityAmountTo>0.00</QuantityAmountTo>
    <Relation>LineDiscSales</Relation>
    <ToDate>2017-03-31</ToDate>
    <UnitId>kg</UnitId>
    <UnitOfPrice>
    </UnitOfPrice>
  </PriceDiscTable>
  <PriceDiscTable>
    <AccountCode>All</AccountCode>
    <AccountRelation>
    </AccountRelation>
    <Amount>0.00</Amount>
    <ItemCode>Table</ItemCode>
    <ItemRelation>SCI005</ItemRelation>
    <Percent1>2.50</Percent1>
    <Percent2>3.00</Percent2>
    <PriceUnit>1.00</PriceUnit>
    <QuantityAmountFrom>0.00</QuantityAmountFrom>
    <QuantityAmountTo>0.00</QuantityAmountTo>
    <Relation>LineDiscSales</Relation>
    <ToDate>2154-12-31</ToDate>
    <UnitId>Doos</UnitId>
    <UnitOfPrice>
    </UnitOfPrice>
  </PriceDiscTable>
  <PriceDiscTable>
    <AccountCode>Table</AccountCode>
    <AccountRelation>000006</AccountRelation>
    <Amount>0.00</Amount>
    <ItemCode>GroupId</ItemCode>
    <ItemRelation>BLIKFRUIT</ItemRelation>
    <Percent1>4.00</Percent1>
    <Percent2>0.00</Percent2>
    <PriceUnit>1.00</PriceUnit>
    <QuantityAmountFrom>0.00</QuantityAmountFrom>
    <QuantityAmountTo>0.00</QuantityAmountTo>
    <Relation>LineDiscSales</Relation>
    <UnitId>
    </UnitId>
    <UnitOfPrice>
    </UnitOfPrice>
  </PriceDiscTable>
  <PriceDiscTable>
    <AccountCode>Table</AccountCode>
    <AccountRelation>00690901</AccountRelation>
    <Amount>2.00</Amount>
    <ItemCode>GroupId</ItemCode>
    <ItemRelation>BLIKFRUIT</ItemRelation>
    <Percent1>0.00</Percent1>
    <Percent2>0.00</Percent2>
    <PriceUnit>1.00</PriceUnit>
    <QuantityAmountFrom>0.00</QuantityAmountFrom>
    <QuantityAmountTo>0.00</QuantityAmountTo>
    <Relation>LineDiscSales</Relation>
    <UnitId>
    </UnitId>
    <UnitOfPrice>
    </UnitOfPrice>
  </PriceDiscTable>
  <PriceDiscTable>
    <AccountCode>GroupId</AccountCode>
    <AccountRelation>Ranson</AccountRelation>
    <Amount>0.00</Amount>
    <ItemCode>GroupId</ItemCode>
    <ItemRelation>BLIKFRUIT</ItemRelation>
    <Percent1>5.00</Percent1>
    <Percent2>0.00</Percent2>
    <PriceUnit>1.00</PriceUnit>
    <QuantityAmountFrom>0.00</QuantityAmountFrom>
    <QuantityAmountTo>0.00</QuantityAmountTo>
    <Relation>LineDiscSales</Relation>
    <UnitId>
    </UnitId>
    <UnitOfPrice>
    </UnitOfPrice>
  </PriceDiscTable>
  <PriceDiscTable>
    <AccountCode>All</AccountCode>
    <AccountRelation>
    </AccountRelation>
    <Amount>0.00</Amount>
    <ItemCode>GroupId</ItemCode>
    <ItemRelation>BLIKFRUIT</ItemRelation>
    <Percent1>6.00</Percent1>
    <Percent2>0.00</Percent2>
    <PriceUnit>1.00</PriceUnit>
    <QuantityAmountFrom>0.00</QuantityAmountFrom>
    <QuantityAmountTo>0.00</QuantityAmountTo>
    <Relation>LineDiscSales</Relation>
    <UnitId>
    </UnitId>
    <UnitOfPrice>
    </UnitOfPrice>
  </PriceDiscTable>
</Prices>