﻿<?xml version="1.0" encoding="utf-8"?>
<Customers>
  <CustTable>
    <AccountNum>000001240</AccountNum>
    <Address>Nijverheidsstraat 70
2160 Wommelgem
BEL</Address>
    <AfterDelivery>No</AfterDelivery>
    <BakersBondMember>Yes</BakersBondMember>
    <Balance>186695.50</Balance>
    <BasePriceGroup>Bakker1</BasePriceGroup>
    <City>Wommelgem</City>
    <ClosedFriday>No</ClosedFriday>
    <ClosedMonday>No</ClosedMonday>
    <ClosedSaturday>No</ClosedSaturday>
    <ClosedSunday>No</ClosedSunday>
    <ClosedThursday>No</ClosedThursday>
    <ClosedTuesday>No</ClosedTuesday>
    <ClosedWednesday>No</ClosedWednesday>
    <CreditMax>0.00</CreditMax>
    <Current>186695.50</Current>
    <CustGroup>01</CustGroup>
    <DeliveryAddress>
    </DeliveryAddress>
    <DeliveryName>
    </DeliveryName>
    <Email>
    </Email>
    <EmailDelivery>katrien.decoster@cegeka.com</EmailDelivery>
    <EndOfTheYearDiscount>0.00</EndOfTheYearDiscount>
    <Fax>0032 3 3289000</Fax>
    <HolidayFromDate>2016-09-01</HolidayFromDate>
    <HolidayToDate>2016-09-15</HolidayToDate>
    <IsSEPA>No</IsSEPA>
    <MainContactWorker>5637149827</MainContactWorker>
    <MinDeliveryValue>0</MinDeliveryValue>
    <Mobile>0032 3 3289000</Mobile>
    <Name>Makro NV</Name>
    <NextDeliveryDate1>2016-09-29</NextDeliveryDate1>
    <NextDeliveryDate2>2016-10-06</NextDeliveryDate2>
    <Past>0.00</Past>
    <PaymTermId>EOM30</PaymTermId>
    <Phone>0032 3 3289000</Phone>
    <PoRefMandatory>No</PoRefMandatory>
    <PriceGroup>
    </PriceGroup>
    <RecId>5637161076</RecId>
    <RemarkCreditLimit>
    </RemarkCreditLimit>
    <Solvency>Solvent</Solvency>
    <Street>Nijverheidsstraat 70</Street>
    <TransportCost>18.00</TransportCost>
    <WHSCustRouteTable>
      <DropOffTime>07:51:00</DropOffTime>
      <WeekDays>Monday</WeekDays>
      <WHSRoute>Route 1</WHSRoute>
    </WHSCustRouteTable>
    <WHSCustRouteTable>
      <DropOffTime>09:09:00</DropOffTime>
      <WeekDays>Tuesday</WeekDays>
      <WHSRoute>Route 2</WHSRoute>
    </WHSCustRouteTable>
    <WHSCustRouteTable>
      <DropOffTime>12:36:00</DropOffTime>
      <WeekDays>Wednesday</WeekDays>
      <WHSRoute>Route 3</WHSRoute>
    </WHSCustRouteTable>
    <WHSCustRouteTable>
      <DropOffTime>15:32:00</DropOffTime>
      <WeekDays>Thursday</WeekDays>
      <WHSRoute>Route 4</WHSRoute>
    </WHSCustRouteTable>
    <WHSCustRouteTable>
      <DropOffTime>07:23:00</DropOffTime>
      <WeekDays>Friday</WeekDays>
      <WHSRoute>Route 5</WHSRoute>
    </WHSCustRouteTable>
    <WHSCustRouteTable>
      <DropOffTime>15:00:00</DropOffTime>
      <WeekDays>Saturday</WeekDays>
      <WHSRoute>Route 1</WHSRoute>
    </WHSCustRouteTable>
    <WHSCustRouteTable>
      <DropOffTime>17:00:00</DropOffTime>
      <WeekDays>Sunday</WeekDays>
      <WHSRoute>Route 3</WHSRoute>
    </WHSCustRouteTable>
    <RemarkMinDelivery>
      <Notes>test remark</Notes>
    </RemarkMinDelivery>
  </CustTable>
  <CustTable>
    <AccountNum>000006</AccountNum>
    <Address>noorderlaan 87
2000 Antwerpen
BEL</Address>
    <AfterDelivery>Yes</AfterDelivery>
    <BakersBondMember>No</BakersBondMember>
    <Balance>614485.67</Balance>
    <BasePriceGroup>Grossier1</BasePriceGroup>
    <City>Antwerpen</City>
    <ClosedFriday>No</ClosedFriday>
    <ClosedMonday>No</ClosedMonday>
    <ClosedSaturday>No</ClosedSaturday>
    <ClosedSunday>No</ClosedSunday>
    <ClosedThursday>No</ClosedThursday>
    <ClosedTuesday>No</ClosedTuesday>
    <ClosedWednesday>No</ClosedWednesday>
    <CreditMax>0.00</CreditMax>
    <Current>614231.97</Current>
    <CustGroup>01</CustGroup>
    <DeliveryAddress>
    </DeliveryAddress>
    <DeliveryName>
    </DeliveryName>
    <Email>
    </Email>
    <EmailDelivery>katrien.decoster@cegeka.com</EmailDelivery>
    <EndOfTheYearDiscount>0.00</EndOfTheYearDiscount>
    <Fax>
    </Fax>
    <HolidayFromDate>
    </HolidayFromDate>
    <HolidayToDate>
    </HolidayToDate>
    <IsSEPA>No</IsSEPA>
    <LastPaymAmount>750.00</LastPaymAmount>
    <LastPaymDate>2016-05-16</LastPaymDate>
    <MainContactWorker>5637146826</MainContactWorker>
    <MinDeliveryValue>0</MinDeliveryValue>
    <Mobile>
    </Mobile>
    <Name>TEXKON BVBA</Name>
    <Past>0.00</Past>
    <PaymTermId>
    </PaymTermId>
    <Phone>
    </Phone>
    <PoRefMandatory>No</PoRefMandatory>
    <PriceGroup>
    </PriceGroup>
    <RecId>5637150576</RecId>
    <RemarkCreditLimit>
    </RemarkCreditLimit>
    <Solvency>Solvent</Solvency>
    <Street>noorderlaan 87</Street>
    <TransportCost>18.00</TransportCost>
    <WHSCustRouteTable>
      <DropOffTime>08:00:00</DropOffTime>
      <WeekDays>Monday</WeekDays>
      <WHSRoute>Route 1</WHSRoute>
    </WHSCustRouteTable>
    <WHSCustRouteTable>
      <DropOffTime>08:00:00</DropOffTime>
      <WeekDays>Tuesday</WeekDays>
      <WHSRoute>Route 1</WHSRoute>
    </WHSCustRouteTable>
    <WHSCustRouteTable>
      <DropOffTime>08:00:00</DropOffTime>
      <WeekDays>Wednesday</WeekDays>
      <WHSRoute>Route 1</WHSRoute>
    </WHSCustRouteTable>
    <WHSCustRouteTable>
      <DropOffTime>08:00:00</DropOffTime>
      <WeekDays>Thursday</WeekDays>
      <WHSRoute>Route 1</WHSRoute>
    </WHSCustRouteTable>
    <WHSCustRouteTable>
      <DropOffTime>08:00:00</DropOffTime>
      <WeekDays>Friday</WeekDays>
      <WHSRoute>Route 1</WHSRoute>
    </WHSCustRouteTable>
    <WHSCustRouteTable>
      <DropOffTime>06:25:00</DropOffTime>
      <WeekDays>Saturday</WeekDays>
      <WHSRoute>route 2</WHSRoute>
    </WHSCustRouteTable>
    <WHSCustRouteTable>
      <DropOffTime>06:25:00</DropOffTime>
      <WeekDays>Sunday</WeekDays>
      <WHSRoute>Route 2</WHSRoute>
    </WHSCustRouteTable>
  </CustTable>
  <CustTable>
    <AccountNum>000068849</AccountNum>
    <Address>RUE DE LA SAINT-MOHAMMED 123
1080 Molenbeek-Saint-Jean
BEL</Address>
    <AfterDelivery>Yes</AfterDelivery>
    <BakersBondMember>No</BakersBondMember>
    <Balance>0.00</Balance>
    <BasePriceGroup>Bakker1</BasePriceGroup>
    <City>Molenbeek-Saint-Jean</City>
    <ClosedFriday>No</ClosedFriday>
    <ClosedMonday>No</ClosedMonday>
    <ClosedSaturday>No</ClosedSaturday>
    <ClosedSunday>No</ClosedSunday>
    <ClosedThursday>No</ClosedThursday>
    <ClosedTuesday>No</ClosedTuesday>
    <ClosedWednesday>No</ClosedWednesday>
    <CreditMax>0.00</CreditMax>
    <Current>1331.00</Current>
    <CustGroup>01</CustGroup>
    <DeliveryAddress>
    </DeliveryAddress>
    <DeliveryName>
    </DeliveryName>
    <Email>
    </Email>
    <EmailDelivery>katrien.decoster@cegeka.com</EmailDelivery>
    <EndOfTheYearDiscount>0.00</EndOfTheYearDiscount>
    <Fax>
    </Fax>
    <HolidayFromDate>
    </HolidayFromDate>
    <HolidayToDate>
    </HolidayToDate>
    <IsSEPA>No</IsSEPA>
    <LastPaymAmount>1331.00</LastPaymAmount>
    <LastPaymDate>2016-05-03</LastPaymDate>
    <MainContactWorker>0</MainContactWorker>
    <MinDeliveryValue>0</MinDeliveryValue>
    <Mobile>
    </Mobile>
    <Name>DEGRAEVE BVBA</Name>
    <NextDeliveryDate1>2016-09-26</NextDeliveryDate1>
    <NextDeliveryDate2>2016-09-27</NextDeliveryDate2>
    <Past>0.00</Past>
    <PaymTermId>CAD</PaymTermId>
    <Phone>
    </Phone>
    <PoRefMandatory>No</PoRefMandatory>
    <PriceGroup>Bakker1</PriceGroup>
    <RecId>5637154328</RecId>
    <RemarkCreditLimit>
    </RemarkCreditLimit>
    <Solvency>Solvent</Solvency>
    <Street>RUE DE LA SAINT-MOHAMMED 123</Street>
    <TransportCost>18.00</TransportCost>
  </CustTable>
  <CustTable>
    <AccountNum>00099916</AccountNum>
    <Address>Naaldenstraat 22
8000 Brugge
BEL</Address>
    <AfterDelivery>No</AfterDelivery>
    <BakersBondMember>No</BakersBondMember>
    <Balance>0.00</Balance>
    <BasePriceGroup>
    </BasePriceGroup>
    <City>Brugge</City>
    <ClosedFriday>No</ClosedFriday>
    <ClosedMonday>No</ClosedMonday>
    <ClosedSaturday>No</ClosedSaturday>
    <ClosedSunday>No</ClosedSunday>
    <ClosedThursday>No</ClosedThursday>
    <ClosedTuesday>No</ClosedTuesday>
    <ClosedWednesday>No</ClosedWednesday>
    <CreditMax>0.00</CreditMax>
    <Current>0.00</Current>
    <CustGroup>01</CustGroup>
    <DeliveryAddress>Naaldenstraat 22
8000 Brugge
BEL</DeliveryAddress>
    <DeliveryName>Hotel Aragon primary</DeliveryName>
    <Email>info@aragon.be</Email>
    <EmailDelivery>info@aragon.be</EmailDelivery>
    <EndOfTheYearDiscount>0.00</EndOfTheYearDiscount>
    <Fax>
    </Fax>
    <HolidayFromDate>
    </HolidayFromDate>
    <HolidayToDate>
    </HolidayToDate>
    <IsSEPA>No</IsSEPA>
    <MainContactWorker>5637146826</MainContactWorker>
    <MinDeliveryValue>0</MinDeliveryValue>
    <Mobile>
    </Mobile>
    <Name>HOTEL ARAGON</Name>
    <NextDeliveryDate1>2016-09-26</NextDeliveryDate1>
    <NextDeliveryDate2>2016-09-27</NextDeliveryDate2>
    <Past>0.00</Past>
    <PaymTermId>NET30</PaymTermId>
    <Phone>+32 50333533</Phone>
    <PoRefMandatory>No</PoRefMandatory>
    <PriceGroup>Bakker1</PriceGroup>
    <RecId>5637155078</RecId>
    <RemarkCreditLimit>
    </RemarkCreditLimit>
    <Solvency>Solvent</Solvency>
    <Street>Naaldenstraat 22</Street>
    <TransportCost>18.00</TransportCost>
    <WHSCustRouteTable>
      <DropOffTime>14:05:00</DropOffTime>
      <WeekDays>Monday</WeekDays>
      <WHSRoute>Route 1</WHSRoute>
    </WHSCustRouteTable>
    <WHSCustRouteTable>
      <DropOffTime>16:05:00</DropOffTime>
      <WeekDays>Tuesday</WeekDays>
      <WHSRoute>Route 2</WHSRoute>
    </WHSCustRouteTable>
    <WHSCustRouteTable>
      <DropOffTime>10:27:00</DropOffTime>
      <WeekDays>Wednesday</WeekDays>
      <WHSRoute>Route 3</WHSRoute>
    </WHSCustRouteTable>
    <WHSCustRouteTable>
      <DropOffTime>08:05:00</DropOffTime>
      <WeekDays>Thursday</WeekDays>
      <WHSRoute>Route 4</WHSRoute>
    </WHSCustRouteTable>
    <WHSCustRouteTable>
      <DropOffTime>06:02:00</DropOffTime>
      <WeekDays>Friday</WeekDays>
      <WHSRoute>Route 5</WHSRoute>
    </WHSCustRouteTable>
  </CustTable>
  <CustTable>
    <AccountNum>00100100</AccountNum>
    <Address>Kerkstraat 4
8550 Zwevegem
BEL</Address>
    <AfterDelivery>Yes</AfterDelivery>
    <BakersBondMember>No</BakersBondMember>
    <Balance>27727.79</Balance>
    <BasePriceGroup>
    </BasePriceGroup>
    <City>Zwevegem</City>
    <ClosedFriday>No</ClosedFriday>
    <ClosedMonday>No</ClosedMonday>
    <ClosedSaturday>No</ClosedSaturday>
    <ClosedSunday>No</ClosedSunday>
    <ClosedThursday>No</ClosedThursday>
    <ClosedTuesday>No</ClosedTuesday>
    <ClosedWednesday>No</ClosedWednesday>
    <CreditMax>0.00</CreditMax>
    <Current>27727.79</Current>
    <CustGroup>03</CustGroup>
    <DeliveryAddress>
    </DeliveryAddress>
    <DeliveryName>
    </DeliveryName>
    <Email>
    </Email>
    <EmailDelivery>katrien.decoster@cegeka.com</EmailDelivery>
    <EndOfTheYearDiscount>0.00</EndOfTheYearDiscount>
    <Fax>
    </Fax>
    <HolidayFromDate>
    </HolidayFromDate>
    <HolidayToDate>
    </HolidayToDate>
    <IsSEPA>No</IsSEPA>
    <LastPaymAmount>1210.00</LastPaymAmount>
    <LastPaymDate>2016-05-03</LastPaymDate>
    <MainContactWorker>0</MainContactWorker>
    <MinDeliveryValue>0</MinDeliveryValue>
    <Mobile>
    </Mobile>
    <Name>VANHOVE RUTH</Name>
    <Past>0.00</Past>
    <PaymTermId>
    </PaymTermId>
    <Phone>
    </Phone>
    <PoRefMandatory>No</PoRefMandatory>
    <PriceGroup>
    </PriceGroup>
    <RecId>5637152827</RecId>
    <RemarkCreditLimit>
    </RemarkCreditLimit>
    <Solvency>Solvent</Solvency>
    <Street>Kerkstraat 4</Street>
    <TransportCost>18.00</TransportCost>
    <WHSCustRouteTable>
      <DropOffTime>11:56:00</DropOffTime>
      <WeekDays>Monday</WeekDays>
      <WHSRoute>Route 1</WHSRoute>
    </WHSCustRouteTable>
    <WHSCustRouteTable>
      <DropOffTime>05:00:00</DropOffTime>
      <WeekDays>Tuesday</WeekDays>
      <WHSRoute>Route 2</WHSRoute>
    </WHSCustRouteTable>
    <WHSCustRouteTable>
      <DropOffTime>07:00:00</DropOffTime>
      <WeekDays>Wednesday</WeekDays>
      <WHSRoute>Route 3</WHSRoute>
    </WHSCustRouteTable>
    <WHSCustRouteTable>
      <DropOffTime>17:00:00</DropOffTime>
      <WeekDays>Thursday</WeekDays>
      <WHSRoute>Route 4</WHSRoute>
    </WHSCustRouteTable>
    <WHSCustRouteTable>
      <DropOffTime>09:06:00</DropOffTime>
      <WeekDays>Friday</WeekDays>
      <WHSRoute>Route 5</WHSRoute>
    </WHSCustRouteTable>
  </CustTable>
  <CustTable>
    <AccountNum>001003</AccountNum>
    <Address>Tunnelweg 5

2845 Niel
BEL</Address>
    <AfterDelivery>Yes</AfterDelivery>
    <BakersBondMember>No</BakersBondMember>
    <Balance>0.00</Balance>
    <BasePriceGroup>Bakker1</BasePriceGroup>
    <City>Niel</City>
    <ClosedFriday>No</ClosedFriday>
    <ClosedMonday>No</ClosedMonday>
    <ClosedSaturday>No</ClosedSaturday>
    <ClosedSunday>No</ClosedSunday>
    <ClosedThursday>No</ClosedThursday>
    <ClosedTuesday>No</ClosedTuesday>
    <ClosedWednesday>No</ClosedWednesday>
    <CreditMax>0.00</CreditMax>
    <Current>0.00</Current>
    <CustGroup>51</CustGroup>
    <DeliveryAddress>
    </DeliveryAddress>
    <DeliveryName>
    </DeliveryName>
    <Email>
    </Email>
    <EmailDelivery>katrien.decoster@cegeka.com</EmailDelivery>
    <EndOfTheYearDiscount>0.00</EndOfTheYearDiscount>
    <Fax>844.79.69</Fax>
    <HolidayFromDate>
    </HolidayFromDate>
    <HolidayToDate>
    </HolidayToDate>
    <IsSEPA>No</IsSEPA>
    <MainContactWorker>0</MainContactWorker>
    <MinDeliveryValue>0</MinDeliveryValue>
    <Mobile>844.79.69</Mobile>
    <Name>AERTSSEN NV</Name>
    <Past>0.00</Past>
    <PaymTermId>NET14</PaymTermId>
    <Phone>844.77.00</Phone>
    <PoRefMandatory>No</PoRefMandatory>
    <PriceGroup>
    </PriceGroup>
    <RecId>5637167076</RecId>
    <RemarkCreditLimit>
    </RemarkCreditLimit>
    <Solvency>Solvent</Solvency>
    <Street>Tunnelweg 5
</Street>
    <TransportCost>18.00</TransportCost>
    <WHSCustRouteTable>
      <DropOffTime>07:00:00</DropOffTime>
      <WeekDays>Monday</WeekDays>
      <WHSRoute>Route 1</WHSRoute>
    </WHSCustRouteTable>
    <WHSCustRouteTable>
      <DropOffTime>08:00:00</DropOffTime>
      <WeekDays>Tuesday</WeekDays>
      <WHSRoute>Route 2</WHSRoute>
    </WHSCustRouteTable>
    <WHSCustRouteTable>
      <DropOffTime>09:00:00</DropOffTime>
      <WeekDays>Wednesday</WeekDays>
      <WHSRoute>Route 3</WHSRoute>
    </WHSCustRouteTable>
    <WHSCustRouteTable>
      <DropOffTime>10:00:00</DropOffTime>
      <WeekDays>Thursday</WeekDays>
      <WHSRoute>Route 4</WHSRoute>
    </WHSCustRouteTable>
    <WHSCustRouteTable>
      <DropOffTime>11:00:00</DropOffTime>
      <WeekDays>Friday</WeekDays>
      <WHSRoute>Route 5</WHSRoute>
    </WHSCustRouteTable>
  </CustTable>
  <CustTable>
    <AccountNum>00102311</AccountNum>
    <Address>Franklin Rooseveltplein 28
9600 Ronse
BEL</Address>
    <AfterDelivery>Yes</AfterDelivery>
    <BakersBondMember>No</BakersBondMember>
    <Balance>185383.46</Balance>
    <BasePriceGroup>
    </BasePriceGroup>
    <City>Ronse</City>
    <ClosedFriday>No</ClosedFriday>
    <ClosedMonday>No</ClosedMonday>
    <ClosedSaturday>No</ClosedSaturday>
    <ClosedSunday>No</ClosedSunday>
    <ClosedThursday>No</ClosedThursday>
    <ClosedTuesday>No</ClosedTuesday>
    <ClosedWednesday>No</ClosedWednesday>
    <CreditMax>0.00</CreditMax>
    <Current>198693.04</Current>
    <CustGroup>01</CustGroup>
    <DeliveryAddress>
    </DeliveryAddress>
    <DeliveryName>
    </DeliveryName>
    <Email>
    </Email>
    <EmailDelivery>katrien.decoster@cegeka.com</EmailDelivery>
    <EndOfTheYearDiscount>0.00</EndOfTheYearDiscount>
    <Fax>
    </Fax>
    <HolidayFromDate>
    </HolidayFromDate>
    <HolidayToDate>
    </HolidayToDate>
    <IsSEPA>Yes</IsSEPA>
    <LastPaymAmount>2.00</LastPaymAmount>
    <LastPaymDate>2016-05-03</LastPaymDate>
    <MainContactWorker>5637147576</MainContactWorker>
    <MinDeliveryValue>0</MinDeliveryValue>
    <Mobile>
    </Mobile>
    <Name>Papershop BVBA</Name>
    <Past>0.00</Past>
    <PaymTermId>EOM08</PaymTermId>
    <Phone>
    </Phone>
    <PoRefMandatory>No</PoRefMandatory>
    <PriceGroup>
    </PriceGroup>
    <RecId>5637157327</RecId>
    <RemarkCreditLimit>
    </RemarkCreditLimit>
    <Solvency>Solvent</Solvency>
    <Street>Franklin Rooseveltplein 28</Street>
    <TransportCost>18.00</TransportCost>
    <WHSCustRouteTable>
      <DropOffTime>06:32:00</DropOffTime>
      <WeekDays>Monday</WeekDays>
      <WHSRoute>Route 1</WHSRoute>
    </WHSCustRouteTable>
    <WHSCustRouteTable>
      <DropOffTime>10:03:00</DropOffTime>
      <WeekDays>Tuesday</WeekDays>
      <WHSRoute>Route 2</WHSRoute>
    </WHSCustRouteTable>
    <WHSCustRouteTable>
      <DropOffTime>15:32:00</DropOffTime>
      <WeekDays>Wednesday</WeekDays>
      <WHSRoute>Route 3</WHSRoute>
    </WHSCustRouteTable>
    <WHSCustRouteTable>
      <DropOffTime>16:12:00</DropOffTime>
      <WeekDays>Thursday</WeekDays>
      <WHSRoute>Route 4</WHSRoute>
    </WHSCustRouteTable>
    <WHSCustRouteTable>
      <DropOffTime>11:36:00</DropOffTime>
      <WeekDays>Friday</WeekDays>
      <WHSRoute>Route 5</WHSRoute>
    </WHSCustRouteTable>
  </CustTable>
  <CustTable>
    <AccountNum>001226561</AccountNum>
    <Address>RUE DE FRANERIES
7033 Cuesmes
BEL</Address>
    <AfterDelivery>Yes</AfterDelivery>
    <BakersBondMember>No</BakersBondMember>
    <Balance>119.67</Balance>
    <BasePriceGroup>Bakker1</BasePriceGroup>
    <City>Cuesmes</City>
    <ClosedFriday>No</ClosedFriday>
    <ClosedMonday>No</ClosedMonday>
    <ClosedSaturday>No</ClosedSaturday>
    <ClosedSunday>No</ClosedSunday>
    <ClosedThursday>No</ClosedThursday>
    <ClosedTuesday>No</ClosedTuesday>
    <ClosedWednesday>No</ClosedWednesday>
    <CreditMax>0.00</CreditMax>
    <Current>119.67</Current>
    <CustGroup>01</CustGroup>
    <DeliveryAddress>
    </DeliveryAddress>
    <DeliveryName>
    </DeliveryName>
    <Email>
    </Email>
    <EmailDelivery>katrien.decoster@cegeka.com</EmailDelivery>
    <EndOfTheYearDiscount>0.00</EndOfTheYearDiscount>
    <Fax>
    </Fax>
    <HolidayFromDate>
    </HolidayFromDate>
    <HolidayToDate>
    </HolidayToDate>
    <IsSEPA>No</IsSEPA>
    <MainContactWorker>5637146077</MainContactWorker>
    <MinDeliveryValue>0</MinDeliveryValue>
    <Mobile>
    </Mobile>
    <Name>PANIBLOND SPRL</Name>
    <Past>0.00</Past>
    <PaymTermId>EOM30</PaymTermId>
    <Phone>
    </Phone>
    <PoRefMandatory>No</PoRefMandatory>
    <PriceGroup>
    </PriceGroup>
    <RecId>5637165576</RecId>
    <RemarkCreditLimit>
    </RemarkCreditLimit>
    <Solvency>Solvent</Solvency>
    <Street>RUE DE FRANERIES</Street>
    <TransportCost>18.00</TransportCost>
    <WHSCustRouteTable>
      <DropOffTime>12:36:00</DropOffTime>
      <WeekDays>Tuesday</WeekDays>
      <WHSRoute>Route 4</WHSRoute>
    </WHSCustRouteTable>
  </CustTable>
  <CustTable>
    <AccountNum>001335111</AccountNum>
    <Address>Laagstraat 63
9140 Temse
BEL</Address>
    <AfterDelivery>Yes</AfterDelivery>
    <BakersBondMember>No</BakersBondMember>
    <Balance>0.00</Balance>
    <BasePriceGroup>
    </BasePriceGroup>
    <City>Temse</City>
    <ClosedFriday>No</ClosedFriday>
    <ClosedMonday>No</ClosedMonday>
    <ClosedSaturday>No</ClosedSaturday>
    <ClosedSunday>No</ClosedSunday>
    <ClosedThursday>No</ClosedThursday>
    <ClosedTuesday>No</ClosedTuesday>
    <ClosedWednesday>No</ClosedWednesday>
    <CreditMax>0.00</CreditMax>
    <Current>-11858.42</Current>
    <CustGroup>01</CustGroup>
    <DeliveryAddress>
    </DeliveryAddress>
    <DeliveryName>
    </DeliveryName>
    <Email>
    </Email>
    <EmailDelivery>katrien.decoster@cegeka.com</EmailDelivery>
    <EndOfTheYearDiscount>0.00</EndOfTheYearDiscount>
    <Fax>
    </Fax>
    <HolidayFromDate>
    </HolidayFromDate>
    <HolidayToDate>
    </HolidayToDate>
    <IsSEPA>No</IsSEPA>
    <LastPaymAmount>2.00</LastPaymAmount>
    <LastPaymDate>2016-05-03</LastPaymDate>
    <MainContactWorker>0</MainContactWorker>
    <MinDeliveryValue>0</MinDeliveryValue>
    <Mobile>
    </Mobile>
    <Name>Conway Temse</Name>
    <Past>0.00</Past>
    <PaymTermId>EOM30</PaymTermId>
    <Phone>algemeen tel.nr</Phone>
    <PoRefMandatory>No</PoRefMandatory>
    <PriceGroup>
    </PriceGroup>
    <RecId>5637159576</RecId>
    <RemarkCreditLimit>
    </RemarkCreditLimit>
    <Solvency>Solvent</Solvency>
    <Street>Laagstraat 63</Street>
    <TransportCost>18.00</TransportCost>
    <WHSCustRouteTable>
      <DropOffTime>06:58:00</DropOffTime>
      <WeekDays>Monday</WeekDays>
      <WHSRoute>Route 1</WHSRoute>
    </WHSCustRouteTable>
    <WHSCustRouteTable>
      <DropOffTime>09:09:00</DropOffTime>
      <WeekDays>Tuesday</WeekDays>
      <WHSRoute>Route 2</WHSRoute>
    </WHSCustRouteTable>
    <WHSCustRouteTable>
      <DropOffTime>10:06:00</DropOffTime>
      <WeekDays>Wednesday</WeekDays>
      <WHSRoute>Route 3</WHSRoute>
    </WHSCustRouteTable>
    <WHSCustRouteTable>
      <DropOffTime>11:06:00</DropOffTime>
      <WeekDays>Thursday</WeekDays>
      <WHSRoute>Route 4</WHSRoute>
    </WHSCustRouteTable>
    <WHSCustRouteTable>
      <DropOffTime>05:00:00</DropOffTime>
      <WeekDays>Friday</WeekDays>
      <WHSRoute>Route 5</WHSRoute>
    </WHSCustRouteTable>
  </CustTable>
  <CustTable>
    <AccountNum>00257601</AccountNum>
    <Address>WINSTON CHURCHILLSTRAAT 19
9770 Kruishoutem
BEL</Address>
    <AfterDelivery>Yes</AfterDelivery>
    <BakersBondMember>No</BakersBondMember>
    <Balance>-3876.47</Balance>
    <BasePriceGroup>
    </BasePriceGroup>
    <City>Kruishoutem</City>
    <ClosedFriday>No</ClosedFriday>
    <ClosedMonday>No</ClosedMonday>
    <ClosedSaturday>No</ClosedSaturday>
    <ClosedSunday>No</ClosedSunday>
    <ClosedThursday>No</ClosedThursday>
    <ClosedTuesday>No</ClosedTuesday>
    <ClosedWednesday>No</ClosedWednesday>
    <CreditMax>0.00</CreditMax>
    <Current>1454.53</Current>
    <CustGroup>01</CustGroup>
    <DeliveryAddress>
    </DeliveryAddress>
    <DeliveryName>
    </DeliveryName>
    <Email>
    </Email>
    <EmailDelivery>katrien.decoster@cegeka.com</EmailDelivery>
    <EndOfTheYearDiscount>0.00</EndOfTheYearDiscount>
    <Fax>
    </Fax>
    <HolidayFromDate>
    </HolidayFromDate>
    <HolidayToDate>
    </HolidayToDate>
    <IsSEPA>No</IsSEPA>
    <LastPaymAmount>1210.00</LastPaymAmount>
    <LastPaymDate>2016-04-12</LastPaymDate>
    <MainContactWorker>0</MainContactWorker>
    <MinDeliveryValue>0</MinDeliveryValue>
    <Mobile>
    </Mobile>
    <Name>RAES BVBA</Name>
    <Past>0.00</Past>
    <PaymTermId>EOM10</PaymTermId>
    <Phone>
    </Phone>
    <PoRefMandatory>No</PoRefMandatory>
    <PriceGroup>Bakker1</PriceGroup>
    <RecId>5637149078</RecId>
    <RemarkCreditLimit>
    </RemarkCreditLimit>
    <Solvency>Solvent</Solvency>
    <Street>WINSTON CHURCHILLSTRAAT 19</Street>
    <TransportCost>18.00</TransportCost>
  </CustTable>
  <CustTable>
    <AccountNum>00257602</AccountNum>
    <Address>
    </Address>
    <AfterDelivery>Yes</AfterDelivery>
    <BakersBondMember>No</BakersBondMember>
    <Balance>0.00</Balance>
    <BasePriceGroup>
    </BasePriceGroup>
    <City>
    </City>
    <ClosedFriday>No</ClosedFriday>
    <ClosedMonday>No</ClosedMonday>
    <ClosedSaturday>No</ClosedSaturday>
    <ClosedSunday>No</ClosedSunday>
    <ClosedThursday>No</ClosedThursday>
    <ClosedTuesday>No</ClosedTuesday>
    <ClosedWednesday>No</ClosedWednesday>
    <CreditMax>0.00</CreditMax>
    <Current>0.00</Current>
    <CustGroup>01</CustGroup>
    <DeliveryAddress>
    </DeliveryAddress>
    <DeliveryName>
    </DeliveryName>
    <Email>
    </Email>
    <EmailDelivery>katrien.decoster@cegeka.com</EmailDelivery>
    <EndOfTheYearDiscount>0.00</EndOfTheYearDiscount>
    <Fax>
    </Fax>
    <HolidayFromDate>
    </HolidayFromDate>
    <HolidayToDate>
    </HolidayToDate>
    <IsSEPA>No</IsSEPA>
    <MainContactWorker>5637146826</MainContactWorker>
    <MinDeliveryValue>0</MinDeliveryValue>
    <Mobile>
    </Mobile>
    <Name>Raes BVBA</Name>
    <Past>0.00</Past>
    <PaymTermId>EOM30</PaymTermId>
    <Phone>
    </Phone>
    <PoRefMandatory>No</PoRefMandatory>
    <PriceGroup>Bakker1</PriceGroup>
    <RecId>5637155076</RecId>
    <RemarkCreditLimit>
    </RemarkCreditLimit>
    <Solvency>Solvent</Solvency>
    <Street>
    </Street>
    <TransportCost>18.00</TransportCost>
  </CustTable>
  <CustTable>
    <AccountNum>00336225</AccountNum>
    <Address>Woensdrechtstraat 47
3045 PZ Rotterdam
NLD</Address>
    <AfterDelivery>Yes</AfterDelivery>
    <BakersBondMember>No</BakersBondMember>
    <Balance>0.00</Balance>
    <BasePriceGroup>
    </BasePriceGroup>
    <City>Rotterdam</City>
    <ClosedFriday>No</ClosedFriday>
    <ClosedMonday>No</ClosedMonday>
    <ClosedSaturday>No</ClosedSaturday>
    <ClosedSunday>No</ClosedSunday>
    <ClosedThursday>No</ClosedThursday>
    <ClosedTuesday>No</ClosedTuesday>
    <ClosedWednesday>No</ClosedWednesday>
    <CreditMax>0.00</CreditMax>
    <Current>0.00</Current>
    <CustGroup>01</CustGroup>
    <DeliveryAddress>
    </DeliveryAddress>
    <DeliveryName>
    </DeliveryName>
    <Email>
    </Email>
    <EmailDelivery>katrien.decoster@cegeka.com</EmailDelivery>
    <EndOfTheYearDiscount>0.00</EndOfTheYearDiscount>
    <Fax>
    </Fax>
    <HolidayFromDate>
    </HolidayFromDate>
    <HolidayToDate>
    </HolidayToDate>
    <IsSEPA>No</IsSEPA>
    <MainContactWorker>0</MainContactWorker>
    <MinDeliveryValue>0</MinDeliveryValue>
    <Mobile>
    </Mobile>
    <Name>Synergy Food Ingredients and Processing BV</Name>
    <Past>0.00</Past>
    <PaymTermId>DOM</PaymTermId>
    <Phone>
    </Phone>
    <PoRefMandatory>No</PoRefMandatory>
    <PriceGroup>
    </PriceGroup>
    <RecId>5637163328</RecId>
    <RemarkCreditLimit>
    </RemarkCreditLimit>
    <Solvency>Solvent</Solvency>
    <Street>Woensdrechtstraat 47</Street>
    <TransportCost>18.00</TransportCost>
  </CustTable>
  <CustTable>
    <AccountNum>00502151</AccountNum>
    <Address>4 R. NICOLAS APPERT-ZAE LA CLAU III

34770Gigean
fra</Address>
    <AfterDelivery>No</AfterDelivery>
    <BakersBondMember>No</BakersBondMember>
    <Balance>100000.00</Balance>
    <BasePriceGroup>
    </BasePriceGroup>
    <City>Gigean</City>
    <ClosedFriday>No</ClosedFriday>
    <ClosedMonday>No</ClosedMonday>
    <ClosedSaturday>No</ClosedSaturday>
    <ClosedSunday>No</ClosedSunday>
    <ClosedThursday>No</ClosedThursday>
    <ClosedTuesday>No</ClosedTuesday>
    <ClosedWednesday>No</ClosedWednesday>
    <CreditMax>10.00</CreditMax>
    <Current>100000.00</Current>
    <CustGroup>01</CustGroup>
    <DeliveryAddress>
    </DeliveryAddress>
    <DeliveryName>
    </DeliveryName>
    <Email>
    </Email>
    <EmailDelivery>katrien.decoster@cegeka.com</EmailDelivery>
    <EndOfTheYearDiscount>0.00</EndOfTheYearDiscount>
    <Fax>
    </Fax>
    <HolidayFromDate>
    </HolidayFromDate>
    <HolidayToDate>
    </HolidayToDate>
    <IsSEPA>No</IsSEPA>
    <MainContactWorker>5637145326</MainContactWorker>
    <MinDeliveryValue>0</MinDeliveryValue>
    <Mobile>
    </Mobile>
    <Name>AURIAC SAS</Name>
    <Past>0.00</Past>
    <PaymTermId>EOM30</PaymTermId>
    <Phone>
    </Phone>
    <PoRefMandatory>No</PoRefMandatory>
    <PriceGroup>Industrie2</PriceGroup>
    <RecId>5637145326</RecId>
    <RemarkCreditLimit>
    </RemarkCreditLimit>
    <Solvency>Solvent</Solvency>
    <Street>4 R. NICOLAS APPERT-ZAE LA CLAU III
</Street>
    <TransportCost>18.00</TransportCost>
  </CustTable>
  <CustTable>
    <AccountNum>00630301</AccountNum>
    <Address>Z.A. Du Plaisance
35133Saint-Sauveur-des-Landes
fra</Address>
    <AfterDelivery>Yes</AfterDelivery>
    <BakersBondMember>No</BakersBondMember>
    <Balance>0.00</Balance>
    <BasePriceGroup>
    </BasePriceGroup>
    <City>Saint-Sauveur-des-Landes</City>
    <ClosedFriday>No</ClosedFriday>
    <ClosedMonday>No</ClosedMonday>
    <ClosedSaturday>No</ClosedSaturday>
    <ClosedSunday>No</ClosedSunday>
    <ClosedThursday>No</ClosedThursday>
    <ClosedTuesday>No</ClosedTuesday>
    <ClosedWednesday>No</ClosedWednesday>
    <CreditMax>150000.00</CreditMax>
    <Current>154600.00</Current>
    <CustGroup>01</CustGroup>
    <DeliveryAddress>
    </DeliveryAddress>
    <DeliveryName>
    </DeliveryName>
    <Email>
    </Email>
    <EmailDelivery>katrien.decoster@cegeka.com</EmailDelivery>
    <EndOfTheYearDiscount>0.00</EndOfTheYearDiscount>
    <Fax>
    </Fax>
    <HolidayFromDate>
    </HolidayFromDate>
    <HolidayToDate>
    </HolidayToDate>
    <IsSEPA>No</IsSEPA>
    <LastPaymAmount>154600.00</LastPaymAmount>
    <LastPaymDate>2016-05-10</LastPaymDate>
    <MainContactWorker>5637145326</MainContactWorker>
    <MinDeliveryValue>0</MinDeliveryValue>
    <Mobile>
    </Mobile>
    <Name>DISGROUP SAS</Name>
    <NextDeliveryDate1>2016-09-28</NextDeliveryDate1>
    <NextDeliveryDate2>2016-10-05</NextDeliveryDate2>
    <Past>0.00</Past>
    <PaymTermId>NET30</PaymTermId>
    <Phone>
    </Phone>
    <PoRefMandatory>No</PoRefMandatory>
    <PriceGroup>Industrie2</PriceGroup>
    <RecId>5637146077</RecId>
    <RemarkCreditLimit>
    </RemarkCreditLimit>
    <Solvency>Solvent</Solvency>
    <Street>Z.A. Du Plaisance</Street>
    <TransportCost>18.00</TransportCost>
  </CustTable>
  <CustTable>
    <AccountNum>00634051</AccountNum>
    <Address>MAGNET ROAD/WEST THURROCK
ESSEX RM20 4DP
GBR</Address>
    <AfterDelivery>Yes</AfterDelivery>
    <BakersBondMember>No</BakersBondMember>
    <Balance>11457.14</Balance>
    <BasePriceGroup>Grossier1</BasePriceGroup>
    <City>ESSEX RM20 4DP</City>
    <ClosedFriday>No</ClosedFriday>
    <ClosedMonday>No</ClosedMonday>
    <ClosedSaturday>No</ClosedSaturday>
    <ClosedSunday>No</ClosedSunday>
    <ClosedThursday>No</ClosedThursday>
    <ClosedTuesday>No</ClosedTuesday>
    <ClosedWednesday>No</ClosedWednesday>
    <CreditMax>0.00</CreditMax>
    <Current>11000.00</Current>
    <CustGroup>02</CustGroup>
    <DeliveryAddress>
    </DeliveryAddress>
    <DeliveryName>
    </DeliveryName>
    <Email>AREK@RANSON-UK.COM</Email>
    <EmailDelivery>katrien.decoster@cegeka.com</EmailDelivery>
    <EndOfTheYearDiscount>0.00</EndOfTheYearDiscount>
    <Fax>13753918</Fax>
    <HolidayFromDate>
    </HolidayFromDate>
    <HolidayToDate>
    </HolidayToDate>
    <IsSEPA>No</IsSEPA>
    <LastPaymAmount>1400.00</LastPaymAmount>
    <LastPaymDate>2016-05-10</LastPaymDate>
    <MainContactWorker>5637145326</MainContactWorker>
    <MinDeliveryValue>0</MinDeliveryValue>
    <Mobile>13753918</Mobile>
    <Name>RANSON UK LTD</Name>
    <NextDeliveryDate1>2016-09-29</NextDeliveryDate1>
    <NextDeliveryDate2>2016-10-06</NextDeliveryDate2>
    <Past>0.00</Past>
    <PaymTermId>COD</PaymTermId>
    <Phone>13753918</Phone>
    <PoRefMandatory>No</PoRefMandatory>
    <PriceGroup>Grossier2</PriceGroup>
    <RecId>5637149826</RecId>
    <RemarkCreditLimit>
    </RemarkCreditLimit>
    <Solvency>Solvent</Solvency>
    <Street>MAGNET ROAD/WEST THURROCK</Street>
    <TransportCost>18.00</TransportCost>
    <WHSCustRouteTable>
      <DropOffTime>00:00:00</DropOffTime>
      <WeekDays>Monday</WeekDays>
      <WHSRoute>Route 1</WHSRoute>
    </WHSCustRouteTable>
    <WHSCustRouteTable>
      <DropOffTime>00:00:00</DropOffTime>
      <WeekDays>Tuesday</WeekDays>
      <WHSRoute>Emergency</WHSRoute>
    </WHSCustRouteTable>
    <WHSCustRouteTable>
      <DropOffTime>00:00:00</DropOffTime>
      <WeekDays>Thursday</WeekDays>
      <WHSRoute>Route 1</WHSRoute>
    </WHSCustRouteTable>
  </CustTable>
  <CustTable>
    <AccountNum>00634501</AccountNum>
    <Address>Heirweg 148A
8800 Beveren (Roeselare)
BEL</Address>
    <AfterDelivery>Yes</AfterDelivery>
    <BakersBondMember>No</BakersBondMember>
    <Balance>0.00</Balance>
    <BasePriceGroup>
    </BasePriceGroup>
    <City>Beveren (Roeselare)</City>
    <ClosedFriday>No</ClosedFriday>
    <ClosedMonday>No</ClosedMonday>
    <ClosedSaturday>No</ClosedSaturday>
    <ClosedSunday>No</ClosedSunday>
    <ClosedThursday>No</ClosedThursday>
    <ClosedTuesday>No</ClosedTuesday>
    <ClosedWednesday>No</ClosedWednesday>
    <CreditMax>500.00</CreditMax>
    <Current>0.00</Current>
    <CustGroup>01</CustGroup>
    <DeliveryAddress>
    </DeliveryAddress>
    <DeliveryName>
    </DeliveryName>
    <Email>
    </Email>
    <EmailDelivery>katrien.decoster@cegeka.com</EmailDelivery>
    <EndOfTheYearDiscount>0.00</EndOfTheYearDiscount>
    <Fax>
    </Fax>
    <HolidayFromDate>
    </HolidayFromDate>
    <HolidayToDate>
    </HolidayToDate>
    <IsSEPA>Yes</IsSEPA>
    <MainContactWorker>0</MainContactWorker>
    <MinDeliveryValue>0</MinDeliveryValue>
    <Mobile>
    </Mobile>
    <Name>ENGELS JOHAN</Name>
    <Past>0.00</Past>
    <PaymTermId>COD</PaymTermId>
    <Phone>
    </Phone>
    <PoRefMandatory>No</PoRefMandatory>
    <PriceGroup>Bakker1</PriceGroup>
    <RecId>5637158076</RecId>
    <RemarkCreditLimit>
    </RemarkCreditLimit>
    <Solvency>AgreementACC</Solvency>
    <Street>Heirweg 148A</Street>
    <TransportCost>18.00</TransportCost>
  </CustTable>
  <CustTable>
    <AccountNum>00646831</AccountNum>
    <Address>SCHULSTRASSE 1/23
51103 KOLN
deu</Address>
    <AfterDelivery>No</AfterDelivery>
    <BakersBondMember>No</BakersBondMember>
    <Balance>0.00</Balance>
    <BasePriceGroup>
    </BasePriceGroup>
    <City>KOLN</City>
    <ClosedFriday>No</ClosedFriday>
    <ClosedMonday>No</ClosedMonday>
    <ClosedSaturday>No</ClosedSaturday>
    <ClosedSunday>No</ClosedSunday>
    <ClosedThursday>No</ClosedThursday>
    <ClosedTuesday>No</ClosedTuesday>
    <ClosedWednesday>No</ClosedWednesday>
    <CreditMax>0.00</CreditMax>
    <Current>0.00</Current>
    <CustGroup>01</CustGroup>
    <DeliveryAddress>
    </DeliveryAddress>
    <DeliveryName>
    </DeliveryName>
    <Email>
    </Email>
    <EmailDelivery>katrien.decoster@cegeka.com</EmailDelivery>
    <EndOfTheYearDiscount>0.00</EndOfTheYearDiscount>
    <Fax>+49 24054841</Fax>
    <HolidayFromDate>
    </HolidayFromDate>
    <HolidayToDate>
    </HolidayToDate>
    <IsSEPA>No</IsSEPA>
    <MainContactWorker>5637145326</MainContactWorker>
    <MinDeliveryValue>0</MinDeliveryValue>
    <Mobile>+49 24054841</Mobile>
    <Name>KRONENBROT KG-KOLN</Name>
    <NextDeliveryDate1>2016-09-29</NextDeliveryDate1>
    <NextDeliveryDate2>2016-10-06</NextDeliveryDate2>
    <Past>0.00</Past>
    <PaymTermId>NET30</PaymTermId>
    <Phone>+49 22198785</Phone>
    <PoRefMandatory>No</PoRefMandatory>
    <PriceGroup>Industrie1</PriceGroup>
    <RecId>5637151326</RecId>
    <RemarkCreditLimit>
    </RemarkCreditLimit>
    <Solvency>Solvent</Solvency>
    <Street>SCHULSTRASSE 1/23</Street>
    <TransportCost>18.00</TransportCost>
  </CustTable>
  <CustTable>
    <AccountNum>00690901</AccountNum>
    <Address>Doenaertstraat 11
8500 Kortrijk
Belgium</Address>
    <AfterDelivery>Yes</AfterDelivery>
    <BakersBondMember>No</BakersBondMember>
    <Balance>1052.39</Balance>
    <BasePriceGroup>
    </BasePriceGroup>
    <City>Kortrijk</City>
    <ClosedFriday>No</ClosedFriday>
    <ClosedMonday>No</ClosedMonday>
    <ClosedSaturday>No</ClosedSaturday>
    <ClosedSunday>No</ClosedSunday>
    <ClosedThursday>No</ClosedThursday>
    <ClosedTuesday>No</ClosedTuesday>
    <ClosedWednesday>No</ClosedWednesday>
    <CreditMax>0.00</CreditMax>
    <Current>19376.52</Current>
    <CustGroup>01</CustGroup>
    <DeliveryAddress>
    </DeliveryAddress>
    <DeliveryName>
    </DeliveryName>
    <Email>
    </Email>
    <EmailDelivery>katrien.decoster@cegeka.com</EmailDelivery>
    <EndOfTheYearDiscount>0.00</EndOfTheYearDiscount>
    <Fax>
    </Fax>
    <HolidayFromDate>
    </HolidayFromDate>
    <HolidayToDate>
    </HolidayToDate>
    <IsSEPA>Yes</IsSEPA>
    <LastPaymAmount>10.00</LastPaymAmount>
    <LastPaymDate>2016-04-12</LastPaymDate>
    <MainContactWorker>5637144576</MainContactWorker>
    <MinDeliveryValue>0</MinDeliveryValue>
    <Mobile>
    </Mobile>
    <Name>BELBERRY BVBA</Name>
    <Past>0.00</Past>
    <PaymTermId>EOM30</PaymTermId>
    <Phone>
    </Phone>
    <PoRefMandatory>No</PoRefMandatory>
    <PriceGroup>Bakker1</PriceGroup>
    <RecId>5637146078</RecId>
    <RemarkCreditLimit>
    </RemarkCreditLimit>
    <Solvency>Solvent</Solvency>
    <Street>Doenaertstraat 11</Street>
    <TransportCost>18.00</TransportCost>
  </CustTable>
  <CustTable>
    <AccountNum>00717473</AccountNum>
    <Address>Daigones Street 22
Pure,3124
Latvia</Address>
    <AfterDelivery>Yes</AfterDelivery>
    <BakersBondMember>No</BakersBondMember>
    <Balance>0.00</Balance>
    <BasePriceGroup>
    </BasePriceGroup>
    <City>Pure</City>
    <ClosedFriday>No</ClosedFriday>
    <ClosedMonday>No</ClosedMonday>
    <ClosedSaturday>No</ClosedSaturday>
    <ClosedSunday>No</ClosedSunday>
    <ClosedThursday>No</ClosedThursday>
    <ClosedTuesday>No</ClosedTuesday>
    <ClosedWednesday>No</ClosedWednesday>
    <CreditMax>0.00</CreditMax>
    <Current>0.00</Current>
    <CustGroup>01</CustGroup>
    <DeliveryAddress>
    </DeliveryAddress>
    <DeliveryName>
    </DeliveryName>
    <Email>
    </Email>
    <EmailDelivery>katrien.decoster@cegeka.com</EmailDelivery>
    <EndOfTheYearDiscount>0.00</EndOfTheYearDiscount>
    <Fax>
    </Fax>
    <HolidayFromDate>
    </HolidayFromDate>
    <HolidayToDate>
    </HolidayToDate>
    <IsSEPA>No</IsSEPA>
    <MainContactWorker>0</MainContactWorker>
    <MinDeliveryValue>0</MinDeliveryValue>
    <Mobile>
    </Mobile>
    <Name>Puratos Sia Latvia</Name>
    <Past>0.00</Past>
    <PaymTermId>NET50</PaymTermId>
    <Phone>
    </Phone>
    <PoRefMandatory>No</PoRefMandatory>
    <PriceGroup>
    </PriceGroup>
    <RecId>5637163326</RecId>
    <RemarkCreditLimit>
    </RemarkCreditLimit>
    <Solvency>Solvent</Solvency>
    <Street>Daigones Street 22</Street>
    <TransportCost>18.00</TransportCost>
  </CustTable>
  <CustTable>
    <AccountNum>00722754</AccountNum>
    <Address>Ul. Zolkiewskiego 39/2
25-130Kielce
POL</Address>
    <AfterDelivery>Yes</AfterDelivery>
    <BakersBondMember>No</BakersBondMember>
    <Balance>0.00</Balance>
    <BasePriceGroup>
    </BasePriceGroup>
    <City>Kielce</City>
    <ClosedFriday>No</ClosedFriday>
    <ClosedMonday>No</ClosedMonday>
    <ClosedSaturday>No</ClosedSaturday>
    <ClosedSunday>No</ClosedSunday>
    <ClosedThursday>No</ClosedThursday>
    <ClosedTuesday>No</ClosedTuesday>
    <ClosedWednesday>No</ClosedWednesday>
    <CreditMax>0.00</CreditMax>
    <Current>0.00</Current>
    <CustGroup>01</CustGroup>
    <DeliveryAddress>
    </DeliveryAddress>
    <DeliveryName>
    </DeliveryName>
    <Email>
    </Email>
    <EmailDelivery>katrien.decoster@cegeka.com</EmailDelivery>
    <EndOfTheYearDiscount>0.00</EndOfTheYearDiscount>
    <Fax>
    </Fax>
    <HolidayFromDate>
    </HolidayFromDate>
    <HolidayToDate>
    </HolidayToDate>
    <IsSEPA>No</IsSEPA>
    <MainContactWorker>0</MainContactWorker>
    <MinDeliveryValue>0</MinDeliveryValue>
    <Mobile>
    </Mobile>
    <Name>Go Frost Edyta Fuginska</Name>
    <Past>0.00</Past>
    <PaymTermId>NET14</PaymTermId>
    <Phone>
    </Phone>
    <PoRefMandatory>No</PoRefMandatory>
    <PriceGroup>
    </PriceGroup>
    <RecId>5637163327</RecId>
    <RemarkCreditLimit>
    </RemarkCreditLimit>
    <Solvency>Solvent</Solvency>
    <Street>Ul. Zolkiewskiego 39/2</Street>
    <TransportCost>18.00</TransportCost>
  </CustTable>
  <CustTable>
    <AccountNum>00799001</AccountNum>
    <Address>Freienwalder Chaussee 21
16356 Werneuchen
DEU</Address>
    <AfterDelivery>Yes</AfterDelivery>
    <BakersBondMember>No</BakersBondMember>
    <Balance>0.00</Balance>
    <BasePriceGroup>
    </BasePriceGroup>
    <City>Werneuchen</City>
    <ClosedFriday>No</ClosedFriday>
    <ClosedMonday>No</ClosedMonday>
    <ClosedSaturday>No</ClosedSaturday>
    <ClosedSunday>No</ClosedSunday>
    <ClosedThursday>No</ClosedThursday>
    <ClosedTuesday>No</ClosedTuesday>
    <ClosedWednesday>No</ClosedWednesday>
    <CreditMax>0.00</CreditMax>
    <Current>0.00</Current>
    <CustGroup>01</CustGroup>
    <DeliveryAddress>
    </DeliveryAddress>
    <DeliveryName>
    </DeliveryName>
    <Email>
    </Email>
    <EmailDelivery>katrien.decoster@cegeka.com</EmailDelivery>
    <EndOfTheYearDiscount>0.00</EndOfTheYearDiscount>
    <Fax>
    </Fax>
    <HolidayFromDate>
    </HolidayFromDate>
    <HolidayToDate>
    </HolidayToDate>
    <IsSEPA>No</IsSEPA>
    <MainContactWorker>0</MainContactWorker>
    <MinDeliveryValue>0</MinDeliveryValue>
    <Mobile>
    </Mobile>
    <Name>Zuegg Deutschland GmbH</Name>
    <Past>0.00</Past>
    <PaymTermId>
    </PaymTermId>
    <Phone>
    </Phone>
    <PoRefMandatory>No</PoRefMandatory>
    <PriceGroup>
    </PriceGroup>
    <RecId>5637163329</RecId>
    <RemarkCreditLimit>
    </RemarkCreditLimit>
    <Solvency>Solvent</Solvency>
    <Street>Freienwalder Chaussee 21</Street>
    <TransportCost>18.00</TransportCost>
  </CustTable>
  <CustTable>
    <AccountNum>00803291</AccountNum>
    <Address>3580 Beringen
BEL</Address>
    <AfterDelivery>Yes</AfterDelivery>
    <BakersBondMember>No</BakersBondMember>
    <Balance>-1918.28</Balance>
    <BasePriceGroup>
    </BasePriceGroup>
    <City>Beringen</City>
    <ClosedFriday>No</ClosedFriday>
    <ClosedMonday>No</ClosedMonday>
    <ClosedSaturday>No</ClosedSaturday>
    <ClosedSunday>No</ClosedSunday>
    <ClosedThursday>No</ClosedThursday>
    <ClosedTuesday>No</ClosedTuesday>
    <ClosedWednesday>No</ClosedWednesday>
    <CreditMax>0.00</CreditMax>
    <Current>3081.72</Current>
    <CustGroup>01</CustGroup>
    <DeliveryAddress>
    </DeliveryAddress>
    <DeliveryName>
    </DeliveryName>
    <Email>
    </Email>
    <EmailDelivery>katrien.decoster@cegeka.com</EmailDelivery>
    <EndOfTheYearDiscount>0.00</EndOfTheYearDiscount>
    <Fax>
    </Fax>
    <HolidayFromDate>
    </HolidayFromDate>
    <HolidayToDate>
    </HolidayToDate>
    <IsSEPA>No</IsSEPA>
    <LastPaymAmount>5000.00</LastPaymAmount>
    <LastPaymDate>2016-04-21</LastPaymDate>
    <MainContactWorker>0</MainContactWorker>
    <MinDeliveryValue>0</MinDeliveryValue>
    <Mobile>
    </Mobile>
    <Name>GEYSKENS DELICATESSEN</Name>
    <NextDeliveryDate1>2016-09-24</NextDeliveryDate1>
    <NextDeliveryDate2>2016-09-25</NextDeliveryDate2>
    <Past>0.00</Past>
    <PaymTermId>COD</PaymTermId>
    <Phone>
    </Phone>
    <PoRefMandatory>No</PoRefMandatory>
    <PriceGroup>Bakker1</PriceGroup>
    <RecId>5637152828</RecId>
    <RemarkCreditLimit>
    </RemarkCreditLimit>
    <Solvency>Solvent</Solvency>
    <Street>
    </Street>
    <TransportCost>18.00</TransportCost>
    <WHSCustRouteTable>
      <DropOffTime>15:00:00</DropOffTime>
      <WeekDays>Tuesday</WeekDays>
      <WHSRoute>Route 4</WHSRoute>
    </WHSCustRouteTable>
  </CustTable>
  <CustTable>
    <AccountNum>00818631</AccountNum>
    <Address>OVERWINNINGSTRAAT 150
2830 Willebroek
Belgium</Address>
    <AfterDelivery>Yes</AfterDelivery>
    <BakersBondMember>No</BakersBondMember>
    <Balance>-493.12</Balance>
    <BasePriceGroup>Bakker1</BasePriceGroup>
    <City>Willebroek</City>
    <ClosedFriday>No</ClosedFriday>
    <ClosedMonday>No</ClosedMonday>
    <ClosedSaturday>No</ClosedSaturday>
    <ClosedSunday>No</ClosedSunday>
    <ClosedThursday>No</ClosedThursday>
    <ClosedTuesday>No</ClosedTuesday>
    <ClosedWednesday>No</ClosedWednesday>
    <CreditMax>999915000.00</CreditMax>
    <Current>-3.99</Current>
    <CustGroup>01</CustGroup>
    <DeliveryAddress>
    </DeliveryAddress>
    <DeliveryName>
    </DeliveryName>
    <Email>
    </Email>
    <EmailDelivery>katrien.decoster@cegeka.com</EmailDelivery>
    <EndOfTheYearDiscount>0.00</EndOfTheYearDiscount>
    <Fax>
    </Fax>
    <HolidayFromDate>
    </HolidayFromDate>
    <HolidayToDate>
    </HolidayToDate>
    <IsSEPA>No</IsSEPA>
    <LastPaymAmount>4.55</LastPaymAmount>
    <LastPaymDate>2016-03-29</LastPaymDate>
    <MainContactWorker>0</MainContactWorker>
    <MinDeliveryValue>0</MinDeliveryValue>
    <Mobile>
    </Mobile>
    <Name>BEULENS BVBA</Name>
    <Past>0.00</Past>
    <PaymTermId>EOM</PaymTermId>
    <Phone>
    </Phone>
    <PoRefMandatory>No</PoRefMandatory>
    <PriceGroup>
    </PriceGroup>
    <RecId>5637148326</RecId>
    <RemarkCreditLimit>
    </RemarkCreditLimit>
    <Solvency>Solvent</Solvency>
    <Street>OVERWINNINGSTRAAT 150</Street>
    <TransportCost>18.00</TransportCost>
    <WHSCustRouteTable>
      <DropOffTime>00:00:00</DropOffTime>
      <WeekDays>Monday</WeekDays>
      <WHSRoute>Route 1</WHSRoute>
    </WHSCustRouteTable>
    <WHSCustRouteTable>
      <DropOffTime>00:00:00</DropOffTime>
      <WeekDays>Tuesday</WeekDays>
      <WHSRoute>Route 2</WHSRoute>
    </WHSCustRouteTable>
    <WHSCustRouteTable>
      <DropOffTime>00:00:00</DropOffTime>
      <WeekDays>Wednesday</WeekDays>
      <WHSRoute>Route 1</WHSRoute>
    </WHSCustRouteTable>
    <WHSCustRouteTable>
      <DropOffTime>00:00:00</DropOffTime>
      <WeekDays>Thursday</WeekDays>
      <WHSRoute>Route 1</WHSRoute>
    </WHSCustRouteTable>
    <WHSCustRouteTable>
      <DropOffTime>00:00:00</DropOffTime>
      <WeekDays>Friday</WeekDays>
      <WHSRoute>Route 1</WHSRoute>
    </WHSCustRouteTable>
  </CustTable>
  <CustTable>
    <AccountNum>012345</AccountNum>
    <Address>HARELBEKESTRAAT 11
8540 Deerlijk
BEL</Address>
    <AfterDelivery>Yes</AfterDelivery>
    <BakersBondMember>No</BakersBondMember>
    <Balance>0.00</Balance>
    <BasePriceGroup>Grossier2</BasePriceGroup>
    <City>Deerlijk</City>
    <ClosedFriday>No</ClosedFriday>
    <ClosedMonday>No</ClosedMonday>
    <ClosedSaturday>No</ClosedSaturday>
    <ClosedSunday>No</ClosedSunday>
    <ClosedThursday>No</ClosedThursday>
    <ClosedTuesday>No</ClosedTuesday>
    <ClosedWednesday>No</ClosedWednesday>
    <CreditMax>250000.00</CreditMax>
    <Current>0.00</Current>
    <CustGroup>01</CustGroup>
    <DeliveryAddress>HARELBEKESTRAAT 11
8540 Deerlijk
BEL</DeliveryAddress>
    <DeliveryName>ADENS FRANK</DeliveryName>
    <Email>Frank@bedrijf.test</Email>
    <EmailDelivery>bla@bla.bla</EmailDelivery>
    <EndOfTheYearDiscount>0.00</EndOfTheYearDiscount>
    <Fax>
    </Fax>
    <HolidayFromDate>
    </HolidayFromDate>
    <HolidayToDate>
    </HolidayToDate>
    <IsSEPA>No</IsSEPA>
    <MainContactWorker>5637149826</MainContactWorker>
    <MinDeliveryValue>0</MinDeliveryValue>
    <Mobile>
    </Mobile>
    <Name>ADENS FRANK</Name>
    <NextDeliveryDate1>2016-09-28</NextDeliveryDate1>
    <NextDeliveryDate2>2016-10-05</NextDeliveryDate2>
    <Past>0.00</Past>
    <PaymTermId>EOM30</PaymTermId>
    <Phone>+32 000000000000</Phone>
    <PoRefMandatory>No</PoRefMandatory>
    <PriceGroup>Bakker1</PriceGroup>
    <RecId>5637152076</RecId>
    <RemarkCreditLimit>
    </RemarkCreditLimit>
    <Solvency>Solvent</Solvency>
    <Street>HARELBEKESTRAAT 11</Street>
    <TransportCost>18.00</TransportCost>
    <smmTMCallScheme>
      <Hour>00:00:00</Hour>
      <Name>
      </Name>
      <NextDate>2016-10-03</NextDate>
      <Phone>+32 000000000000</Phone>
      <Type>Visit</Type>
      <Week>1</Week>
      <WeekDay>1</WeekDay>
    </smmTMCallScheme>
    <smmTMCallScheme>
      <Hour>00:00:00</Hour>
      <Name>
      </Name>
      <NextDate>2016-10-07</NextDate>
      <Phone>+32 000000000000</Phone>
      <Type>Visit</Type>
      <Week>1</Week>
      <WeekDay>5</WeekDay>
    </smmTMCallScheme>
    <smmTMCallScheme>
      <Hour>00:00:00</Hour>
      <Name>
      </Name>
      <NextDate>2016-10-10</NextDate>
      <Phone>+32 000000000000</Phone>
      <Type>Visit</Type>
      <Week>2</Week>
      <WeekDay>1</WeekDay>
    </smmTMCallScheme>
    <WHSCustRouteTable>
      <DropOffTime>08:00:00</DropOffTime>
      <WeekDays>Monday</WeekDays>
      <WHSRoute>Route 1</WHSRoute>
    </WHSCustRouteTable>
    <WHSCustRouteTable>
      <DropOffTime>08:00:00</DropOffTime>
      <WeekDays>Tuesday</WeekDays>
      <WHSRoute>Route 2</WHSRoute>
    </WHSCustRouteTable>
    <WHSCustRouteTable>
      <DropOffTime>08:00:00</DropOffTime>
      <WeekDays>Wednesday</WeekDays>
      <WHSRoute>Route 3</WHSRoute>
    </WHSCustRouteTable>
    <WHSCustRouteTable>
      <DropOffTime>08:00:00</DropOffTime>
      <WeekDays>Thursday</WeekDays>
      <WHSRoute>Route 4</WHSRoute>
    </WHSCustRouteTable>
    <WHSCustRouteTable>
      <DropOffTime>08:00:00</DropOffTime>
      <WeekDays>Friday</WeekDays>
      <WHSRoute>Route 5</WHSRoute>
    </WHSCustRouteTable>
    <WHSCustRouteTable>
      <DropOffTime>00:00:00</DropOffTime>
      <WeekDays>Saturday</WeekDays>
      <WHSRoute>Route 3</WHSRoute>
    </WHSCustRouteTable>
  </CustTable>
  <CustTable>
    <AccountNum>01708091</AccountNum>
    <Address>Bellegemsestraat 81

8510 Bellegem
BEL</Address>
    <AfterDelivery>Yes</AfterDelivery>
    <BakersBondMember>No</BakersBondMember>
    <Balance>0.00</Balance>
    <BasePriceGroup>
    </BasePriceGroup>
    <City>Bellegem</City>
    <ClosedFriday>No</ClosedFriday>
    <ClosedMonday>No</ClosedMonday>
    <ClosedSaturday>No</ClosedSaturday>
    <ClosedSunday>No</ClosedSunday>
    <ClosedThursday>No</ClosedThursday>
    <ClosedTuesday>No</ClosedTuesday>
    <ClosedWednesday>No</ClosedWednesday>
    <CreditMax>0.00</CreditMax>
    <Current>0.00</Current>
    <CustGroup>01</CustGroup>
    <DeliveryAddress>
    </DeliveryAddress>
    <DeliveryName>
    </DeliveryName>
    <Email>
    </Email>
    <EmailDelivery>katrien.decoster@cegeka.com</EmailDelivery>
    <EndOfTheYearDiscount>0.00</EndOfTheYearDiscount>
    <Fax>
    </Fax>
    <HolidayFromDate>
    </HolidayFromDate>
    <HolidayToDate>
    </HolidayToDate>
    <IsSEPA>No</IsSEPA>
    <MainContactWorker>5637148326</MainContactWorker>
    <MinDeliveryValue>0</MinDeliveryValue>
    <Mobile>
    </Mobile>
    <Name>Diecobel BVBA</Name>
    <Past>0.00</Past>
    <PaymTermId>EOM30</PaymTermId>
    <Phone>056/221409</Phone>
    <PoRefMandatory>No</PoRefMandatory>
    <PriceGroup>
    </PriceGroup>
    <RecId>5637158827</RecId>
    <RemarkCreditLimit>
    </RemarkCreditLimit>
    <Solvency>Solvent</Solvency>
    <Street>Bellegemsestraat 81
</Street>
    <TransportCost>18.00</TransportCost>
  </CustTable>
  <CustTable>
    <AccountNum>01931241</AccountNum>
    <Address>VILVOORDSELAAN 300
1130 Haren (Bru.)
BEL</Address>
    <AfterDelivery>Yes</AfterDelivery>
    <BakersBondMember>No</BakersBondMember>
    <Balance>0.00</Balance>
    <BasePriceGroup>
    </BasePriceGroup>
    <City>Haren (Bru.)</City>
    <ClosedFriday>No</ClosedFriday>
    <ClosedMonday>No</ClosedMonday>
    <ClosedSaturday>No</ClosedSaturday>
    <ClosedSunday>No</ClosedSunday>
    <ClosedThursday>No</ClosedThursday>
    <ClosedTuesday>No</ClosedTuesday>
    <ClosedWednesday>No</ClosedWednesday>
    <CreditMax>0.00</CreditMax>
    <Current>0.00</Current>
    <CustGroup>01</CustGroup>
    <DeliveryAddress>DUMONPLEIN 4
1150 Sint-Pieters-Woluwe
BEL</DeliveryAddress>
    <DeliveryName>CERES LEVERADRES</DeliveryName>
    <Email>
    </Email>
    <EmailDelivery>
    </EmailDelivery>
    <EndOfTheYearDiscount>0.00</EndOfTheYearDiscount>
    <Fax>
    </Fax>
    <HolidayFromDate>
    </HolidayFromDate>
    <HolidayToDate>
    </HolidayToDate>
    <IsSEPA>No</IsSEPA>
    <MainContactWorker>0</MainContactWorker>
    <MinDeliveryValue>0</MinDeliveryValue>
    <Mobile>
    </Mobile>
    <Name>CERES SA</Name>
    <Past>0.00</Past>
    <PaymTermId>COD</PaymTermId>
    <Phone>
    </Phone>
    <PoRefMandatory>No</PoRefMandatory>
    <PriceGroup>Bakker1</PriceGroup>
    <RecId>5637149077</RecId>
    <RemarkCreditLimit>
    </RemarkCreditLimit>
    <Solvency>Solvent</Solvency>
    <Street>VILVOORDSELAAN 300</Street>
    <TransportCost>18.00</TransportCost>
  </CustTable>
  <CustTable>
    <AccountNum>01931242</AccountNum>
    <Address>2000 Antwerpen
BEL</Address>
    <AfterDelivery>Yes</AfterDelivery>
    <BakersBondMember>No</BakersBondMember>
    <Balance>4531.88</Balance>
    <BasePriceGroup>
    </BasePriceGroup>
    <City>Antwerpen</City>
    <ClosedFriday>No</ClosedFriday>
    <ClosedMonday>No</ClosedMonday>
    <ClosedSaturday>No</ClosedSaturday>
    <ClosedSunday>No</ClosedSunday>
    <ClosedThursday>No</ClosedThursday>
    <ClosedTuesday>No</ClosedTuesday>
    <ClosedWednesday>No</ClosedWednesday>
    <CreditMax>0.00</CreditMax>
    <Current>4531.88</Current>
    <CustGroup>01</CustGroup>
    <DeliveryAddress>
    </DeliveryAddress>
    <DeliveryName>
    </DeliveryName>
    <Email>
    </Email>
    <EmailDelivery>katrien.decoster@cegeka.com</EmailDelivery>
    <EndOfTheYearDiscount>0.00</EndOfTheYearDiscount>
    <Fax>
    </Fax>
    <HolidayFromDate>
    </HolidayFromDate>
    <HolidayToDate>
    </HolidayToDate>
    <IsSEPA>No</IsSEPA>
    <MainContactWorker>5637146826</MainContactWorker>
    <MinDeliveryValue>0</MinDeliveryValue>
    <Mobile>
    </Mobile>
    <Name>UYTTENDAELE-NUYTS GERRY &amp; VANESSA</Name>
    <Past>0.00</Past>
    <PaymTermId>NET30</PaymTermId>
    <Phone>
    </Phone>
    <PoRefMandatory>No</PoRefMandatory>
    <PriceGroup>Bakker2</PriceGroup>
    <RecId>5637153576</RecId>
    <RemarkCreditLimit>
    </RemarkCreditLimit>
    <Solvency>Solvent</Solvency>
    <Street>
    </Street>
    <TransportCost>18.00</TransportCost>
  </CustTable>
  <CustTable>
    <AccountNum>02005615</AccountNum>
    <Address>Karel Oomstraat 47
2018 Antwerpen
BEL</Address>
    <AfterDelivery>No</AfterDelivery>
    <BakersBondMember>No</BakersBondMember>
    <Balance>57078.79</Balance>
    <BasePriceGroup>
    </BasePriceGroup>
    <City>Antwerpen</City>
    <ClosedFriday>No</ClosedFriday>
    <ClosedMonday>No</ClosedMonday>
    <ClosedSaturday>No</ClosedSaturday>
    <ClosedSunday>No</ClosedSunday>
    <ClosedThursday>No</ClosedThursday>
    <ClosedTuesday>No</ClosedTuesday>
    <ClosedWednesday>No</ClosedWednesday>
    <CreditMax>0.00</CreditMax>
    <Current>57145.49</Current>
    <CustGroup>01</CustGroup>
    <DeliveryAddress>Karel Oomstraat 47
2018 Antwerpen
BEL</DeliveryAddress>
    <DeliveryName>ALBERT HEIJN BELGIE NV</DeliveryName>
    <Email>katrien.decoster@cegeka.com</Email>
    <EmailDelivery>katrien.decoster@cegeka.com</EmailDelivery>
    <EndOfTheYearDiscount>0.00</EndOfTheYearDiscount>
    <Fax>
    </Fax>
    <HolidayFromDate>
    </HolidayFromDate>
    <HolidayToDate>
    </HolidayToDate>
    <IsSEPA>No</IsSEPA>
    <LastPaymAmount>66.70</LastPaymAmount>
    <LastPaymDate>2016-04-06</LastPaymDate>
    <MainContactWorker>0</MainContactWorker>
    <MinDeliveryValue>0</MinDeliveryValue>
    <Mobile>
    </Mobile>
    <Name>ALBERT HEIJN BELGIE NV</Name>
    <NextDeliveryDate1>2016-09-26</NextDeliveryDate1>
    <NextDeliveryDate2>2016-09-27</NextDeliveryDate2>
    <Past>0.00</Past>
    <PaymTermId>EOM08</PaymTermId>
    <Phone>+32 641 98 40</Phone>
    <PoRefMandatory>No</PoRefMandatory>
    <PriceGroup>Bakker2</PriceGroup>
    <RecId>5637144577</RecId>
    <RemarkCreditLimit>
    </RemarkCreditLimit>
    <Solvency>Solvent</Solvency>
    <Street>Karel Oomstraat 47</Street>
    <TransportCost>18.00</TransportCost>
    <WHSCustRouteTable>
      <DropOffTime>06:00:00</DropOffTime>
      <WeekDays>Monday</WeekDays>
      <WHSRoute>Route 1</WHSRoute>
    </WHSCustRouteTable>
    <WHSCustRouteTable>
      <DropOffTime>07:00:00</DropOffTime>
      <WeekDays>Tuesday</WeekDays>
      <WHSRoute>Route 2</WHSRoute>
    </WHSCustRouteTable>
    <WHSCustRouteTable>
      <DropOffTime>08:00:00</DropOffTime>
      <WeekDays>Wednesday</WeekDays>
      <WHSRoute>Route 3</WHSRoute>
    </WHSCustRouteTable>
    <WHSCustRouteTable>
      <DropOffTime>09:00:00</DropOffTime>
      <WeekDays>Thursday</WeekDays>
      <WHSRoute>Route 4</WHSRoute>
    </WHSCustRouteTable>
    <WHSCustRouteTable>
      <DropOffTime>10:00:00</DropOffTime>
      <WeekDays>Friday</WeekDays>
      <WHSRoute>Route 5</WHSRoute>
    </WHSCustRouteTable>
    <RemarkDriver>
      <Notes>test</Notes>
    </RemarkDriver>
    <RemarkDriver>
      <Notes>test3</Notes>
    </RemarkDriver>
  </CustTable>
  <CustTable>
    <AccountNum>02005616</AccountNum>
    <Address>Steenweg 12
9250 Waasmunster
Belgium</Address>
    <AfterDelivery>Yes</AfterDelivery>
    <BakersBondMember>No</BakersBondMember>
    <Balance>0.00</Balance>
    <BasePriceGroup>
    </BasePriceGroup>
    <City>Waasmunster</City>
    <ClosedFriday>No</ClosedFriday>
    <ClosedMonday>No</ClosedMonday>
    <ClosedSaturday>No</ClosedSaturday>
    <ClosedSunday>No</ClosedSunday>
    <ClosedThursday>No</ClosedThursday>
    <ClosedTuesday>No</ClosedTuesday>
    <ClosedWednesday>No</ClosedWednesday>
    <CreditMax>0.00</CreditMax>
    <Current>0.00</Current>
    <CustGroup>11</CustGroup>
    <DeliveryAddress>
    </DeliveryAddress>
    <DeliveryName>
    </DeliveryName>
    <Email>
    </Email>
    <EmailDelivery>katrien.decoster@cegeka.com</EmailDelivery>
    <EndOfTheYearDiscount>0.00</EndOfTheYearDiscount>
    <Fax>
    </Fax>
    <HolidayFromDate>
    </HolidayFromDate>
    <HolidayToDate>
    </HolidayToDate>
    <IsSEPA>No</IsSEPA>
    <MainContactWorker>0</MainContactWorker>
    <MinDeliveryValue>0</MinDeliveryValue>
    <Mobile>
    </Mobile>
    <Name>BISTRO &amp; GRILL SINT ELOOI</Name>
    <Past>0.00</Past>
    <PaymTermId>EOM30</PaymTermId>
    <Phone>
    </Phone>
    <PoRefMandatory>No</PoRefMandatory>
    <PriceGroup>
    </PriceGroup>
    <RecId>5637146826</RecId>
    <RemarkCreditLimit>
    </RemarkCreditLimit>
    <Solvency>Solvent</Solvency>
    <Street>Steenweg 12</Street>
    <TransportCost>18.00</TransportCost>
    <WHSCustRouteTable>
      <DropOffTime>09:00:00</DropOffTime>
      <WeekDays>Monday</WeekDays>
      <WHSRoute>Route 1</WHSRoute>
    </WHSCustRouteTable>
    <WHSCustRouteTable>
      <DropOffTime>12:00:00</DropOffTime>
      <WeekDays>Thursday</WeekDays>
      <WHSRoute>Route 3</WHSRoute>
    </WHSCustRouteTable>
  </CustTable>
  <CustTable>
    <AccountNum>02078831</AccountNum>
    <Address>EVERDONGENLAAN 23C
2300 Turnhout
BEL</Address>
    <AfterDelivery>No</AfterDelivery>
    <BakersBondMember>No</BakersBondMember>
    <Balance>12341.16</Balance>
    <BasePriceGroup>Bakker1</BasePriceGroup>
    <City>Turnhout</City>
    <ClosedFriday>No</ClosedFriday>
    <ClosedMonday>No</ClosedMonday>
    <ClosedSaturday>No</ClosedSaturday>
    <ClosedSunday>No</ClosedSunday>
    <ClosedThursday>No</ClosedThursday>
    <ClosedTuesday>No</ClosedTuesday>
    <ClosedWednesday>No</ClosedWednesday>
    <CreditMax>50000.00</CreditMax>
    <Current>12341.16</Current>
    <CustGroup>01</CustGroup>
    <DeliveryAddress>
    </DeliveryAddress>
    <DeliveryName>
    </DeliveryName>
    <Email>ANNICK.VANHOVE@VERLEYE-CHOCOLATERIE.BE</Email>
    <EmailDelivery>katrien.decoster@cegeka.com</EmailDelivery>
    <EndOfTheYearDiscount>0.00</EndOfTheYearDiscount>
    <Fax>
    </Fax>
    <HolidayFromDate>
    </HolidayFromDate>
    <HolidayToDate>
    </HolidayToDate>
    <IsSEPA>No</IsSEPA>
    <MainContactWorker>0</MainContactWorker>
    <MinDeliveryValue>0</MinDeliveryValue>
    <Mobile>
    </Mobile>
    <Name>VERLEYE CHOCOLATERIE</Name>
    <NextDeliveryDate1>2016-09-24</NextDeliveryDate1>
    <NextDeliveryDate2>2016-09-25</NextDeliveryDate2>
    <Past>0.00</Past>
    <PaymTermId>EOM60</PaymTermId>
    <Phone>014/43.90.73</Phone>
    <PoRefMandatory>No</PoRefMandatory>
    <PriceGroup>Bakker1</PriceGroup>
    <RecId>5637152826</RecId>
    <RemarkCreditLimit>
    </RemarkCreditLimit>
    <Solvency>Solvent</Solvency>
    <Street>EVERDONGENLAAN 23C</Street>
    <TransportCost>18.00</TransportCost>
    <WHSCustRouteTable>
      <DropOffTime>07:00:00</DropOffTime>
      <WeekDays>Tuesday</WeekDays>
      <WHSRoute>Route 4</WHSRoute>
    </WHSCustRouteTable>
  </CustTable>
  <CustTable>
    <AccountNum>0601941</AccountNum>
    <Address>Siemensstrasse 13-17
25462 Rellingen
DEU</Address>
    <AfterDelivery>Yes</AfterDelivery>
    <BakersBondMember>No</BakersBondMember>
    <Balance>0.00</Balance>
    <BasePriceGroup>
    </BasePriceGroup>
    <City>Rellingen</City>
    <ClosedFriday>No</ClosedFriday>
    <ClosedMonday>No</ClosedMonday>
    <ClosedSaturday>No</ClosedSaturday>
    <ClosedSunday>No</ClosedSunday>
    <ClosedThursday>No</ClosedThursday>
    <ClosedTuesday>No</ClosedTuesday>
    <ClosedWednesday>No</ClosedWednesday>
    <CreditMax>0.00</CreditMax>
    <Current>0.00</Current>
    <CustGroup>01</CustGroup>
    <DeliveryAddress>
    </DeliveryAddress>
    <DeliveryName>
    </DeliveryName>
    <Email>
    </Email>
    <EmailDelivery>katrien.decoster@cegeka.com</EmailDelivery>
    <EndOfTheYearDiscount>0.00</EndOfTheYearDiscount>
    <Fax>
    </Fax>
    <HolidayFromDate>
    </HolidayFromDate>
    <HolidayToDate>
    </HolidayToDate>
    <IsSEPA>No</IsSEPA>
    <MainContactWorker>0</MainContactWorker>
    <MinDeliveryValue>0</MinDeliveryValue>
    <Mobile>
    </Mobile>
    <Name>Baeko Zentrale Nord EG</Name>
    <Past>0.00</Past>
    <PaymTermId>NET08</PaymTermId>
    <Phone>
    </Phone>
    <PoRefMandatory>No</PoRefMandatory>
    <PriceGroup>
    </PriceGroup>
    <RecId>5637162576</RecId>
    <RemarkCreditLimit>
    </RemarkCreditLimit>
    <Solvency>Solvent</Solvency>
    <Street>Siemensstrasse 13-17</Street>
    <TransportCost>18.00</TransportCost>
  </CustTable>
  <CustTable>
    <AccountNum>11111</AccountNum>
    <Address>2000 Antwerpen
BEL</Address>
    <AfterDelivery>Yes</AfterDelivery>
    <BakersBondMember>No</BakersBondMember>
    <Balance>0.00</Balance>
    <BasePriceGroup>
    </BasePriceGroup>
    <City>Antwerpen</City>
    <ClosedFriday>No</ClosedFriday>
    <ClosedMonday>No</ClosedMonday>
    <ClosedSaturday>No</ClosedSaturday>
    <ClosedSunday>No</ClosedSunday>
    <ClosedThursday>No</ClosedThursday>
    <ClosedTuesday>No</ClosedTuesday>
    <ClosedWednesday>No</ClosedWednesday>
    <CreditMax>0.00</CreditMax>
    <Current>0.00</Current>
    <CustGroup>02</CustGroup>
    <DeliveryAddress>
    </DeliveryAddress>
    <DeliveryName>
    </DeliveryName>
    <Email>
    </Email>
    <EmailDelivery>katrien.decoster@cegeka.com</EmailDelivery>
    <EndOfTheYearDiscount>0.00</EndOfTheYearDiscount>
    <Fax>
    </Fax>
    <HolidayFromDate>
    </HolidayFromDate>
    <HolidayToDate>
    </HolidayToDate>
    <IsSEPA>No</IsSEPA>
    <MainContactWorker>0</MainContactWorker>
    <MinDeliveryValue>0</MinDeliveryValue>
    <Mobile>
    </Mobile>
    <Name>Comptoire Sucrier BVBA</Name>
    <Past>0.00</Past>
    <PaymTermId>NET30</PaymTermId>
    <Phone>
    </Phone>
    <PoRefMandatory>No</PoRefMandatory>
    <PriceGroup>
    </PriceGroup>
    <RecId>5637164827</RecId>
    <RemarkCreditLimit>
    </RemarkCreditLimit>
    <Solvency>Solvent</Solvency>
    <Street>
    </Street>
    <TransportCost>18.00</TransportCost>
  </CustTable>
  <CustTable>
    <AccountNum>1368594</AccountNum>
    <Address>HAVENSTRAAT 1
2000 Antwerpen
BEL</Address>
    <AfterDelivery>Yes</AfterDelivery>
    <BakersBondMember>No</BakersBondMember>
    <Balance>-99879.00</Balance>
    <BasePriceGroup>
    </BasePriceGroup>
    <City>Antwerpen</City>
    <ClosedFriday>No</ClosedFriday>
    <ClosedMonday>No</ClosedMonday>
    <ClosedSaturday>No</ClosedSaturday>
    <ClosedSunday>No</ClosedSunday>
    <ClosedThursday>No</ClosedThursday>
    <ClosedTuesday>No</ClosedTuesday>
    <ClosedWednesday>No</ClosedWednesday>
    <CreditMax>2000.00</CreditMax>
    <Current>121.00</Current>
    <CustGroup>01</CustGroup>
    <DeliveryAddress>
    </DeliveryAddress>
    <DeliveryName>
    </DeliveryName>
    <Email>
    </Email>
    <EmailDelivery>katrien.decoster@cegeka.com</EmailDelivery>
    <EndOfTheYearDiscount>0.00</EndOfTheYearDiscount>
    <Fax>
    </Fax>
    <HolidayFromDate>
    </HolidayFromDate>
    <HolidayToDate>
    </HolidayToDate>
    <IsSEPA>Yes</IsSEPA>
    <LastPaymAmount>100000.00</LastPaymAmount>
    <LastPaymDate>2016-04-26</LastPaymDate>
    <MainContactWorker>0</MainContactWorker>
    <MinDeliveryValue>0</MinDeliveryValue>
    <Mobile>
    </Mobile>
    <Name>VANHAMELEN NV</Name>
    <Past>0.00</Past>
    <PaymTermId>NET60</PaymTermId>
    <Phone>
    </Phone>
    <PoRefMandatory>No</PoRefMandatory>
    <PriceGroup>Grossier1</PriceGroup>
    <RecId>5637154327</RecId>
    <RemarkCreditLimit>
    </RemarkCreditLimit>
    <Solvency>AgreementACC</Solvency>
    <Street>HAVENSTRAAT 1</Street>
    <TransportCost>18.00</TransportCost>
  </CustTable>
  <CustTable>
    <AccountNum>502751</AccountNum>
    <Address>ZI-26 BD FUON SANTA
6340 LA TRINITE
France</Address>
    <AfterDelivery>Yes</AfterDelivery>
    <BakersBondMember>No</BakersBondMember>
    <Balance>2687.50</Balance>
    <BasePriceGroup>Bakker1</BasePriceGroup>
    <City>LA TRINITE</City>
    <ClosedFriday>No</ClosedFriday>
    <ClosedMonday>No</ClosedMonday>
    <ClosedSaturday>No</ClosedSaturday>
    <ClosedSunday>No</ClosedSunday>
    <ClosedThursday>No</ClosedThursday>
    <ClosedTuesday>No</ClosedTuesday>
    <ClosedWednesday>No</ClosedWednesday>
    <CreditMax>50000.00</CreditMax>
    <Current>2687.50</Current>
    <CustGroup>01</CustGroup>
    <DeliveryAddress>
    </DeliveryAddress>
    <DeliveryName>
    </DeliveryName>
    <Email>
    </Email>
    <EmailDelivery>katrien.decoster@cegeka.com</EmailDelivery>
    <EndOfTheYearDiscount>0.00</EndOfTheYearDiscount>
    <Fax>
    </Fax>
    <HolidayFromDate>
    </HolidayFromDate>
    <HolidayToDate>
    </HolidayToDate>
    <IsSEPA>No</IsSEPA>
    <MainContactWorker>5637146826</MainContactWorker>
    <MinDeliveryValue>0</MinDeliveryValue>
    <Mobile>
    </Mobile>
    <Name>BACCHI SARL</Name>
    <Past>0.00</Past>
    <PaymTermId>NET30</PaymTermId>
    <Phone>
    </Phone>
    <PoRefMandatory>No</PoRefMandatory>
    <PriceGroup>Industrie2</PriceGroup>
    <RecId>5637155826</RecId>
    <RemarkCreditLimit>
    </RemarkCreditLimit>
    <Solvency>Solvent</Solvency>
    <Street>ZI-26 BD FUON SANTA</Street>
    <TransportCost>18.00</TransportCost>
    <WHSCustRouteTable>
      <DropOffTime>05:00:00</DropOffTime>
      <WeekDays>Monday</WeekDays>
      <WHSRoute>Route 1</WHSRoute>
    </WHSCustRouteTable>
    <WHSCustRouteTable>
      <DropOffTime>06:00:00</DropOffTime>
      <WeekDays>Tuesday</WeekDays>
      <WHSRoute>Route 2</WHSRoute>
    </WHSCustRouteTable>
    <WHSCustRouteTable>
      <DropOffTime>07:00:00</DropOffTime>
      <WeekDays>Wednesday</WeekDays>
      <WHSRoute>Route 3</WHSRoute>
    </WHSCustRouteTable>
    <WHSCustRouteTable>
      <DropOffTime>08:00:00</DropOffTime>
      <WeekDays>Thursday</WeekDays>
      <WHSRoute>Route 4</WHSRoute>
    </WHSCustRouteTable>
    <WHSCustRouteTable>
      <DropOffTime>09:00:00</DropOffTime>
      <WeekDays>Friday</WeekDays>
      <WHSRoute>Route 5</WHSRoute>
    </WHSCustRouteTable>
  </CustTable>
  <CustTable>
    <AccountNum>676216</AccountNum>
    <Address>Overacker 39
8530 Harelbeke
BEL</Address>
    <AfterDelivery>Yes</AfterDelivery>
    <BakersBondMember>No</BakersBondMember>
    <Balance>10478.40</Balance>
    <BasePriceGroup>
    </BasePriceGroup>
    <City>Harelbeke</City>
    <ClosedFriday>No</ClosedFriday>
    <ClosedMonday>No</ClosedMonday>
    <ClosedSaturday>No</ClosedSaturday>
    <ClosedSunday>No</ClosedSunday>
    <ClosedThursday>No</ClosedThursday>
    <ClosedTuesday>No</ClosedTuesday>
    <ClosedWednesday>No</ClosedWednesday>
    <CreditMax>0.00</CreditMax>
    <Current>16286.40</Current>
    <CustGroup>01</CustGroup>
    <DeliveryAddress>
    </DeliveryAddress>
    <DeliveryName>
    </DeliveryName>
    <Email>
    </Email>
    <EmailDelivery>katrien.decoster@cegeka.com</EmailDelivery>
    <EndOfTheYearDiscount>0.00</EndOfTheYearDiscount>
    <Fax>
    </Fax>
    <HolidayFromDate>
    </HolidayFromDate>
    <HolidayToDate>
    </HolidayToDate>
    <IsSEPA>Yes</IsSEPA>
    <LastPaymAmount>2299.00</LastPaymAmount>
    <LastPaymDate>2016-04-22</LastPaymDate>
    <MainContactWorker>0</MainContactWorker>
    <MinDeliveryValue>0</MinDeliveryValue>
    <Mobile>
    </Mobile>
    <Name>BS DESIGN</Name>
    <NextDeliveryDate1>2016-09-24</NextDeliveryDate1>
    <NextDeliveryDate2>2016-09-25</NextDeliveryDate2>
    <Past>0.00</Past>
    <PaymTermId>COD</PaymTermId>
    <Phone>0485946831</Phone>
    <PoRefMandatory>No</PoRefMandatory>
    <PriceGroup>Bakker1</PriceGroup>
    <RecId>5637156576</RecId>
    <RemarkCreditLimit>
    </RemarkCreditLimit>
    <Solvency>Solvent</Solvency>
    <Street>Overacker 39</Street>
    <TransportCost>18.00</TransportCost>
  </CustTable>
  <CustTable>
    <AccountNum>696969</AccountNum>
    <Address>KOEKOEKSTRAAT 27
1000 Brussel
BEL</Address>
    <AfterDelivery>Yes</AfterDelivery>
    <BakersBondMember>No</BakersBondMember>
    <Balance>15025.00</Balance>
    <BasePriceGroup>
    </BasePriceGroup>
    <City>Brussel</City>
    <ClosedFriday>No</ClosedFriday>
    <ClosedMonday>No</ClosedMonday>
    <ClosedSaturday>No</ClosedSaturday>
    <ClosedSunday>No</ClosedSunday>
    <ClosedThursday>No</ClosedThursday>
    <ClosedTuesday>No</ClosedTuesday>
    <ClosedWednesday>No</ClosedWednesday>
    <CreditMax>50000.00</CreditMax>
    <Current>29766.00</Current>
    <CustGroup>01</CustGroup>
    <DeliveryAddress>
    </DeliveryAddress>
    <DeliveryName>
    </DeliveryName>
    <Email>rita.hezof@yahoo.com</Email>
    <EmailDelivery>katrien.decoster@cegeka.com</EmailDelivery>
    <EndOfTheYearDiscount>0.00</EndOfTheYearDiscount>
    <Fax>
    </Fax>
    <HolidayFromDate>
    </HolidayFromDate>
    <HolidayToDate>
    </HolidayToDate>
    <IsSEPA>Yes</IsSEPA>
    <LastPaymAmount>13310.00</LastPaymAmount>
    <LastPaymDate>2016-05-19</LastPaymDate>
    <MainContactWorker>5637146826</MainContactWorker>
    <MinDeliveryValue>0</MinDeliveryValue>
    <Mobile>
    </Mobile>
    <Name>SIKOVNY SRL</Name>
    <Past>0.00</Past>
    <PaymTermId>NET30</PaymTermId>
    <Phone>0457/23.66.32</Phone>
    <PoRefMandatory>No</PoRefMandatory>
    <PriceGroup>Industrie1</PriceGroup>
    <RecId>5637154326</RecId>
    <RemarkCreditLimit>
    </RemarkCreditLimit>
    <Solvency>Solvent</Solvency>
    <Street>KOEKOEKSTRAAT 27</Street>
    <TransportCost>18.00</TransportCost>
  </CustTable>
  <CustTable>
    <AccountNum>707070</AccountNum>
    <Address>9000 Gent
BEL</Address>
    <AfterDelivery>Yes</AfterDelivery>
    <BakersBondMember>No</BakersBondMember>
    <Balance>1085.22</Balance>
    <BasePriceGroup>
    </BasePriceGroup>
    <City>Gent</City>
    <ClosedFriday>No</ClosedFriday>
    <ClosedMonday>No</ClosedMonday>
    <ClosedSaturday>No</ClosedSaturday>
    <ClosedSunday>No</ClosedSunday>
    <ClosedThursday>No</ClosedThursday>
    <ClosedTuesday>No</ClosedTuesday>
    <ClosedWednesday>No</ClosedWednesday>
    <CreditMax>0.00</CreditMax>
    <Current>2038.14</Current>
    <CustGroup>01</CustGroup>
    <DeliveryAddress>
    </DeliveryAddress>
    <DeliveryName>
    </DeliveryName>
    <Email>
    </Email>
    <EmailDelivery>katrien.decoster@cegeka.com</EmailDelivery>
    <EndOfTheYearDiscount>0.00</EndOfTheYearDiscount>
    <Fax>
    </Fax>
    <HolidayFromDate>
    </HolidayFromDate>
    <HolidayToDate>
    </HolidayToDate>
    <IsSEPA>Yes</IsSEPA>
    <LastPaymAmount>2.00</LastPaymAmount>
    <LastPaymDate>2016-06-06</LastPaymDate>
    <MainContactWorker>0</MainContactWorker>
    <MinDeliveryValue>0</MinDeliveryValue>
    <Mobile>
    </Mobile>
    <Name>Direct debit klant</Name>
    <Past>0.00</Past>
    <PaymTermId>NET30</PaymTermId>
    <Phone>
    </Phone>
    <PoRefMandatory>No</PoRefMandatory>
    <PriceGroup>
    </PriceGroup>
    <RecId>5637164076</RecId>
    <RemarkCreditLimit>
    </RemarkCreditLimit>
    <Solvency>Solvent</Solvency>
    <Street>
    </Street>
    <TransportCost>18.00</TransportCost>
  </CustTable>
  <CustTable>
    <AccountNum>98740</AccountNum>
    <Address>dfg
BEL</Address>
    <AfterDelivery>Yes</AfterDelivery>
    <BakersBondMember>No</BakersBondMember>
    <Balance>0.00</Balance>
    <BasePriceGroup>
    </BasePriceGroup>
    <City>
    </City>
    <ClosedFriday>No</ClosedFriday>
    <ClosedMonday>No</ClosedMonday>
    <ClosedSaturday>No</ClosedSaturday>
    <ClosedSunday>No</ClosedSunday>
    <ClosedThursday>No</ClosedThursday>
    <ClosedTuesday>No</ClosedTuesday>
    <ClosedWednesday>No</ClosedWednesday>
    <CreditMax>0.00</CreditMax>
    <Current>0.00</Current>
    <CustGroup>01</CustGroup>
    <DeliveryAddress>
    </DeliveryAddress>
    <DeliveryName>
    </DeliveryName>
    <Email>
    </Email>
    <EmailDelivery>katrien.decoster@cegeka.com</EmailDelivery>
    <EndOfTheYearDiscount>0.00</EndOfTheYearDiscount>
    <Fax>
    </Fax>
    <HolidayFromDate>
    </HolidayFromDate>
    <HolidayToDate>
    </HolidayToDate>
    <IsSEPA>No</IsSEPA>
    <MainContactWorker>0</MainContactWorker>
    <MinDeliveryValue>0</MinDeliveryValue>
    <Mobile>
    </Mobile>
    <Name>Minimum</Name>
    <Past>0.00</Past>
    <PaymTermId>
    </PaymTermId>
    <Phone>
    </Phone>
    <PoRefMandatory>No</PoRefMandatory>
    <PriceGroup>
    </PriceGroup>
    <RecId>5637166326</RecId>
    <RemarkCreditLimit>
    </RemarkCreditLimit>
    <Solvency>Solvent</Solvency>
    <Street>dfg</Street>
    <TransportCost>18.00</TransportCost>
  </CustTable>
  <CustTable>
    <AccountNum>DRD</AccountNum>
    <Address>
    </Address>
    <AfterDelivery>Yes</AfterDelivery>
    <BakersBondMember>No</BakersBondMember>
    <Balance>0.00</Balance>
    <BasePriceGroup>Bakker1</BasePriceGroup>
    <City>
    </City>
    <ClosedFriday>No</ClosedFriday>
    <ClosedMonday>No</ClosedMonday>
    <ClosedSaturday>No</ClosedSaturday>
    <ClosedSunday>No</ClosedSunday>
    <ClosedThursday>No</ClosedThursday>
    <ClosedTuesday>No</ClosedTuesday>
    <ClosedWednesday>No</ClosedWednesday>
    <CreditMax>0.00</CreditMax>
    <Current>0.00</Current>
    <CustGroup>02</CustGroup>
    <DeliveryAddress>
    </DeliveryAddress>
    <DeliveryName>
    </DeliveryName>
    <Email>
    </Email>
    <EmailDelivery>katrien.decoster@cegeka.com</EmailDelivery>
    <EndOfTheYearDiscount>0.00</EndOfTheYearDiscount>
    <Fax>
    </Fax>
    <HolidayFromDate>
    </HolidayFromDate>
    <HolidayToDate>
    </HolidayToDate>
    <IsSEPA>No</IsSEPA>
    <MainContactWorker>0</MainContactWorker>
    <MinDeliveryValue>0</MinDeliveryValue>
    <Mobile>
    </Mobile>
    <Name>Joske den Bakker</Name>
    <Past>0.00</Past>
    <PaymTermId>
    </PaymTermId>
    <Phone>
    </Phone>
    <PoRefMandatory>No</PoRefMandatory>
    <PriceGroup>
    </PriceGroup>
    <RecId>22565435900</RecId>
    <RemarkCreditLimit>
    </RemarkCreditLimit>
    <Solvency>Solvent</Solvency>
    <Street>
    </Street>
    <TransportCost>18.00</TransportCost>
  </CustTable>
  <CustTable>
    <AccountNum>Guy</AccountNum>
    <Address>
    </Address>
    <AfterDelivery>Yes</AfterDelivery>
    <BakersBondMember>No</BakersBondMember>
    <Balance>3630.00</Balance>
    <BasePriceGroup>
    </BasePriceGroup>
    <City>
    </City>
    <ClosedFriday>No</ClosedFriday>
    <ClosedMonday>No</ClosedMonday>
    <ClosedSaturday>No</ClosedSaturday>
    <ClosedSunday>No</ClosedSunday>
    <ClosedThursday>No</ClosedThursday>
    <ClosedTuesday>No</ClosedTuesday>
    <ClosedWednesday>No</ClosedWednesday>
    <CreditMax>0.00</CreditMax>
    <Current>3630.00</Current>
    <CustGroup>99</CustGroup>
    <DeliveryAddress>
    </DeliveryAddress>
    <DeliveryName>
    </DeliveryName>
    <Email>
    </Email>
    <EmailDelivery>katrien.decoster@cegeka.com</EmailDelivery>
    <EndOfTheYearDiscount>0.00</EndOfTheYearDiscount>
    <Fax>
    </Fax>
    <HolidayFromDate>
    </HolidayFromDate>
    <HolidayToDate>
    </HolidayToDate>
    <IsSEPA>No</IsSEPA>
    <LastPaymAmount>3630.00</LastPaymAmount>
    <LastPaymDate>2016-05-17</LastPaymDate>
    <MainContactWorker>0</MainContactWorker>
    <MinDeliveryValue>0</MinDeliveryValue>
    <Mobile>
    </Mobile>
    <Name>Guy</Name>
    <Past>0.00</Past>
    <PaymTermId>
    </PaymTermId>
    <Phone>
    </Phone>
    <PoRefMandatory>No</PoRefMandatory>
    <PriceGroup>
    </PriceGroup>
    <RecId>5637161826</RecId>
    <RemarkCreditLimit>
    </RemarkCreditLimit>
    <Solvency>Solvent</Solvency>
    <Street>
    </Street>
    <TransportCost>18.00</TransportCost>
  </CustTable>
  <CustTable>
    <AccountNum>Klant X</AccountNum>
    <Address>Marktstraat 72
8530 Harelbeke
BEL</Address>
    <AfterDelivery>Yes</AfterDelivery>
    <BakersBondMember>No</BakersBondMember>
    <Balance>0.00</Balance>
    <BasePriceGroup>
    </BasePriceGroup>
    <City>Harelbeke</City>
    <ClosedFriday>No</ClosedFriday>
    <ClosedMonday>No</ClosedMonday>
    <ClosedSaturday>No</ClosedSaturday>
    <ClosedSunday>No</ClosedSunday>
    <ClosedThursday>No</ClosedThursday>
    <ClosedTuesday>No</ClosedTuesday>
    <ClosedWednesday>No</ClosedWednesday>
    <CreditMax>0.00</CreditMax>
    <Current>0.00</Current>
    <CustGroup>01</CustGroup>
    <DeliveryAddress>
    </DeliveryAddress>
    <DeliveryName>
    </DeliveryName>
    <Email>
    </Email>
    <EmailDelivery>katrien.decoster@cegeka.com</EmailDelivery>
    <EndOfTheYearDiscount>0.00</EndOfTheYearDiscount>
    <Fax>
    </Fax>
    <HolidayFromDate>
    </HolidayFromDate>
    <HolidayToDate>
    </HolidayToDate>
    <IsSEPA>No</IsSEPA>
    <MainContactWorker>0</MainContactWorker>
    <MinDeliveryValue>0</MinDeliveryValue>
    <Mobile>
    </Mobile>
    <Name>klant X</Name>
    <Past>0.00</Past>
    <PaymTermId>DOM</PaymTermId>
    <Phone>056/32,15,06</Phone>
    <PoRefMandatory>No</PoRefMandatory>
    <PriceGroup>
    </PriceGroup>
    <RecId>5637160328</RecId>
    <RemarkCreditLimit>
    </RemarkCreditLimit>
    <Solvency>Solvent</Solvency>
    <Street>Marktstraat 72</Street>
    <TransportCost>18.00</TransportCost>
  </CustTable>
  <CustTable>
    <AccountNum>RAN-HARE</AccountNum>
    <Address>
    </Address>
    <AfterDelivery>Yes</AfterDelivery>
    <BakersBondMember>No</BakersBondMember>
    <Balance>0.00</Balance>
    <BasePriceGroup>
    </BasePriceGroup>
    <City>
    </City>
    <ClosedFriday>No</ClosedFriday>
    <ClosedMonday>No</ClosedMonday>
    <ClosedSaturday>No</ClosedSaturday>
    <ClosedSunday>No</ClosedSunday>
    <ClosedThursday>No</ClosedThursday>
    <ClosedTuesday>No</ClosedTuesday>
    <ClosedWednesday>No</ClosedWednesday>
    <CreditMax>0.00</CreditMax>
    <Current>0.00</Current>
    <CustGroup>01</CustGroup>
    <DeliveryAddress>
    </DeliveryAddress>
    <DeliveryName>
    </DeliveryName>
    <Email>
    </Email>
    <EmailDelivery>katrien.decoster@cegeka.com</EmailDelivery>
    <EndOfTheYearDiscount>0.00</EndOfTheYearDiscount>
    <Fax>
    </Fax>
    <HolidayFromDate>
    </HolidayFromDate>
    <HolidayToDate>
    </HolidayToDate>
    <IsSEPA>No</IsSEPA>
    <MainContactWorker>5637144576</MainContactWorker>
    <MinDeliveryValue>0</MinDeliveryValue>
    <Mobile>
    </Mobile>
    <Name>Default Call Center klant Harelbeke</Name>
    <Past>0.00</Past>
    <PaymTermId>
    </PaymTermId>
    <Phone>
    </Phone>
    <PoRefMandatory>No</PoRefMandatory>
    <PriceGroup>
    </PriceGroup>
    <RecId>5637144578</RecId>
    <RemarkCreditLimit>
    </RemarkCreditLimit>
    <Solvency>Solvent</Solvency>
    <Street>
    </Street>
    <TransportCost>18.00</TransportCost>
  </CustTable>
  <CustTable>
    <AccountNum>RAN-STAS</AccountNum>
    <Address>
    </Address>
    <AfterDelivery>Yes</AfterDelivery>
    <BakersBondMember>No</BakersBondMember>
    <Balance>0.00</Balance>
    <BasePriceGroup>Bakker1</BasePriceGroup>
    <City>
    </City>
    <ClosedFriday>No</ClosedFriday>
    <ClosedMonday>No</ClosedMonday>
    <ClosedSaturday>No</ClosedSaturday>
    <ClosedSunday>No</ClosedSunday>
    <ClosedThursday>No</ClosedThursday>
    <ClosedTuesday>No</ClosedTuesday>
    <ClosedWednesday>No</ClosedWednesday>
    <CreditMax>0.00</CreditMax>
    <Current>0.00</Current>
    <CustGroup>01</CustGroup>
    <DeliveryAddress>
    </DeliveryAddress>
    <DeliveryName>
    </DeliveryName>
    <Email>
    </Email>
    <EmailDelivery>katrien.decoster@cegeka.com</EmailDelivery>
    <EndOfTheYearDiscount>0.00</EndOfTheYearDiscount>
    <Fax>
    </Fax>
    <HolidayFromDate>
    </HolidayFromDate>
    <HolidayToDate>
    </HolidayToDate>
    <IsSEPA>No</IsSEPA>
    <MainContactWorker>5637144576</MainContactWorker>
    <MinDeliveryValue>0</MinDeliveryValue>
    <Mobile>
    </Mobile>
    <Name>Default Call Center klant Stasegem</Name>
    <Past>0.00</Past>
    <PaymTermId>
    </PaymTermId>
    <Phone>
    </Phone>
    <PoRefMandatory>No</PoRefMandatory>
    <PriceGroup>
    </PriceGroup>
    <RecId>5637144576</RecId>
    <RemarkCreditLimit>
    </RemarkCreditLimit>
    <Solvency>Solvent</Solvency>
    <Street>
    </Street>
    <TransportCost>18.00</TransportCost>
  </CustTable>
  <CustTable>
    <AccountNum>THIJS</AccountNum>
    <Address>Het Park 1
2288 Bouwel
BEL</Address>
    <AfterDelivery>No</AfterDelivery>
    <BakersBondMember>No</BakersBondMember>
    <Balance>0.00</Balance>
    <BasePriceGroup>
    </BasePriceGroup>
    <City>Bouwel</City>
    <ClosedFriday>No</ClosedFriday>
    <ClosedMonday>No</ClosedMonday>
    <ClosedSaturday>No</ClosedSaturday>
    <ClosedSunday>No</ClosedSunday>
    <ClosedThursday>No</ClosedThursday>
    <ClosedTuesday>No</ClosedTuesday>
    <ClosedWednesday>No</ClosedWednesday>
    <CreditMax>100000.00</CreditMax>
    <Current>0.00</Current>
    <CustGroup>01</CustGroup>
    <DeliveryAddress>Het Park 1
2288 Bouwel
BEL</DeliveryAddress>
    <DeliveryName>THIJS HERENTALS</DeliveryName>
    <Email>
    </Email>
    <EmailDelivery>
    </EmailDelivery>
    <EndOfTheYearDiscount>0.00</EndOfTheYearDiscount>
    <Fax>
    </Fax>
    <HolidayFromDate>
    </HolidayFromDate>
    <HolidayToDate>
    </HolidayToDate>
    <IsSEPA>No</IsSEPA>
    <MainContactWorker>0</MainContactWorker>
    <MinDeliveryValue>0</MinDeliveryValue>
    <Mobile>
    </Mobile>
    <Name>THIJS BISCUITERIE</Name>
    <Past>0.00</Past>
    <PaymTermId>NET30</PaymTermId>
    <Phone>
    </Phone>
    <PoRefMandatory>No</PoRefMandatory>
    <PriceGroup>
    </PriceGroup>
    <RecId>5637158826</RecId>
    <RemarkCreditLimit>
    </RemarkCreditLimit>
    <Solvency>Solvent</Solvency>
    <Street>Het Park 1</Street>
    <TransportCost>18.00</TransportCost>
    <WHSCustRouteTable>
      <DropOffTime>06:03:00</DropOffTime>
      <WeekDays>Wednesday</WeekDays>
      <WHSRoute>Route 3</WHSRoute>
    </WHSCustRouteTable>
    <WHSCustRouteTable>
      <DropOffTime>20:05:00</DropOffTime>
      <WeekDays>Thursday</WeekDays>
      <WHSRoute>route 4</WHSRoute>
    </WHSCustRouteTable>
  </CustTable>
  <CustTable>
    <AccountNum>Z_USD CUST</AccountNum>
    <Address>qsdqsd
USA</Address>
    <AfterDelivery>Yes</AfterDelivery>
    <BakersBondMember>No</BakersBondMember>
    <Balance>2400.00</Balance>
    <BasePriceGroup>
    </BasePriceGroup>
    <City>
    </City>
    <ClosedFriday>No</ClosedFriday>
    <ClosedMonday>No</ClosedMonday>
    <ClosedSaturday>No</ClosedSaturday>
    <ClosedSunday>No</ClosedSunday>
    <ClosedThursday>No</ClosedThursday>
    <ClosedTuesday>No</ClosedTuesday>
    <ClosedWednesday>No</ClosedWednesday>
    <CreditMax>0.00</CreditMax>
    <Current>3000.00</Current>
    <CustGroup>01</CustGroup>
    <DeliveryAddress>
    </DeliveryAddress>
    <DeliveryName>
    </DeliveryName>
    <Email>
    </Email>
    <EmailDelivery>katrien.decoster@cegeka.com</EmailDelivery>
    <EndOfTheYearDiscount>0.00</EndOfTheYearDiscount>
    <Fax>
    </Fax>
    <HolidayFromDate>
    </HolidayFromDate>
    <HolidayToDate>
    </HolidayToDate>
    <IsSEPA>No</IsSEPA>
    <MainContactWorker>0</MainContactWorker>
    <MinDeliveryValue>0</MinDeliveryValue>
    <Mobile>
    </Mobile>
    <Name>USD customer</Name>
    <Past>0.00</Past>
    <PaymTermId>
    </PaymTermId>
    <Phone>
    </Phone>
    <PoRefMandatory>No</PoRefMandatory>
    <PriceGroup>
    </PriceGroup>
    <RecId>5637160327</RecId>
    <RemarkCreditLimit>
    </RemarkCreditLimit>
    <Solvency>Solvent</Solvency>
    <Street>qsdqsd</Street>
    <TransportCost>18.00</TransportCost>
    <WHSCustRouteTable>
      <DropOffTime>00:00:00</DropOffTime>
      <WeekDays>Wednesday</WeekDays>
      <WHSRoute>Route 3</WHSRoute>
    </WHSCustRouteTable>
    <WHSCustRouteTable>
      <DropOffTime>00:00:00</DropOffTime>
      <WeekDays>Thursday</WeekDays>
      <WHSRoute>Route 4</WHSRoute>
    </WHSCustRouteTable>
  </CustTable>
  <CustTable>
    <AccountNum>Zklant</AccountNum>
    <Address>sdfsdf
BEL</Address>
    <AfterDelivery>Yes</AfterDelivery>
    <BakersBondMember>No</BakersBondMember>
    <Balance>0.00</Balance>
    <BasePriceGroup>
    </BasePriceGroup>
    <City>
    </City>
    <ClosedFriday>No</ClosedFriday>
    <ClosedMonday>No</ClosedMonday>
    <ClosedSaturday>No</ClosedSaturday>
    <ClosedSunday>No</ClosedSunday>
    <ClosedThursday>No</ClosedThursday>
    <ClosedTuesday>No</ClosedTuesday>
    <ClosedWednesday>No</ClosedWednesday>
    <CreditMax>0.00</CreditMax>
    <Current>0.00</Current>
    <CustGroup>01</CustGroup>
    <DeliveryAddress>
    </DeliveryAddress>
    <DeliveryName>
    </DeliveryName>
    <Email>
    </Email>
    <EmailDelivery>katrien.decoster@cegeka.com</EmailDelivery>
    <EndOfTheYearDiscount>0.00</EndOfTheYearDiscount>
    <Fax>
    </Fax>
    <HolidayFromDate>
    </HolidayFromDate>
    <HolidayToDate>
    </HolidayToDate>
    <IsSEPA>No</IsSEPA>
    <MainContactWorker>0</MainContactWorker>
    <MinDeliveryValue>0</MinDeliveryValue>
    <Mobile>
    </Mobile>
    <Name>Zklant</Name>
    <Past>0.00</Past>
    <PaymTermId>
    </PaymTermId>
    <Phone>
    </Phone>
    <PoRefMandatory>No</PoRefMandatory>
    <PriceGroup>
    </PriceGroup>
    <RecId>5637160326</RecId>
    <RemarkCreditLimit>
    </RemarkCreditLimit>
    <Solvency>Solvent</Solvency>
    <Street>sdfsdf</Street>
    <TransportCost>18.00</TransportCost>
  </CustTable>
</Customers>