﻿<?xml version="1.0" encoding="utf-8"?>
<Representative>
  <DlvMode>
    <Code>10</Code>
    <Txt>Wegvracht</Txt>
  </DlvMode>
  <DlvMode>
    <Code>20</Code>
    <Txt>Luchtvracht</Txt>
  </DlvMode>
  <DlvMode>
    <Code>30</Code>
    <Txt>Spoorvracht</Txt>
  </DlvMode>
  <DlvMode>
    <Code>40</Code>
    <Txt>Zeevracht</Txt>
    <LanguageTxt>
      <LanguageId>en-us</LanguageId>
      <Txt>Sea carrier</Txt>
    </LanguageTxt>
    <LanguageTxt>
      <LanguageId>nl-be</LanguageId>
      <Txt>Zeevracht</Txt>
    </LanguageTxt>
  </DlvMode>
</Representative>