﻿<?xml version="1.0" encoding="utf-8"?>
<Invoices>
  <CustTrans>
    <AmountCur>10890.00</AmountCur>
    <AmountMST>10890.00</AmountMST>
    <BalanceCur>10890.00</BalanceCur>
    <BalanceMST>10890.00</BalanceMST>
    <Code>FAC</Code>
    <Comment>FreeText</Comment>
    <DueDate>2016-06-30</DueDate>
    <Invoice>BEVF2016-000034</Invoice>
    <OrderAccount>000001240</OrderAccount>
    <RecId>5637173076</RecId>
    <SettleAmountCur>0.00</SettleAmountCur>
    <SettleAmountMST>0.00</SettleAmountMST>
    <TransDate>2016-05-17</TransDate>
  </CustTrans>
  <CustTrans>
    <AmountCur>10890.00</AmountCur>
    <AmountMST>10890.00</AmountMST>
    <BalanceCur>10890.00</BalanceCur>
    <BalanceMST>10890.00</BalanceMST>
    <Code>FAC</Code>
    <Comment>FreeText</Comment>
    <DueDate>2016-06-30</DueDate>
    <Invoice>BEVF2016-000038</Invoice>
    <OrderAccount>000001240</OrderAccount>
    <RecId>5637173083</RecId>
    <SettleAmountCur>0.00</SettleAmountCur>
    <SettleAmountMST>0.00</SettleAmountMST>
    <TransDate>2016-05-17</TransDate>
  </CustTrans>
  <CustTrans>
    <AmountCur>9680.00</AmountCur>
    <AmountMST>9680.00</AmountMST>
    <BalanceCur>9680.00</BalanceCur>
    <BalanceMST>9680.00</BalanceMST>
    <Code>FAC</Code>
    <Comment>FreeText</Comment>
    <DueDate>2016-06-30</DueDate>
    <Invoice>BEVF2016-000039</Invoice>
    <OrderAccount>000001240</OrderAccount>
    <RecId>5637173084</RecId>
    <SettleAmountCur>0.00</SettleAmountCur>
    <SettleAmountMST>0.00</SettleAmountMST>
    <TransDate>2016-05-17</TransDate>
  </CustTrans>
  <CustTrans>
    <AmountCur>1060.00</AmountCur>
    <AmountMST>1060.00</AmountMST>
    <BalanceCur>1060.00</BalanceCur>
    <BalanceMST>1060.00</BalanceMST>
    <Code>FAC</Code>
    <Comment>FreeText</Comment>
    <DueDate>2016-06-30</DueDate>
    <Invoice>BEVF2016-000043</Invoice>
    <OrderAccount>000001240</OrderAccount>
    <RecId>5637176076</RecId>
    <SettleAmountCur>0.00</SettleAmountCur>
    <SettleAmountMST>0.00</SettleAmountMST>
    <TransDate>2016-05-31</TransDate>
  </CustTrans>
  <CustTrans>
    <AmountCur>10890.00</AmountCur>
    <AmountMST>10890.00</AmountMST>
    <BalanceCur>10890.00</BalanceCur>
    <BalanceMST>10890.00</BalanceMST>
    <Code>FAC</Code>
    <Comment>FreeText</Comment>
    <DueDate>2016-07-30</DueDate>
    <Invoice>BEVF2016-000047</Invoice>
    <OrderAccount>000001240</OrderAccount>
    <RecId>5637176829</RecId>
    <SettleAmountCur>0.00</SettleAmountCur>
    <SettleAmountMST>0.00</SettleAmountMST>
    <TransDate>2016-06-02</TransDate>
  </CustTrans>
  <CustTrans>
    <AmountCur>10890.00</AmountCur>
    <AmountMST>10890.00</AmountMST>
    <BalanceCur>10890.00</BalanceCur>
    <BalanceMST>10890.00</BalanceMST>
    <Code>FAC</Code>
    <Comment>FreeText</Comment>
    <DueDate>2016-07-30</DueDate>
    <Invoice>BEVF2016-000048</Invoice>
    <OrderAccount>000001240</OrderAccount>
    <RecId>5637176830</RecId>
    <SettleAmountCur>0.00</SettleAmountCur>
    <SettleAmountMST>0.00</SettleAmountMST>
    <TransDate>2016-06-02</TransDate>
  </CustTrans>
  <CustTrans>
    <AmountCur>10890.00</AmountCur>
    <AmountMST>10890.00</AmountMST>
    <BalanceCur>10890.00</BalanceCur>
    <BalanceMST>10890.00</BalanceMST>
    <Code>FAC</Code>
    <Comment>FreeText</Comment>
    <DueDate>2016-07-30</DueDate>
    <Invoice>BEVF2016-000049</Invoice>
    <OrderAccount>000001240</OrderAccount>
    <RecId>5637176831</RecId>
    <SettleAmountCur>0.00</SettleAmountCur>
    <SettleAmountMST>0.00</SettleAmountMST>
    <TransDate>2016-06-02</TransDate>
  </CustTrans>
  <CustTrans>
    <AmountCur>453.75</AmountCur>
    <AmountMST>453.75</AmountMST>
    <BalanceCur>453.75</BalanceCur>
    <BalanceMST>453.75</BalanceMST>
    <Code>FAC</Code>
    <Comment>FreeText</Comment>
    <DueDate>2016-07-30</DueDate>
    <Invoice>BEVF2016-000050</Invoice>
    <OrderAccount>000001240</OrderAccount>
    <RecId>5637176832</RecId>
    <SettleAmountCur>0.00</SettleAmountCur>
    <SettleAmountMST>0.00</SettleAmountMST>
    <TransDate>2016-06-02</TransDate>
  </CustTrans>
  <CustTrans>
    <AmountCur>190.80</AmountCur>
    <AmountMST>190.80</AmountMST>
    <BalanceCur>190.80</BalanceCur>
    <BalanceMST>190.80</BalanceMST>
    <Code>FAC</Code>
    <Comment>FreeText</Comment>
    <DueDate>2016-07-30</DueDate>
    <Invoice>BEVF2016-000051</Invoice>
    <OrderAccount>000001240</OrderAccount>
    <RecId>5637176833</RecId>
    <SettleAmountCur>0.00</SettleAmountCur>
    <SettleAmountMST>0.00</SettleAmountMST>
    <TransDate>2016-06-02</TransDate>
  </CustTrans>
  <CustTrans>
    <AmountCur>48823.60</AmountCur>
    <AmountMST>48823.60</AmountMST>
    <BalanceCur>48823.60</BalanceCur>
    <BalanceMST>48823.60</BalanceMST>
    <Code>FAC</Code>
    <Comment>FreeText</Comment>
    <DueDate>2016-07-30</DueDate>
    <Invoice>BEVF2016-000052</Invoice>
    <OrderAccount>000001240</OrderAccount>
    <RecId>5637177577</RecId>
    <SettleAmountCur>0.00</SettleAmountCur>
    <SettleAmountMST>0.00</SettleAmountMST>
    <TransDate>2016-06-06</TransDate>
  </CustTrans>
  <CustTrans>
    <AmountCur>10890.00</AmountCur>
    <AmountMST>10890.00</AmountMST>
    <BalanceCur>10890.00</BalanceCur>
    <BalanceMST>10890.00</BalanceMST>
    <Code>FAC</Code>
    <Comment>FreeText</Comment>
    <DueDate>2016-07-30</DueDate>
    <Invoice>BEVF2016-000056</Invoice>
    <OrderAccount>000001240</OrderAccount>
    <RecId>5637177587</RecId>
    <SettleAmountCur>0.00</SettleAmountCur>
    <SettleAmountMST>0.00</SettleAmountMST>
    <TransDate>2016-06-06</TransDate>
  </CustTrans>
  <CustTrans>
    <AmountCur>60500.00</AmountCur>
    <AmountMST>60500.00</AmountMST>
    <BalanceCur>60500.00</BalanceCur>
    <BalanceMST>60500.00</BalanceMST>
    <Code>FAC</Code>
    <Comment>FreeText</Comment>
    <DueDate>2016-07-30</DueDate>
    <Invoice>BEVF2016-000092</Invoice>
    <OrderAccount>000001240</OrderAccount>
    <RecId>5637179826</RecId>
    <SettleAmountCur>0.00</SettleAmountCur>
    <SettleAmountMST>0.00</SettleAmountMST>
    <TransDate>2016-06-20</TransDate>
  </CustTrans>
  <CustTrans>
    <AmountCur>387.20</AmountCur>
    <AmountMST>387.20</AmountMST>
    <BalanceCur>387.20</BalanceCur>
    <BalanceMST>387.20</BalanceMST>
    <Code>FAC</Code>
    <Comment>FreeText</Comment>
    <DueDate>2016-09-30</DueDate>
    <Invoice>BEVF2016-000102</Invoice>
    <OrderAccount>000001240</OrderAccount>
    <RecId>35637245237</RecId>
    <SettleAmountCur>0.00</SettleAmountCur>
    <SettleAmountMST>0.00</SettleAmountMST>
    <TransDate>2016-08-05</TransDate>
  </CustTrans>
  <CustTrans>
    <AmountCur>6.05</AmountCur>
    <AmountMST>6.05</AmountMST>
    <BalanceCur>6.05</BalanceCur>
    <BalanceMST>6.05</BalanceMST>
    <Code>FAC</Code>
    <Comment>FreeText</Comment>
    <DueDate>2016-09-30</DueDate>
    <Invoice>BEVF2016-000103</Invoice>
    <OrderAccount>000001240</OrderAccount>
    <RecId>35637245987</RecId>
    <SettleAmountCur>0.00</SettleAmountCur>
    <SettleAmountMST>0.00</SettleAmountMST>
    <TransDate>2016-08-11</TransDate>
  </CustTrans>
  <CustTrans>
    <AmountCur>6.05</AmountCur>
    <AmountMST>6.05</AmountMST>
    <BalanceCur>6.05</BalanceCur>
    <BalanceMST>6.05</BalanceMST>
    <Code>FAC</Code>
    <Comment>FreeText</Comment>
    <DueDate>2016-09-30</DueDate>
    <Invoice>BEVF2016-000104</Invoice>
    <OrderAccount>000001240</OrderAccount>
    <RecId>35637245988</RecId>
    <SettleAmountCur>0.00</SettleAmountCur>
    <SettleAmountMST>0.00</SettleAmountMST>
    <TransDate>2016-08-11</TransDate>
  </CustTrans>
  <CustTrans>
    <AmountCur>6.05</AmountCur>
    <AmountMST>6.05</AmountMST>
    <BalanceCur>6.05</BalanceCur>
    <BalanceMST>6.05</BalanceMST>
    <Code>FAC</Code>
    <Comment>FreeText</Comment>
    <DueDate>2016-09-30</DueDate>
    <Invoice>BEVF2016-000105</Invoice>
    <OrderAccount>000001240</OrderAccount>
    <RecId>35637245989</RecId>
    <SettleAmountCur>0.00</SettleAmountCur>
    <SettleAmountMST>0.00</SettleAmountMST>
    <TransDate>2016-08-11</TransDate>
  </CustTrans>
  <CustTrans>
    <AmountCur>968.00</AmountCur>
    <AmountMST>968.00</AmountMST>
    <BalanceCur>0.00</BalanceCur>
    <BalanceMST>0.00</BalanceMST>
    <Code>FAC</Code>
    <Comment>FreeText</Comment>
    <Closed>2016-05-10</Closed>
    <DueDate>2016-03-21</DueDate>
    <Invoice>VF16-000024</Invoice>
    <OrderAccount>000006</OrderAccount>
    <RecId>5637155826</RecId>
    <SettleAmountCur>968.00</SettleAmountCur>
    <SettleAmountMST>968.00</SettleAmountMST>
    <TransDate>2016-03-21</TransDate>
  </CustTrans>
  <CustTrans>
    <AmountCur>968.00</AmountCur>
    <AmountMST>968.00</AmountMST>
    <BalanceCur>968.00</BalanceCur>
    <BalanceMST>968.00</BalanceMST>
    <Code>FAC</Code>
    <Comment>FreeText</Comment>
    <DueDate>2016-03-21</DueDate>
    <Invoice>VF16-000025</Invoice>
    <OrderAccount>000006</OrderAccount>
    <RecId>5637155827</RecId>
    <SettleAmountCur>0.00</SettleAmountCur>
    <SettleAmountMST>0.00</SettleAmountMST>
    <TransDate>2016-03-21</TransDate>
  </CustTrans>
  <CustTrans>
    <AmountCur>968.00</AmountCur>
    <AmountMST>968.00</AmountMST>
    <BalanceCur>468.00</BalanceCur>
    <BalanceMST>468.00</BalanceMST>
    <Code>FAC</Code>
    <Comment>FreeText</Comment>
    <DueDate>2016-03-21</DueDate>
    <Invoice>VF16-000026</Invoice>
    <OrderAccount>000006</OrderAccount>
    <RecId>5637155828</RecId>
    <SettleAmountCur>500.00</SettleAmountCur>
    <SettleAmountMST>500.00</SettleAmountMST>
    <TransDate>2016-03-21</TransDate>
  </CustTrans>
  <CustTrans>
    <AmountCur>968.00</AmountCur>
    <AmountMST>968.00</AmountMST>
    <BalanceCur>468.00</BalanceCur>
    <BalanceMST>468.00</BalanceMST>
    <Code>FAC</Code>
    <Comment>FreeText</Comment>
    <DueDate>2016-03-21</DueDate>
    <Invoice>VF16-000027</Invoice>
    <OrderAccount>000006</OrderAccount>
    <RecId>5637155830</RecId>
    <SettleAmountCur>500.00</SettleAmountCur>
    <SettleAmountMST>500.00</SettleAmountMST>
    <TransDate>2016-03-21</TransDate>
  </CustTrans>
  <CustTrans>
    <AmountCur>968.00</AmountCur>
    <AmountMST>968.00</AmountMST>
    <BalanceCur>968.00</BalanceCur>
    <BalanceMST>968.00</BalanceMST>
    <Code>FAC</Code>
    <Comment>FreeText</Comment>
    <DueDate>2016-03-21</DueDate>
    <Invoice>VF16-000028</Invoice>
    <OrderAccount>000006</OrderAccount>
    <RecId>5637155832</RecId>
    <SettleAmountCur>0.00</SettleAmountCur>
    <SettleAmountMST>0.00</SettleAmountMST>
    <TransDate>2016-03-21</TransDate>
  </CustTrans>
  <CustTrans>
    <AmountCur>968.00</AmountCur>
    <AmountMST>968.00</AmountMST>
    <BalanceCur>868.00</BalanceCur>
    <BalanceMST>868.00</BalanceMST>
    <Code>FAC</Code>
    <Comment>FreeText</Comment>
    <DueDate>2016-03-21</DueDate>
    <Invoice>VF16-000029</Invoice>
    <OrderAccount>000006</OrderAccount>
    <RecId>5637155835</RecId>
    <SettleAmountCur>100.00</SettleAmountCur>
    <SettleAmountMST>100.00</SettleAmountMST>
    <TransDate>2016-03-21</TransDate>
  </CustTrans>
  <CustTrans>
    <AmountCur>36.30</AmountCur>
    <AmountMST>36.30</AmountMST>
    <BalanceCur>0.00</BalanceCur>
    <BalanceMST>0.00</BalanceMST>
    <Code>FAC</Code>
    <Comment>FreeText</Comment>
    <Closed>2016-04-11</Closed>
    <DueDate>2016-04-11</DueDate>
    <Invoice>BEVF2016-000003</Invoice>
    <OrderAccount>000006</OrderAccount>
    <RecId>5637161826</RecId>
    <SettleAmountCur>36.30</SettleAmountCur>
    <SettleAmountMST>36.30</SettleAmountMST>
    <TransDate>2016-04-11</TransDate>
  </CustTrans>
  <CustTrans>
    <AmountCur>1210.00</AmountCur>
    <AmountMST>1210.00</AmountMST>
    <BalanceCur>0.00</BalanceCur>
    <BalanceMST>0.00</BalanceMST>
    <Code>FAC</Code>
    <Comment>FreeText</Comment>
    <Closed>2016-05-10</Closed>
    <DueDate>2016-04-14</DueDate>
    <Invoice>BEVF2016-000004</Invoice>
    <OrderAccount>000006</OrderAccount>
    <RecId>5637163326</RecId>
    <SettleAmountCur>1210.00</SettleAmountCur>
    <SettleAmountMST>1210.00</SettleAmountMST>
    <TransDate>2016-04-14</TransDate>
  </CustTrans>
  <CustTrans>
    <AmountCur>375.00</AmountCur>
    <AmountMST>375.00</AmountMST>
    <BalanceCur>375.00</BalanceCur>
    <BalanceMST>375.00</BalanceMST>
    <Code>FAC</Code>
    <Comment>FreeText</Comment>
    <DueDate>2016-04-20</DueDate>
    <Invoice>PLVF2016-000001</Invoice>
    <OrderAccount>000006</OrderAccount>
    <RecId>5637170857</RecId>
    <SettleAmountCur>0.00</SettleAmountCur>
    <SettleAmountMST>0.00</SettleAmountMST>
    <TransDate>2016-04-20</TransDate>
  </CustTrans>
  <CustTrans>
    <AmountCur>10625.00</AmountCur>
    <AmountMST>10625.00</AmountMST>
    <BalanceCur>10625.00</BalanceCur>
    <BalanceMST>10625.00</BalanceMST>
    <Code>FAC</Code>
    <Comment>FreeText</Comment>
    <DueDate>2016-04-20</DueDate>
    <Invoice>PLVF2016-000002</Invoice>
    <OrderAccount>000006</OrderAccount>
    <RecId>5637170858</RecId>
    <SettleAmountCur>0.00</SettleAmountCur>
    <SettleAmountMST>0.00</SettleAmountMST>
    <TransDate>2016-04-20</TransDate>
  </CustTrans>
  <CustTrans>
    <AmountCur>121.00</AmountCur>
    <AmountMST>121.00</AmountMST>
    <BalanceCur>0.00</BalanceCur>
    <BalanceMST>0.00</BalanceMST>
    <Code>FAC</Code>
    <Comment>FreeText</Comment>
    <Closed>2016-05-03</Closed>
    <DueDate>2016-04-25</DueDate>
    <Invoice>BEVF2016-000011</Invoice>
    <OrderAccount>000006</OrderAccount>
    <RecId>5637167085</RecId>
    <SettleAmountCur>121.00</SettleAmountCur>
    <SettleAmountMST>121.00</SettleAmountMST>
    <TransDate>2016-04-25</TransDate>
  </CustTrans>
  <CustTrans>
    <AmountCur>38.57</AmountCur>
    <AmountMST>38.57</AmountMST>
    <BalanceCur>38.57</BalanceCur>
    <BalanceMST>38.57</BalanceMST>
    <Code>FAC</Code>
    <Comment>FreeText</Comment>
    <DueDate>2016-05-02</DueDate>
    <Invoice>BEVF2016-000017</Invoice>
    <OrderAccount>000006</OrderAccount>
    <RecId>5637170077</RecId>
    <SettleAmountCur>0.00</SettleAmountCur>
    <SettleAmountMST>0.00</SettleAmountMST>
    <TransDate>2016-05-02</TransDate>
  </CustTrans>
  <CustTrans>
    <AmountCur>38.57</AmountCur>
    <AmountMST>38.57</AmountMST>
    <BalanceCur>38.57</BalanceCur>
    <BalanceMST>38.57</BalanceMST>
    <Code>FAC</Code>
    <Comment>FreeText</Comment>
    <DueDate>2016-05-02</DueDate>
    <Invoice>BEVF2016-000018</Invoice>
    <OrderAccount>000006</OrderAccount>
    <RecId>5637170078</RecId>
    <SettleAmountCur>0.00</SettleAmountCur>
    <SettleAmountMST>0.00</SettleAmountMST>
    <TransDate>2016-05-02</TransDate>
  </CustTrans>
  <CustTrans>
    <AmountCur>1210.00</AmountCur>
    <AmountMST>1210.00</AmountMST>
    <BalanceCur>0.00</BalanceCur>
    <BalanceMST>0.00</BalanceMST>
    <Code>FAC</Code>
    <Comment>FreeText</Comment>
    <Closed>2016-05-03</Closed>
    <DueDate>2016-05-03</DueDate>
    <Invoice>BEVF2016-000019</Invoice>
    <OrderAccount>000006</OrderAccount>
    <RecId>5637170827</RecId>
    <SettleAmountCur>1210.00</SettleAmountCur>
    <SettleAmountMST>1210.00</SettleAmountMST>
    <TransDate>2016-05-03</TransDate>
  </CustTrans>
  <CustTrans>
    <AmountCur>121.00</AmountCur>
    <AmountMST>121.00</AmountMST>
    <BalanceCur>0.00</BalanceCur>
    <BalanceMST>0.00</BalanceMST>
    <Code>FAC</Code>
    <Comment>FreeText</Comment>
    <Closed>2016-05-03</Closed>
    <DueDate>2016-05-03</DueDate>
    <Invoice>BEVF2016-000020</Invoice>
    <OrderAccount>000006</OrderAccount>
    <RecId>5637170828</RecId>
    <SettleAmountCur>121.00</SettleAmountCur>
    <SettleAmountMST>121.00</SettleAmountMST>
    <TransDate>2016-05-03</TransDate>
  </CustTrans>
  <CustTrans>
    <AmountCur>38720.00</AmountCur>
    <AmountMST>38720.00</AmountMST>
    <BalanceCur>38720.00</BalanceCur>
    <BalanceMST>38720.00</BalanceMST>
    <Code>FAC</Code>
    <Comment>FreeText</Comment>
    <DueDate>2016-05-17</DueDate>
    <Invoice>BEVF2016-000035</Invoice>
    <OrderAccount>000006</OrderAccount>
    <RecId>5637173077</RecId>
    <SettleAmountCur>0.00</SettleAmountCur>
    <SettleAmountMST>0.00</SettleAmountMST>
    <TransDate>2016-05-17</TransDate>
  </CustTrans>
  <CustTrans>
    <AmountCur>484000.00</AmountCur>
    <AmountMST>484000.00</AmountMST>
    <BalanceCur>484000.00</BalanceCur>
    <BalanceMST>484000.00</BalanceMST>
    <Code>FAC</Code>
    <Comment>FreeText</Comment>
    <DueDate>2016-05-17</DueDate>
    <Invoice>BEVF2016-000036</Invoice>
    <OrderAccount>000006</OrderAccount>
    <RecId>5637173078</RecId>
    <SettleAmountCur>0.00</SettleAmountCur>
    <SettleAmountMST>0.00</SettleAmountMST>
    <TransDate>2016-05-17</TransDate>
  </CustTrans>
  <CustTrans>
    <AmountCur>38.57</AmountCur>
    <AmountMST>38.57</AmountMST>
    <BalanceCur>38.57</BalanceCur>
    <BalanceMST>38.57</BalanceMST>
    <Code>FAC</Code>
    <Comment>FreeText</Comment>
    <DueDate>2016-05-17</DueDate>
    <Invoice>BEVF2016-000037</Invoice>
    <OrderAccount>000006</OrderAccount>
    <RecId>5637173082</RecId>
    <SettleAmountCur>0.00</SettleAmountCur>
    <SettleAmountMST>0.00</SettleAmountMST>
    <TransDate>2016-05-17</TransDate>
  </CustTrans>
  <CustTrans>
    <AmountCur>15052.00</AmountCur>
    <AmountMST>15052.00</AmountMST>
    <BalanceCur>15052.00</BalanceCur>
    <BalanceMST>15052.00</BalanceMST>
    <Code>FAC</Code>
    <Comment>FreeText</Comment>
    <DueDate>2016-06-06</DueDate>
    <Invoice>BEVF2016-000053</Invoice>
    <OrderAccount>000006</OrderAccount>
    <RecId>5637177578</RecId>
    <SettleAmountCur>0.00</SettleAmountCur>
    <SettleAmountMST>0.00</SettleAmountMST>
    <TransDate>2016-06-06</TransDate>
  </CustTrans>
  <CustTrans>
    <AmountCur>151.36</AmountCur>
    <AmountMST>151.36</AmountMST>
    <BalanceCur>151.36</BalanceCur>
    <BalanceMST>151.36</BalanceMST>
    <Code>FAC</Code>
    <Comment>FreeText</Comment>
    <DueDate>2016-06-15</DueDate>
    <Invoice>BEVF2016-000057</Invoice>
    <OrderAccount>000006</OrderAccount>
    <RecId>5637179076</RecId>
    <SettleAmountCur>0.00</SettleAmountCur>
    <SettleAmountMST>0.00</SettleAmountMST>
    <TransDate>2016-06-15</TransDate>
  </CustTrans>
  <CustTrans>
    <AmountCur>0.00</AmountCur>
    <AmountMST>0.00</AmountMST>
    <BalanceCur>0.00</BalanceCur>
    <BalanceMST>0.00</BalanceMST>
    <Code>FAC</Code>
    <Comment>FreeText</Comment>
    <Closed>2016-05-26</Closed>
    <DueDate>2016-06-25</DueDate>
    <Invoice>BEVF2016-000041</Invoice>
    <OrderAccount>00099916</OrderAccount>
    <RecId>5637175326</RecId>
    <SettleAmountCur>0.00</SettleAmountCur>
    <SettleAmountMST>0.00</SettleAmountMST>
    <TransDate>2016-05-26</TransDate>
  </CustTrans>
  <CustTrans>
    <AmountCur>0.00</AmountCur>
    <AmountMST>0.00</AmountMST>
    <BalanceCur>0.00</BalanceCur>
    <BalanceMST>0.00</BalanceMST>
    <Code>FAC</Code>
    <Comment>FreeText</Comment>
    <Closed>2016-05-26</Closed>
    <DueDate>2016-06-25</DueDate>
    <Invoice>BEVF2016-000042</Invoice>
    <OrderAccount>00099916</OrderAccount>
    <RecId>5637175327</RecId>
    <SettleAmountCur>0.00</SettleAmountCur>
    <SettleAmountMST>0.00</SettleAmountMST>
    <TransDate>2016-05-26</TransDate>
  </CustTrans>
  <CustTrans>
    <AmountCur>22687.50</AmountCur>
    <AmountMST>22687.50</AmountMST>
    <BalanceCur>22687.50</BalanceCur>
    <BalanceMST>22687.50</BalanceMST>
    <Code>FAC</Code>
    <Comment>FreeText</Comment>
    <DueDate>2016-04-28</DueDate>
    <Invoice>BEVF2016-000012</Invoice>
    <OrderAccount>00100100</OrderAccount>
    <RecId>5637168576</RecId>
    <SettleAmountCur>0.00</SettleAmountCur>
    <SettleAmountMST>0.00</SettleAmountMST>
    <TransDate>2016-04-28</TransDate>
  </CustTrans>
  <CustTrans>
    <AmountCur>170.00</AmountCur>
    <AmountMST>170.00</AmountMST>
    <BalanceCur>170.00</BalanceCur>
    <BalanceMST>170.00</BalanceMST>
    <Code>FAC</Code>
    <Comment>FreeText</Comment>
    <DueDate>2016-05-10</DueDate>
    <Invoice>BEVF2016-000029</Invoice>
    <OrderAccount>00100100</OrderAccount>
    <RecId>5637172329</RecId>
    <SettleAmountCur>0.00</SettleAmountCur>
    <SettleAmountMST>0.00</SettleAmountMST>
    <TransDate>2016-05-10</TransDate>
  </CustTrans>
  <CustTrans>
    <AmountCur>30.29</AmountCur>
    <AmountMST>30.29</AmountMST>
    <BalanceCur>30.29</BalanceCur>
    <BalanceMST>30.29</BalanceMST>
    <Code>FAC</Code>
    <Comment>FreeText</Comment>
    <DueDate>2016-06-02</DueDate>
    <Invoice>BEVF2016-000044</Invoice>
    <OrderAccount>00100100</OrderAccount>
    <RecId>5637176826</RecId>
    <SettleAmountCur>0.00</SettleAmountCur>
    <SettleAmountMST>0.00</SettleAmountMST>
    <TransDate>2016-06-02</TransDate>
  </CustTrans>
  <CustTrans>
    <AmountCur>7.99</AmountCur>
    <AmountMST>7.99</AmountMST>
    <BalanceCur>7.99</BalanceCur>
    <BalanceMST>7.99</BalanceMST>
    <Code>FAC</Code>
    <Comment>FreeText</Comment>
    <DueDate>2016-04-07</DueDate>
    <Invoice>BEVF2016-000002</Invoice>
    <OrderAccount>00102311</OrderAccount>
    <RecId>5637161076</RecId>
    <SettleAmountCur>0.00</SettleAmountCur>
    <SettleAmountMST>0.00</SettleAmountMST>
    <TransDate>2016-04-07</TransDate>
  </CustTrans>
  <CustTrans>
    <AmountCur>5.32</AmountCur>
    <AmountMST>5.32</AmountMST>
    <BalanceCur>5.32</BalanceCur>
    <BalanceMST>5.32</BalanceMST>
    <Code>FAC</Code>
    <Comment>FreeText</Comment>
    <DueDate>2016-06-15</DueDate>
    <Invoice>BEVF2016-000058</Invoice>
    <OrderAccount>00102311</OrderAccount>
    <RecId>5637179077</RecId>
    <SettleAmountCur>0.00</SettleAmountCur>
    <SettleAmountMST>0.00</SettleAmountMST>
    <TransDate>2016-06-15</TransDate>
  </CustTrans>
  <CustTrans>
    <AmountCur>5.32</AmountCur>
    <AmountMST>5.32</AmountMST>
    <BalanceCur>5.32</BalanceCur>
    <BalanceMST>5.32</BalanceMST>
    <Code>FAC</Code>
    <Comment>FreeText</Comment>
    <DueDate>2016-06-15</DueDate>
    <Invoice>BEVF2016-000059</Invoice>
    <OrderAccount>00102311</OrderAccount>
    <RecId>5637179078</RecId>
    <SettleAmountCur>0.00</SettleAmountCur>
    <SettleAmountMST>0.00</SettleAmountMST>
    <TransDate>2016-06-15</TransDate>
  </CustTrans>
  <CustTrans>
    <AmountCur>2.66</AmountCur>
    <AmountMST>2.66</AmountMST>
    <BalanceCur>2.66</BalanceCur>
    <BalanceMST>2.66</BalanceMST>
    <Code>FAC</Code>
    <Comment>FreeText</Comment>
    <DueDate>2016-06-15</DueDate>
    <Invoice>BEVF2016-000060</Invoice>
    <OrderAccount>00102311</OrderAccount>
    <RecId>5637179080</RecId>
    <SettleAmountCur>0.00</SettleAmountCur>
    <SettleAmountMST>0.00</SettleAmountMST>
    <TransDate>2016-06-15</TransDate>
  </CustTrans>
  <CustTrans>
    <AmountCur>2.53</AmountCur>
    <AmountMST>2.53</AmountMST>
    <BalanceCur>2.53</BalanceCur>
    <BalanceMST>2.53</BalanceMST>
    <Code>FAC</Code>
    <Comment>FreeText</Comment>
    <DueDate>2016-06-15</DueDate>
    <Invoice>BEVF2016-000061</Invoice>
    <OrderAccount>00102311</OrderAccount>
    <RecId>5637179081</RecId>
    <SettleAmountCur>0.00</SettleAmountCur>
    <SettleAmountMST>0.00</SettleAmountMST>
    <TransDate>2016-06-15</TransDate>
  </CustTrans>
  <CustTrans>
    <AmountCur>2.53</AmountCur>
    <AmountMST>2.53</AmountMST>
    <BalanceCur>2.53</BalanceCur>
    <BalanceMST>2.53</BalanceMST>
    <Code>FAC</Code>
    <Comment>FreeText</Comment>
    <DueDate>2016-06-15</DueDate>
    <Invoice>BEVF2016-000062</Invoice>
    <OrderAccount>00102311</OrderAccount>
    <RecId>5637179082</RecId>
    <SettleAmountCur>0.00</SettleAmountCur>
    <SettleAmountMST>0.00</SettleAmountMST>
    <TransDate>2016-06-15</TransDate>
  </CustTrans>
  <CustTrans>
    <AmountCur>2.53</AmountCur>
    <AmountMST>2.53</AmountMST>
    <BalanceCur>2.53</BalanceCur>
    <BalanceMST>2.53</BalanceMST>
    <Code>FAC</Code>
    <Comment>FreeText</Comment>
    <DueDate>2016-06-15</DueDate>
    <Invoice>BEVF2016-000063</Invoice>
    <OrderAccount>00102311</OrderAccount>
    <RecId>5637179083</RecId>
    <SettleAmountCur>0.00</SettleAmountCur>
    <SettleAmountMST>0.00</SettleAmountMST>
    <TransDate>2016-06-15</TransDate>
  </CustTrans>
  <CustTrans>
    <AmountCur>2.53</AmountCur>
    <AmountMST>2.53</AmountMST>
    <BalanceCur>2.53</BalanceCur>
    <BalanceMST>2.53</BalanceMST>
    <Code>FAC</Code>
    <Comment>FreeText</Comment>
    <DueDate>2016-06-15</DueDate>
    <Invoice>BEVF2016-000065</Invoice>
    <OrderAccount>00102311</OrderAccount>
    <RecId>5637179085</RecId>
    <SettleAmountCur>0.00</SettleAmountCur>
    <SettleAmountMST>0.00</SettleAmountMST>
    <TransDate>2016-06-15</TransDate>
  </CustTrans>
  <CustTrans>
    <AmountCur>2.53</AmountCur>
    <AmountMST>2.53</AmountMST>
    <BalanceCur>2.53</BalanceCur>
    <BalanceMST>2.53</BalanceMST>
    <Code>FAC</Code>
    <Comment>FreeText</Comment>
    <DueDate>2016-06-15</DueDate>
    <Invoice>BEVF2016-000066</Invoice>
    <OrderAccount>00102311</OrderAccount>
    <RecId>5637179086</RecId>
    <SettleAmountCur>0.00</SettleAmountCur>
    <SettleAmountMST>0.00</SettleAmountMST>
    <TransDate>2016-06-15</TransDate>
  </CustTrans>
  <CustTrans>
    <AmountCur>2.53</AmountCur>
    <AmountMST>2.53</AmountMST>
    <BalanceCur>2.53</BalanceCur>
    <BalanceMST>2.53</BalanceMST>
    <Code>FAC</Code>
    <Comment>FreeText</Comment>
    <DueDate>2016-06-15</DueDate>
    <Invoice>BEVF2016-000068</Invoice>
    <OrderAccount>00102311</OrderAccount>
    <RecId>5637179088</RecId>
    <SettleAmountCur>0.00</SettleAmountCur>
    <SettleAmountMST>0.00</SettleAmountMST>
    <TransDate>2016-06-15</TransDate>
  </CustTrans>
  <CustTrans>
    <AmountCur>2.53</AmountCur>
    <AmountMST>2.53</AmountMST>
    <BalanceCur>2.53</BalanceCur>
    <BalanceMST>2.53</BalanceMST>
    <Code>FAC</Code>
    <Comment>FreeText</Comment>
    <DueDate>2016-06-15</DueDate>
    <Invoice>BEVF2016-000069</Invoice>
    <OrderAccount>00102311</OrderAccount>
    <RecId>5637179090</RecId>
    <SettleAmountCur>0.00</SettleAmountCur>
    <SettleAmountMST>0.00</SettleAmountMST>
    <TransDate>2016-06-15</TransDate>
  </CustTrans>
  <CustTrans>
    <AmountCur>2.53</AmountCur>
    <AmountMST>2.53</AmountMST>
    <BalanceCur>2.53</BalanceCur>
    <BalanceMST>2.53</BalanceMST>
    <Code>FAC</Code>
    <Comment>FreeText</Comment>
    <DueDate>2016-07-08</DueDate>
    <Invoice>BEVF2016-000070</Invoice>
    <OrderAccount>00102311</OrderAccount>
    <RecId>5637179092</RecId>
    <SettleAmountCur>0.00</SettleAmountCur>
    <SettleAmountMST>0.00</SettleAmountMST>
    <TransDate>2016-06-15</TransDate>
  </CustTrans>
  <CustTrans>
    <AmountCur>2.53</AmountCur>
    <AmountMST>2.53</AmountMST>
    <BalanceCur>2.53</BalanceCur>
    <BalanceMST>2.53</BalanceMST>
    <Code>FAC</Code>
    <Comment>FreeText</Comment>
    <DueDate>2016-07-08</DueDate>
    <Invoice>BEVF2016-000071</Invoice>
    <OrderAccount>00102311</OrderAccount>
    <RecId>5637179093</RecId>
    <SettleAmountCur>0.00</SettleAmountCur>
    <SettleAmountMST>0.00</SettleAmountMST>
    <TransDate>2016-06-15</TransDate>
  </CustTrans>
  <CustTrans>
    <AmountCur>5.04</AmountCur>
    <AmountMST>5.04</AmountMST>
    <BalanceCur>5.04</BalanceCur>
    <BalanceMST>5.04</BalanceMST>
    <Code>FAC</Code>
    <Comment>FreeText</Comment>
    <DueDate>2016-07-08</DueDate>
    <Invoice>BEVF2016-000072</Invoice>
    <OrderAccount>00102311</OrderAccount>
    <RecId>5637179094</RecId>
    <SettleAmountCur>0.00</SettleAmountCur>
    <SettleAmountMST>0.00</SettleAmountMST>
    <TransDate>2016-06-15</TransDate>
  </CustTrans>
  <CustTrans>
    <AmountCur>5.04</AmountCur>
    <AmountMST>5.04</AmountMST>
    <BalanceCur>5.04</BalanceCur>
    <BalanceMST>5.04</BalanceMST>
    <Code>FAC</Code>
    <Comment>FreeText</Comment>
    <DueDate>2016-07-30</DueDate>
    <Invoice>BEVF2016-000073</Invoice>
    <OrderAccount>00102311</OrderAccount>
    <RecId>5637179096</RecId>
    <SettleAmountCur>0.00</SettleAmountCur>
    <SettleAmountMST>0.00</SettleAmountMST>
    <TransDate>2016-06-15</TransDate>
  </CustTrans>
  <CustTrans>
    <AmountCur>5.04</AmountCur>
    <AmountMST>5.04</AmountMST>
    <BalanceCur>5.04</BalanceCur>
    <BalanceMST>5.04</BalanceMST>
    <Code>FAC</Code>
    <Comment>FreeText</Comment>
    <DueDate>2016-07-08</DueDate>
    <Invoice>BEVF2016-000074</Invoice>
    <OrderAccount>00102311</OrderAccount>
    <RecId>5637179098</RecId>
    <SettleAmountCur>0.00</SettleAmountCur>
    <SettleAmountMST>0.00</SettleAmountMST>
    <TransDate>2016-06-15</TransDate>
  </CustTrans>
  <CustTrans>
    <AmountCur>2.52</AmountCur>
    <AmountMST>2.52</AmountMST>
    <BalanceCur>2.52</BalanceCur>
    <BalanceMST>2.52</BalanceMST>
    <Code>FAC</Code>
    <Comment>FreeText</Comment>
    <DueDate>2016-07-08</DueDate>
    <Invoice>BEVF2016-000075</Invoice>
    <OrderAccount>00102311</OrderAccount>
    <RecId>5637179100</RecId>
    <SettleAmountCur>0.00</SettleAmountCur>
    <SettleAmountMST>0.00</SettleAmountMST>
    <TransDate>2016-06-15</TransDate>
  </CustTrans>
  <CustTrans>
    <AmountCur>5.04</AmountCur>
    <AmountMST>5.04</AmountMST>
    <BalanceCur>5.04</BalanceCur>
    <BalanceMST>5.04</BalanceMST>
    <Code>FAC</Code>
    <Comment>FreeText</Comment>
    <DueDate>2016-07-08</DueDate>
    <Invoice>BEVF2016-000076</Invoice>
    <OrderAccount>00102311</OrderAccount>
    <RecId>5637179101</RecId>
    <SettleAmountCur>0.00</SettleAmountCur>
    <SettleAmountMST>0.00</SettleAmountMST>
    <TransDate>2016-06-15</TransDate>
  </CustTrans>
  <CustTrans>
    <AmountCur>5.04</AmountCur>
    <AmountMST>5.04</AmountMST>
    <BalanceCur>5.04</BalanceCur>
    <BalanceMST>5.04</BalanceMST>
    <Code>FAC</Code>
    <Comment>FreeText</Comment>
    <DueDate>2016-07-08</DueDate>
    <Invoice>BEVF2016-000077</Invoice>
    <OrderAccount>00102311</OrderAccount>
    <RecId>5637179102</RecId>
    <SettleAmountCur>0.00</SettleAmountCur>
    <SettleAmountMST>0.00</SettleAmountMST>
    <TransDate>2016-06-15</TransDate>
  </CustTrans>
  <CustTrans>
    <AmountCur>5.04</AmountCur>
    <AmountMST>5.04</AmountMST>
    <BalanceCur>5.04</BalanceCur>
    <BalanceMST>5.04</BalanceMST>
    <Code>FAC</Code>
    <Comment>FreeText</Comment>
    <DueDate>2016-07-08</DueDate>
    <Invoice>BEVF2016-000078</Invoice>
    <OrderAccount>00102311</OrderAccount>
    <RecId>5637179103</RecId>
    <SettleAmountCur>0.00</SettleAmountCur>
    <SettleAmountMST>0.00</SettleAmountMST>
    <TransDate>2016-06-15</TransDate>
  </CustTrans>
  <CustTrans>
    <AmountCur>5.04</AmountCur>
    <AmountMST>5.04</AmountMST>
    <BalanceCur>5.04</BalanceCur>
    <BalanceMST>5.04</BalanceMST>
    <Code>FAC</Code>
    <Comment>FreeText</Comment>
    <DueDate>2016-07-08</DueDate>
    <Invoice>BEVF2016-000079</Invoice>
    <OrderAccount>00102311</OrderAccount>
    <RecId>5637179104</RecId>
    <SettleAmountCur>0.00</SettleAmountCur>
    <SettleAmountMST>0.00</SettleAmountMST>
    <TransDate>2016-06-15</TransDate>
  </CustTrans>
  <CustTrans>
    <AmountCur>185210.88</AmountCur>
    <AmountMST>185210.88</AmountMST>
    <BalanceCur>185210.88</BalanceCur>
    <BalanceMST>185210.88</BalanceMST>
    <Code>FAC</Code>
    <Comment>FreeText</Comment>
    <DueDate>2016-07-08</DueDate>
    <Invoice>BEVF2016-000080</Invoice>
    <OrderAccount>00102311</OrderAccount>
    <RecId>5637179105</RecId>
    <SettleAmountCur>0.00</SettleAmountCur>
    <SettleAmountMST>0.00</SettleAmountMST>
    <TransDate>2016-06-15</TransDate>
  </CustTrans>
  <CustTrans>
    <AmountCur>5.04</AmountCur>
    <AmountMST>5.04</AmountMST>
    <BalanceCur>5.04</BalanceCur>
    <BalanceMST>5.04</BalanceMST>
    <Code>FAC</Code>
    <Comment>FreeText</Comment>
    <DueDate>2016-07-08</DueDate>
    <Invoice>BEVF2016-000081</Invoice>
    <OrderAccount>00102311</OrderAccount>
    <RecId>5637179106</RecId>
    <SettleAmountCur>0.00</SettleAmountCur>
    <SettleAmountMST>0.00</SettleAmountMST>
    <TransDate>2016-06-15</TransDate>
  </CustTrans>
  <CustTrans>
    <AmountCur>5.04</AmountCur>
    <AmountMST>5.04</AmountMST>
    <BalanceCur>5.04</BalanceCur>
    <BalanceMST>5.04</BalanceMST>
    <Code>FAC</Code>
    <Comment>FreeText</Comment>
    <DueDate>2016-07-08</DueDate>
    <Invoice>BEVF2016-000082</Invoice>
    <OrderAccount>00102311</OrderAccount>
    <RecId>5637179108</RecId>
    <SettleAmountCur>0.00</SettleAmountCur>
    <SettleAmountMST>0.00</SettleAmountMST>
    <TransDate>2016-06-15</TransDate>
  </CustTrans>
  <CustTrans>
    <AmountCur>5.04</AmountCur>
    <AmountMST>5.04</AmountMST>
    <BalanceCur>5.04</BalanceCur>
    <BalanceMST>5.04</BalanceMST>
    <Code>FAC</Code>
    <Comment>FreeText</Comment>
    <DueDate>2016-07-08</DueDate>
    <Invoice>BEVF2016-000083</Invoice>
    <OrderAccount>00102311</OrderAccount>
    <RecId>5637179109</RecId>
    <SettleAmountCur>0.00</SettleAmountCur>
    <SettleAmountMST>0.00</SettleAmountMST>
    <TransDate>2016-06-15</TransDate>
  </CustTrans>
  <CustTrans>
    <AmountCur>5.04</AmountCur>
    <AmountMST>5.04</AmountMST>
    <BalanceCur>5.04</BalanceCur>
    <BalanceMST>5.04</BalanceMST>
    <Code>FAC</Code>
    <Comment>FreeText</Comment>
    <DueDate>2016-07-08</DueDate>
    <Invoice>BEVF2016-000084</Invoice>
    <OrderAccount>00102311</OrderAccount>
    <RecId>5637179110</RecId>
    <SettleAmountCur>0.00</SettleAmountCur>
    <SettleAmountMST>0.00</SettleAmountMST>
    <TransDate>2016-06-15</TransDate>
  </CustTrans>
  <CustTrans>
    <AmountCur>5.04</AmountCur>
    <AmountMST>5.04</AmountMST>
    <BalanceCur>5.04</BalanceCur>
    <BalanceMST>5.04</BalanceMST>
    <Code>FAC</Code>
    <Comment>FreeText</Comment>
    <DueDate>2016-07-08</DueDate>
    <Invoice>BEVF2016-000085</Invoice>
    <OrderAccount>00102311</OrderAccount>
    <RecId>5637179112</RecId>
    <SettleAmountCur>0.00</SettleAmountCur>
    <SettleAmountMST>0.00</SettleAmountMST>
    <TransDate>2016-06-15</TransDate>
  </CustTrans>
  <CustTrans>
    <AmountCur>5.04</AmountCur>
    <AmountMST>5.04</AmountMST>
    <BalanceCur>5.04</BalanceCur>
    <BalanceMST>5.04</BalanceMST>
    <Code>FAC</Code>
    <Comment>FreeText</Comment>
    <DueDate>2016-07-08</DueDate>
    <Invoice>BEVF2016-000086</Invoice>
    <OrderAccount>00102311</OrderAccount>
    <RecId>5637179114</RecId>
    <SettleAmountCur>0.00</SettleAmountCur>
    <SettleAmountMST>0.00</SettleAmountMST>
    <TransDate>2016-06-15</TransDate>
  </CustTrans>
  <CustTrans>
    <AmountCur>5.04</AmountCur>
    <AmountMST>5.04</AmountMST>
    <BalanceCur>5.04</BalanceCur>
    <BalanceMST>5.04</BalanceMST>
    <Code>FAC</Code>
    <Comment>FreeText</Comment>
    <DueDate>2016-07-08</DueDate>
    <Invoice>BEVF2016-000087</Invoice>
    <OrderAccount>00102311</OrderAccount>
    <RecId>5637179116</RecId>
    <SettleAmountCur>0.00</SettleAmountCur>
    <SettleAmountMST>0.00</SettleAmountMST>
    <TransDate>2016-06-15</TransDate>
  </CustTrans>
  <CustTrans>
    <AmountCur>5.04</AmountCur>
    <AmountMST>5.04</AmountMST>
    <BalanceCur>5.04</BalanceCur>
    <BalanceMST>5.04</BalanceMST>
    <Code>FAC</Code>
    <Comment>FreeText</Comment>
    <DueDate>2016-07-08</DueDate>
    <Invoice>BEVF2016-000088</Invoice>
    <OrderAccount>00102311</OrderAccount>
    <RecId>5637179119</RecId>
    <SettleAmountCur>0.00</SettleAmountCur>
    <SettleAmountMST>0.00</SettleAmountMST>
    <TransDate>2016-06-15</TransDate>
  </CustTrans>
  <CustTrans>
    <AmountCur>5.04</AmountCur>
    <AmountMST>5.04</AmountMST>
    <BalanceCur>5.04</BalanceCur>
    <BalanceMST>5.04</BalanceMST>
    <Code>FAC</Code>
    <Comment>FreeText</Comment>
    <DueDate>2016-07-08</DueDate>
    <Invoice>BEVF2016-000089</Invoice>
    <OrderAccount>00102311</OrderAccount>
    <RecId>5637179120</RecId>
    <SettleAmountCur>0.00</SettleAmountCur>
    <SettleAmountMST>0.00</SettleAmountMST>
    <TransDate>2016-06-15</TransDate>
  </CustTrans>
  <CustTrans>
    <AmountCur>5.04</AmountCur>
    <AmountMST>5.04</AmountMST>
    <BalanceCur>5.04</BalanceCur>
    <BalanceMST>5.04</BalanceMST>
    <Code>FAC</Code>
    <Comment>FreeText</Comment>
    <DueDate>2016-07-08</DueDate>
    <Invoice>BEVF2016-000090</Invoice>
    <OrderAccount>00102311</OrderAccount>
    <RecId>5637179121</RecId>
    <SettleAmountCur>0.00</SettleAmountCur>
    <SettleAmountMST>0.00</SettleAmountMST>
    <TransDate>2016-06-15</TransDate>
  </CustTrans>
  <CustTrans>
    <AmountCur>5.04</AmountCur>
    <AmountMST>5.04</AmountMST>
    <BalanceCur>5.04</BalanceCur>
    <BalanceMST>5.04</BalanceMST>
    <Code>FAC</Code>
    <Comment>FreeText</Comment>
    <DueDate>2016-07-08</DueDate>
    <Invoice>BEVF2016-000091</Invoice>
    <OrderAccount>00102311</OrderAccount>
    <RecId>5637179123</RecId>
    <SettleAmountCur>0.00</SettleAmountCur>
    <SettleAmountMST>0.00</SettleAmountMST>
    <TransDate>2016-06-15</TransDate>
  </CustTrans>
  <CustTrans>
    <AmountCur>5.04</AmountCur>
    <AmountMST>5.04</AmountMST>
    <BalanceCur>5.04</BalanceCur>
    <BalanceMST>5.04</BalanceMST>
    <Code>FAC</Code>
    <Comment>FreeText</Comment>
    <DueDate>2016-07-08</DueDate>
    <Invoice>BEVF2016-000093</Invoice>
    <OrderAccount>00102311</OrderAccount>
    <RecId>5637180590</RecId>
    <SettleAmountCur>0.00</SettleAmountCur>
    <SettleAmountMST>0.00</SettleAmountMST>
    <TransDate>2016-06-27</TransDate>
  </CustTrans>
  <CustTrans>
    <AmountCur>5.04</AmountCur>
    <AmountMST>5.04</AmountMST>
    <BalanceCur>5.04</BalanceCur>
    <BalanceMST>5.04</BalanceMST>
    <Code>FAC</Code>
    <Comment>FreeText</Comment>
    <DueDate>2016-07-08</DueDate>
    <Invoice>BEVF2016-000094</Invoice>
    <OrderAccount>00102311</OrderAccount>
    <RecId>5637180592</RecId>
    <SettleAmountCur>0.00</SettleAmountCur>
    <SettleAmountMST>0.00</SettleAmountMST>
    <TransDate>2016-06-27</TransDate>
  </CustTrans>
  <CustTrans>
    <AmountCur>25.20</AmountCur>
    <AmountMST>25.20</AmountMST>
    <BalanceCur>25.20</BalanceCur>
    <BalanceMST>25.20</BalanceMST>
    <Code>FAC</Code>
    <Comment>FreeText</Comment>
    <DueDate>2016-07-08</DueDate>
    <Invoice>BEVF2016-000095</Invoice>
    <OrderAccount>00102311</OrderAccount>
    <RecId>5637180594</RecId>
    <SettleAmountCur>0.00</SettleAmountCur>
    <SettleAmountMST>0.00</SettleAmountMST>
    <TransDate>2016-06-27</TransDate>
  </CustTrans>
  <CustTrans>
    <AmountCur>0.00</AmountCur>
    <AmountMST>0.00</AmountMST>
    <BalanceCur>0.00</BalanceCur>
    <BalanceMST>0.00</BalanceMST>
    <Code>FAC</Code>
    <Comment>FreeText</Comment>
    <Closed>2016-06-27</Closed>
    <DueDate>2016-07-08</DueDate>
    <Invoice>BEVF2016-000096</Invoice>
    <OrderAccount>00102311</OrderAccount>
    <RecId>5637180595</RecId>
    <SettleAmountCur>0.00</SettleAmountCur>
    <SettleAmountMST>0.00</SettleAmountMST>
    <TransDate>2016-06-27</TransDate>
  </CustTrans>
  <CustTrans>
    <AmountCur>0.00</AmountCur>
    <AmountMST>0.00</AmountMST>
    <BalanceCur>0.00</BalanceCur>
    <BalanceMST>0.00</BalanceMST>
    <Code>FAC</Code>
    <Comment>FreeText</Comment>
    <Closed>2016-06-27</Closed>
    <DueDate>2016-07-08</DueDate>
    <Invoice>BEVF2016-000097</Invoice>
    <OrderAccount>00102311</OrderAccount>
    <RecId>5637180596</RecId>
    <SettleAmountCur>0.00</SettleAmountCur>
    <SettleAmountMST>0.00</SettleAmountMST>
    <TransDate>2016-06-27</TransDate>
  </CustTrans>
  <CustTrans>
    <AmountCur>119.67</AmountCur>
    <AmountMST>119.67</AmountMST>
    <BalanceCur>119.67</BalanceCur>
    <BalanceMST>119.67</BalanceMST>
    <Code>FAC</Code>
    <Comment>FreeText</Comment>
    <DueDate>2016-08-30</DueDate>
    <Invoice>BEVF2016-000098</Invoice>
    <OrderAccount>001226561</OrderAccount>
    <RecId>5637181337</RecId>
    <SettleAmountCur>0.00</SettleAmountCur>
    <SettleAmountMST>0.00</SettleAmountMST>
    <TransDate>2016-07-04</TransDate>
  </CustTrans>
  <CustTrans>
    <AmountCur>2.53</AmountCur>
    <AmountMST>2.53</AmountMST>
    <BalanceCur>2.53</BalanceCur>
    <BalanceMST>2.53</BalanceMST>
    <Code>FAC</Code>
    <Comment>FreeText</Comment>
    <DueDate>2016-07-10</DueDate>
    <Invoice>BEVF2016-000064</Invoice>
    <OrderAccount>00257601</OrderAccount>
    <RecId>5637179084</RecId>
    <SettleAmountCur>0.00</SettleAmountCur>
    <SettleAmountMST>0.00</SettleAmountMST>
    <TransDate>2016-06-15</TransDate>
  </CustTrans>
  <CustTrans>
    <AmountCur>100000.00</AmountCur>
    <AmountMST>100000.00</AmountMST>
    <BalanceCur>100000.00</BalanceCur>
    <BalanceMST>100000.00</BalanceMST>
    <Code>FAC</Code>
    <Comment>FreeText</Comment>
    <DueDate>2016-04-30</DueDate>
    <Invoice>VF16-000017</Invoice>
    <OrderAccount>00502151</OrderAccount>
    <RecId>5637152076</RecId>
    <SettleAmountCur>0.00</SettleAmountCur>
    <SettleAmountMST>0.00</SettleAmountMST>
    <TransDate>2016-03-08</TransDate>
  </CustTrans>
  <CustTrans>
    <AmountCur>154600.00</AmountCur>
    <AmountMST>154600.00</AmountMST>
    <BalanceCur>0.00</BalanceCur>
    <BalanceMST>0.00</BalanceMST>
    <Code>FAC</Code>
    <Comment>FreeText</Comment>
    <Closed>2016-05-10</Closed>
    <DueDate>2016-04-07</DueDate>
    <Invoice>VF16-000018</Invoice>
    <OrderAccount>00630301</OrderAccount>
    <RecId>5637152077</RecId>
    <SettleAmountCur>154600.00</SettleAmountCur>
    <SettleAmountMST>154600.00</SettleAmountMST>
    <TransDate>2016-03-08</TransDate>
  </CustTrans>
  <CustTrans>
    <AmountCur>1000.00</AmountCur>
    <AmountMST>1428.57</AmountMST>
    <BalanceCur>1000.00</BalanceCur>
    <BalanceMST>1428.57</BalanceMST>
    <Code>FAC</Code>
    <Comment>FreeText</Comment>
    <DueDate>2016-03-17</DueDate>
    <Invoice>VF16-000022</Invoice>
    <OrderAccount>00634051</OrderAccount>
    <RecId>5637155077</RecId>
    <SettleAmountCur>0.00</SettleAmountCur>
    <SettleAmountMST>0.00</SettleAmountMST>
    <TransDate>2016-03-17</TransDate>
  </CustTrans>
  <CustTrans>
    <AmountCur>-1000.00</AmountCur>
    <AmountMST>-1428.57</AmountMST>
    <BalanceCur>-1000.00</BalanceCur>
    <BalanceMST>-1428.57</BalanceMST>
    <Code>FAC</Code>
    <Comment>FreeText</Comment>
    <DueDate>2016-03-17</DueDate>
    <Invoice>VF16-000023</Invoice>
    <OrderAccount>00634051</OrderAccount>
    <RecId>5637155079</RecId>
    <SettleAmountCur>0.00</SettleAmountCur>
    <SettleAmountMST>0.00</SettleAmountMST>
    <TransDate>2016-03-17</TransDate>
  </CustTrans>
  <CustTrans>
    <AmountCur>5000.00</AmountCur>
    <AmountMST>7142.86</AmountMST>
    <BalanceCur>5000.00</BalanceCur>
    <BalanceMST>7142.86</BalanceMST>
    <Code>FAC</Code>
    <Comment>FreeText</Comment>
    <DueDate>2016-05-09</DueDate>
    <Invoice>BEVF2016-000027</Invoice>
    <OrderAccount>00634051</OrderAccount>
    <RecId>5637171579</RecId>
    <SettleAmountCur>0.00</SettleAmountCur>
    <SettleAmountMST>0.00</SettleAmountMST>
    <TransDate>2016-05-09</TransDate>
  </CustTrans>
  <CustTrans>
    <AmountCur>2049.86</AmountCur>
    <AmountMST>2049.86</AmountMST>
    <BalanceCur>1049.86</BalanceCur>
    <BalanceMST>1049.86</BalanceMST>
    <Code>FAC</Code>
    <Comment>FreeText</Comment>
    <DueDate>2016-03-30</DueDate>
    <Invoice>VF16-000011</Invoice>
    <OrderAccount>00690901</OrderAccount>
    <RecId>5637151326</RecId>
    <SettleAmountCur>1000.00</SettleAmountCur>
    <SettleAmountMST>1000.00</SettleAmountMST>
    <TransDate>2016-02-25</TransDate>
  </CustTrans>
  <CustTrans>
    <AmountCur>1024.93</AmountCur>
    <AmountMST>1024.93</AmountMST>
    <BalanceCur>0.00</BalanceCur>
    <BalanceMST>0.00</BalanceMST>
    <Code>FAC</Code>
    <Comment>FreeText</Comment>
    <Closed>2016-02-25</Closed>
    <DueDate>2016-03-30</DueDate>
    <Invoice>VF16-000012</Invoice>
    <OrderAccount>00690901</OrderAccount>
    <RecId>5637151328</RecId>
    <SettleAmountCur>1024.93</SettleAmountCur>
    <SettleAmountMST>1024.93</SettleAmountMST>
    <TransDate>2016-02-25</TransDate>
  </CustTrans>
  <CustTrans>
    <AmountCur>1024.93</AmountCur>
    <AmountMST>1024.93</AmountMST>
    <BalanceCur>0.00</BalanceCur>
    <BalanceMST>0.00</BalanceMST>
    <Code>FAC</Code>
    <Comment>FreeText</Comment>
    <Closed>2016-04-12</Closed>
    <DueDate>2016-03-30</DueDate>
    <Invoice>VF16-000013</Invoice>
    <OrderAccount>00690901</OrderAccount>
    <RecId>5637151332</RecId>
    <SettleAmountCur>1024.93</SettleAmountCur>
    <SettleAmountMST>1024.93</SettleAmountMST>
    <TransDate>2016-02-25</TransDate>
  </CustTrans>
  <CustTrans>
    <AmountCur>1024.93</AmountCur>
    <AmountMST>1024.93</AmountMST>
    <BalanceCur>0.00</BalanceCur>
    <BalanceMST>0.00</BalanceMST>
    <Code>FAC</Code>
    <Comment>FreeText</Comment>
    <Closed>2016-02-25</Closed>
    <DueDate>2016-03-30</DueDate>
    <Invoice>VF16-000014</Invoice>
    <OrderAccount>00690901</OrderAccount>
    <RecId>5637151334</RecId>
    <SettleAmountCur>1024.93</SettleAmountCur>
    <SettleAmountMST>1024.93</SettleAmountMST>
    <TransDate>2016-02-25</TransDate>
  </CustTrans>
  <CustTrans>
    <AmountCur>1024.93</AmountCur>
    <AmountMST>1024.93</AmountMST>
    <BalanceCur>0.00</BalanceCur>
    <BalanceMST>0.00</BalanceMST>
    <Code>FAC</Code>
    <Comment>FreeText</Comment>
    <Closed>2016-02-25</Closed>
    <DueDate>2016-03-30</DueDate>
    <Invoice>VF16-000015</Invoice>
    <OrderAccount>00690901</OrderAccount>
    <RecId>5637151337</RecId>
    <SettleAmountCur>1024.93</SettleAmountCur>
    <SettleAmountMST>1024.93</SettleAmountMST>
    <TransDate>2016-02-25</TransDate>
  </CustTrans>
  <CustTrans>
    <AmountCur>1024.93</AmountCur>
    <AmountMST>1024.93</AmountMST>
    <BalanceCur>0.00</BalanceCur>
    <BalanceMST>0.00</BalanceMST>
    <Code>FAC</Code>
    <Comment>FreeText</Comment>
    <Closed>2016-02-25</Closed>
    <DueDate>2016-03-30</DueDate>
    <Invoice>VF16-000016</Invoice>
    <OrderAccount>00690901</OrderAccount>
    <RecId>5637151340</RecId>
    <SettleAmountCur>1024.93</SettleAmountCur>
    <SettleAmountMST>1024.93</SettleAmountMST>
    <TransDate>2016-02-25</TransDate>
  </CustTrans>
  <CustTrans>
    <AmountCur>10631.94</AmountCur>
    <AmountMST>10631.94</AmountMST>
    <BalanceCur>0.00</BalanceCur>
    <BalanceMST>0.00</BalanceMST>
    <Code>FAC</Code>
    <Comment>FreeText</Comment>
    <Closed>2016-04-12</Closed>
    <DueDate>2016-04-30</DueDate>
    <Invoice>VF16-000019</Invoice>
    <OrderAccount>00690901</OrderAccount>
    <RecId>5637152078</RecId>
    <SettleAmountCur>10631.94</SettleAmountCur>
    <SettleAmountMST>10631.94</SettleAmountMST>
    <TransDate>2016-03-08</TransDate>
  </CustTrans>
  <CustTrans>
    <AmountCur>2.53</AmountCur>
    <AmountMST>2.53</AmountMST>
    <BalanceCur>2.53</BalanceCur>
    <BalanceMST>2.53</BalanceMST>
    <Code>FAC</Code>
    <Comment>FreeText</Comment>
    <DueDate>2016-06-15</DueDate>
    <Invoice>BEVF2016-000067</Invoice>
    <OrderAccount>00690901</OrderAccount>
    <RecId>5637179087</RecId>
    <SettleAmountCur>0.00</SettleAmountCur>
    <SettleAmountMST>0.00</SettleAmountMST>
    <TransDate>2016-06-15</TransDate>
  </CustTrans>
  <CustTrans>
    <AmountCur>680.63</AmountCur>
    <AmountMST>680.63</AmountMST>
    <BalanceCur>0.00</BalanceCur>
    <BalanceMST>0.00</BalanceMST>
    <Code>FAC</Code>
    <Comment>FreeText</Comment>
    <Closed>2016-04-21</Closed>
    <DueDate>2016-04-21</DueDate>
    <Invoice>BEVF2016-000006</Invoice>
    <OrderAccount>00803291</OrderAccount>
    <RecId>5637165584</RecId>
    <SettleAmountCur>680.63</SettleAmountCur>
    <SettleAmountMST>680.63</SettleAmountMST>
    <TransDate>2016-04-21</TransDate>
  </CustTrans>
  <CustTrans>
    <AmountCur>646.59</AmountCur>
    <AmountMST>646.59</AmountMST>
    <BalanceCur>0.00</BalanceCur>
    <BalanceMST>0.00</BalanceMST>
    <Code>FAC</Code>
    <Comment>FreeText</Comment>
    <Closed>2016-04-21</Closed>
    <DueDate>2016-04-21</DueDate>
    <Invoice>BEVF2016-000007</Invoice>
    <OrderAccount>00803291</OrderAccount>
    <RecId>5637165585</RecId>
    <SettleAmountCur>646.59</SettleAmountCur>
    <SettleAmountMST>646.59</SettleAmountMST>
    <TransDate>2016-04-21</TransDate>
  </CustTrans>
  <CustTrans>
    <AmountCur>121.00</AmountCur>
    <AmountMST>121.00</AmountMST>
    <BalanceCur>0.00</BalanceCur>
    <BalanceMST>0.00</BalanceMST>
    <Code>FAC</Code>
    <Comment>FreeText</Comment>
    <Closed>2016-04-21</Closed>
    <DueDate>2016-04-21</DueDate>
    <Invoice>BEVF2016-000008</Invoice>
    <OrderAccount>00803291</OrderAccount>
    <RecId>5637165586</RecId>
    <SettleAmountCur>121.00</SettleAmountCur>
    <SettleAmountMST>121.00</SettleAmountMST>
    <TransDate>2016-04-21</TransDate>
  </CustTrans>
  <CustTrans>
    <AmountCur>1512.50</AmountCur>
    <AmountMST>1512.50</AmountMST>
    <BalanceCur>0.00</BalanceCur>
    <BalanceMST>0.00</BalanceMST>
    <Code>FAC</Code>
    <Comment>FreeText</Comment>
    <Closed>2016-04-21</Closed>
    <DueDate>2016-04-21</DueDate>
    <Invoice>BEVF2016-000009</Invoice>
    <OrderAccount>00803291</OrderAccount>
    <RecId>5637165587</RecId>
    <SettleAmountCur>1512.50</SettleAmountCur>
    <SettleAmountMST>1512.50</SettleAmountMST>
    <TransDate>2016-04-21</TransDate>
  </CustTrans>
  <CustTrans>
    <AmountCur>263.27</AmountCur>
    <AmountMST>263.27</AmountMST>
    <BalanceCur>263.27</BalanceCur>
    <BalanceMST>263.27</BalanceMST>
    <Code>FAC</Code>
    <Comment>FreeText</Comment>
    <DueDate>2016-07-31</DueDate>
    <Invoice>BEVF2016-000099</Invoice>
    <OrderAccount>00818631</OrderAccount>
    <RecId>5637181345</RecId>
    <SettleAmountCur>0.00</SettleAmountCur>
    <SettleAmountMST>0.00</SettleAmountMST>
    <TransDate>2016-07-04</TransDate>
  </CustTrans>
  <CustTrans>
    <AmountCur>-143.60</AmountCur>
    <AmountMST>-143.60</AmountMST>
    <BalanceCur>-143.60</BalanceCur>
    <BalanceMST>-143.60</BalanceMST>
    <Code>FAC</Code>
    <Comment>FreeText</Comment>
    <DueDate>2016-07-31</DueDate>
    <Invoice>BEVF2016-000100</Invoice>
    <OrderAccount>00818631</OrderAccount>
    <RecId>5637181346</RecId>
    <SettleAmountCur>0.00</SettleAmountCur>
    <SettleAmountMST>0.00</SettleAmountMST>
    <TransDate>2016-07-04</TransDate>
  </CustTrans>
  <CustTrans>
    <AmountCur>239.34</AmountCur>
    <AmountMST>239.34</AmountMST>
    <BalanceCur>239.34</BalanceCur>
    <BalanceMST>239.34</BalanceMST>
    <Code>FAC</Code>
    <Comment>FreeText</Comment>
    <DueDate>2016-07-31</DueDate>
    <Invoice>BEVF2016-000101</Invoice>
    <OrderAccount>00818631</OrderAccount>
    <RecId>5637182077</RecId>
    <SettleAmountCur>0.00</SettleAmountCur>
    <SettleAmountMST>0.00</SettleAmountMST>
    <TransDate>2016-07-05</TransDate>
  </CustTrans>
  <CustTrans>
    <AmountCur>1210.00</AmountCur>
    <AmountMST>1210.00</AmountMST>
    <BalanceCur>1210.00</BalanceCur>
    <BalanceMST>1210.00</BalanceMST>
    <Code>FAC</Code>
    <Comment>FreeText</Comment>
    <DueDate>2016-03-14</DueDate>
    <Invoice>VF16-000020</Invoice>
    <OrderAccount>01931242</OrderAccount>
    <RecId>5637153577</RecId>
    <SettleAmountCur>0.00</SettleAmountCur>
    <SettleAmountMST>0.00</SettleAmountMST>
    <TransDate>2016-03-14</TransDate>
  </CustTrans>
  <CustTrans>
    <AmountCur>1210.00</AmountCur>
    <AmountMST>1210.00</AmountMST>
    <BalanceCur>1210.00</BalanceCur>
    <BalanceMST>1210.00</BalanceMST>
    <Code>FAC</Code>
    <Comment>FreeText</Comment>
    <DueDate>2016-03-14</DueDate>
    <Invoice>VF16-000021</Invoice>
    <OrderAccount>01931242</OrderAccount>
    <RecId>5637153578</RecId>
    <SettleAmountCur>0.00</SettleAmountCur>
    <SettleAmountMST>0.00</SettleAmountMST>
    <TransDate>2016-03-14</TransDate>
  </CustTrans>
  <CustTrans>
    <AmountCur>1058.80</AmountCur>
    <AmountMST>1058.80</AmountMST>
    <BalanceCur>1058.80</BalanceCur>
    <BalanceMST>1058.80</BalanceMST>
    <Code>FAC</Code>
    <Comment>FreeText</Comment>
    <DueDate>2016-03-08</DueDate>
    <Invoice>VF16-000001</Invoice>
    <OrderAccount>02005615</OrderAccount>
    <RecId>5637146826</RecId>
    <SettleAmountCur>0.00</SettleAmountCur>
    <SettleAmountMST>0.00</SettleAmountMST>
    <TransDate>2016-02-04</TransDate>
  </CustTrans>
  <CustTrans>
    <AmountCur>9875.50</AmountCur>
    <AmountMST>9875.50</AmountMST>
    <BalanceCur>9875.50</BalanceCur>
    <BalanceMST>9875.50</BalanceMST>
    <Code>FAC</Code>
    <Comment>FreeText</Comment>
    <DueDate>2016-03-08</DueDate>
    <Invoice>VF16-000002</Invoice>
    <OrderAccount>02005615</OrderAccount>
    <RecId>5637147576</RecId>
    <SettleAmountCur>0.00</SettleAmountCur>
    <SettleAmountMST>0.00</SettleAmountMST>
    <TransDate>2016-02-06</TransDate>
  </CustTrans>
  <CustTrans>
    <AmountCur>84.70</AmountCur>
    <AmountMST>84.70</AmountMST>
    <BalanceCur>84.70</BalanceCur>
    <BalanceMST>84.70</BalanceMST>
    <Code>FAC</Code>
    <Comment>FreeText</Comment>
    <DueDate>2016-03-08</DueDate>
    <Invoice>VF16-000003</Invoice>
    <OrderAccount>02005615</OrderAccount>
    <RecId>5637147577</RecId>
    <SettleAmountCur>0.00</SettleAmountCur>
    <SettleAmountMST>0.00</SettleAmountMST>
    <TransDate>2016-02-06</TransDate>
  </CustTrans>
  <CustTrans>
    <AmountCur>96.35</AmountCur>
    <AmountMST>96.35</AmountMST>
    <BalanceCur>96.35</BalanceCur>
    <BalanceMST>96.35</BalanceMST>
    <Code>FAC</Code>
    <Comment>FreeText</Comment>
    <DueDate>2016-03-08</DueDate>
    <Invoice>VF16-000004</Invoice>
    <OrderAccount>02005615</OrderAccount>
    <RecId>5637147578</RecId>
    <SettleAmountCur>0.00</SettleAmountCur>
    <SettleAmountMST>0.00</SettleAmountMST>
    <TransDate>2016-02-06</TransDate>
  </CustTrans>
  <CustTrans>
    <AmountCur>9875.50</AmountCur>
    <AmountMST>9875.50</AmountMST>
    <BalanceCur>9875.50</BalanceCur>
    <BalanceMST>9875.50</BalanceMST>
    <Code>FAC</Code>
    <Comment>FreeText</Comment>
    <DueDate>2016-03-08</DueDate>
    <Invoice>VF16-000005</Invoice>
    <OrderAccount>02005615</OrderAccount>
    <RecId>5637148326</RecId>
    <SettleAmountCur>0.00</SettleAmountCur>
    <SettleAmountMST>0.00</SettleAmountMST>
    <TransDate>2016-02-15</TransDate>
  </CustTrans>
  <CustTrans>
    <AmountCur>1205.80</AmountCur>
    <AmountMST>1205.80</AmountMST>
    <BalanceCur>1205.80</BalanceCur>
    <BalanceMST>1205.80</BalanceMST>
    <Code>FAC</Code>
    <Comment>FreeText</Comment>
    <DueDate>2016-03-08</DueDate>
    <Invoice>VF16-000006</Invoice>
    <OrderAccount>02005615</OrderAccount>
    <RecId>5637149076</RecId>
    <SettleAmountCur>0.00</SettleAmountCur>
    <SettleAmountMST>0.00</SettleAmountMST>
    <TransDate>2016-02-16</TransDate>
  </CustTrans>
  <CustTrans>
    <AmountCur>1097.28</AmountCur>
    <AmountMST>1097.28</AmountMST>
    <BalanceCur>1097.28</BalanceCur>
    <BalanceMST>1097.28</BalanceMST>
    <Code>FAC</Code>
    <Comment>FreeText</Comment>
    <DueDate>2016-03-08</DueDate>
    <Invoice>VF16-000007</Invoice>
    <OrderAccount>02005615</OrderAccount>
    <RecId>5637149077</RecId>
    <SettleAmountCur>0.00</SettleAmountCur>
    <SettleAmountMST>0.00</SettleAmountMST>
    <TransDate>2016-02-16</TransDate>
  </CustTrans>
  <CustTrans>
    <AmountCur>10852.20</AmountCur>
    <AmountMST>10852.20</AmountMST>
    <BalanceCur>10852.20</BalanceCur>
    <BalanceMST>10852.20</BalanceMST>
    <Code>FAC</Code>
    <Comment>FreeText</Comment>
    <DueDate>2016-03-08</DueDate>
    <Invoice>VF16-000008</Invoice>
    <OrderAccount>02005615</OrderAccount>
    <RecId>5637149826</RecId>
    <SettleAmountCur>0.00</SettleAmountCur>
    <SettleAmountMST>0.00</SettleAmountMST>
    <TransDate>2016-02-22</TransDate>
  </CustTrans>
  <CustTrans>
    <AmountCur>10972.78</AmountCur>
    <AmountMST>10972.78</AmountMST>
    <BalanceCur>10972.78</BalanceCur>
    <BalanceMST>10972.78</BalanceMST>
    <Code>FAC</Code>
    <Comment>FreeText</Comment>
    <DueDate>2016-03-08</DueDate>
    <Invoice>VF16-000009</Invoice>
    <OrderAccount>02005615</OrderAccount>
    <RecId>5637150576</RecId>
    <SettleAmountCur>0.00</SettleAmountCur>
    <SettleAmountMST>0.00</SettleAmountMST>
    <TransDate>2016-02-23</TransDate>
  </CustTrans>
  <CustTrans>
    <AmountCur>10972.78</AmountCur>
    <AmountMST>10972.78</AmountMST>
    <BalanceCur>10972.78</BalanceCur>
    <BalanceMST>10972.78</BalanceMST>
    <Code>FAC</Code>
    <Comment>FreeText</Comment>
    <DueDate>2016-03-08</DueDate>
    <Invoice>VF16-000010</Invoice>
    <OrderAccount>02005615</OrderAccount>
    <RecId>5637150577</RecId>
    <SettleAmountCur>0.00</SettleAmountCur>
    <SettleAmountMST>0.00</SettleAmountMST>
    <TransDate>2016-02-23</TransDate>
  </CustTrans>
  <CustTrans>
    <AmountCur>45.22</AmountCur>
    <AmountMST>45.22</AmountMST>
    <BalanceCur>45.22</BalanceCur>
    <BalanceMST>45.22</BalanceMST>
    <Code>FAC</Code>
    <Comment>FreeText</Comment>
    <DueDate>2016-05-08</DueDate>
    <Invoice>BEVF2016-000001</Invoice>
    <OrderAccount>02005615</OrderAccount>
    <RecId>5637159577</RecId>
    <SettleAmountCur>0.00</SettleAmountCur>
    <SettleAmountMST>0.00</SettleAmountMST>
    <TransDate>2016-04-01</TransDate>
  </CustTrans>
  <CustTrans>
    <AmountCur>2.52</AmountCur>
    <AmountMST>2.52</AmountMST>
    <BalanceCur>2.52</BalanceCur>
    <BalanceMST>2.52</BalanceMST>
    <Code>FAC</Code>
    <Comment>FreeText</Comment>
    <DueDate>2016-05-08</DueDate>
    <Invoice>BEVF2016-000005</Invoice>
    <OrderAccount>02005615</OrderAccount>
    <RecId>5637164076</RecId>
    <SettleAmountCur>0.00</SettleAmountCur>
    <SettleAmountMST>0.00</SettleAmountMST>
    <TransDate>2016-04-18</TransDate>
  </CustTrans>
  <CustTrans>
    <AmountCur>15.88</AmountCur>
    <AmountMST>15.88</AmountMST>
    <BalanceCur>15.88</BalanceCur>
    <BalanceMST>15.88</BalanceMST>
    <Code>FAC</Code>
    <Comment>FreeText</Comment>
    <DueDate>2016-05-08</DueDate>
    <Invoice>BEVF2016-000010</Invoice>
    <OrderAccount>02005615</OrderAccount>
    <RecId>5637165591</RecId>
    <SettleAmountCur>0.00</SettleAmountCur>
    <SettleAmountMST>0.00</SettleAmountMST>
    <TransDate>2016-04-21</TransDate>
  </CustTrans>
  <CustTrans>
    <AmountCur>678.26</AmountCur>
    <AmountMST>678.26</AmountMST>
    <BalanceCur>678.26</BalanceCur>
    <BalanceMST>678.26</BalanceMST>
    <Code>FAC</Code>
    <Comment>FreeText</Comment>
    <DueDate>2016-05-08</DueDate>
    <Invoice>BEVF2016-000013</Invoice>
    <OrderAccount>02005615</OrderAccount>
    <RecId>5637169326</RecId>
    <SettleAmountCur>0.00</SettleAmountCur>
    <SettleAmountMST>0.00</SettleAmountMST>
    <TransDate>2016-04-29</TransDate>
  </CustTrans>
  <CustTrans>
    <AmountCur>-135.65</AmountCur>
    <AmountMST>-135.65</AmountMST>
    <BalanceCur>-135.65</BalanceCur>
    <BalanceMST>-135.65</BalanceMST>
    <Code>FAC</Code>
    <Comment>FreeText</Comment>
    <DueDate>2016-05-08</DueDate>
    <Invoice>BEVF2016-000014</Invoice>
    <OrderAccount>02005615</OrderAccount>
    <RecId>5637169327</RecId>
    <SettleAmountCur>0.00</SettleAmountCur>
    <SettleAmountMST>0.00</SettleAmountMST>
    <TransDate>2016-04-29</TransDate>
  </CustTrans>
  <CustTrans>
    <AmountCur>-135.65</AmountCur>
    <AmountMST>-135.65</AmountMST>
    <BalanceCur>-135.65</BalanceCur>
    <BalanceMST>-135.65</BalanceMST>
    <Code>FAC</Code>
    <Comment>FreeText</Comment>
    <DueDate>2016-05-08</DueDate>
    <Invoice>BEVF2016-000015</Invoice>
    <OrderAccount>02005615</OrderAccount>
    <RecId>5637169328</RecId>
    <SettleAmountCur>0.00</SettleAmountCur>
    <SettleAmountMST>0.00</SettleAmountMST>
    <TransDate>2016-04-29</TransDate>
  </CustTrans>
  <CustTrans>
    <AmountCur>-135.65</AmountCur>
    <AmountMST>-135.65</AmountMST>
    <BalanceCur>-135.65</BalanceCur>
    <BalanceMST>-135.65</BalanceMST>
    <Code>FAC</Code>
    <Comment>FreeText</Comment>
    <DueDate>2016-05-08</DueDate>
    <Invoice>BEVF2016-000016</Invoice>
    <OrderAccount>02005615</OrderAccount>
    <RecId>5637169329</RecId>
    <SettleAmountCur>0.00</SettleAmountCur>
    <SettleAmountMST>0.00</SettleAmountMST>
    <TransDate>2016-04-29</TransDate>
  </CustTrans>
  <CustTrans>
    <AmountCur>2.52</AmountCur>
    <AmountMST>2.52</AmountMST>
    <BalanceCur>2.52</BalanceCur>
    <BalanceMST>2.52</BalanceMST>
    <Code>FAC</Code>
    <Comment>FreeText</Comment>
    <DueDate>2016-06-08</DueDate>
    <Invoice>BEVF2016-000025</Invoice>
    <OrderAccount>02005615</OrderAccount>
    <RecId>5637171577</RecId>
    <SettleAmountCur>0.00</SettleAmountCur>
    <SettleAmountMST>0.00</SettleAmountMST>
    <TransDate>2016-05-09</TransDate>
  </CustTrans>
  <CustTrans>
    <AmountCur>-2.52</AmountCur>
    <AmountMST>-2.52</AmountMST>
    <BalanceCur>-2.52</BalanceCur>
    <BalanceMST>-2.52</BalanceMST>
    <Code>FAC</Code>
    <Comment>FreeText</Comment>
    <DueDate>2016-06-08</DueDate>
    <Invoice>BEVF2016-000026</Invoice>
    <OrderAccount>02005615</OrderAccount>
    <RecId>5637171578</RecId>
    <SettleAmountCur>0.00</SettleAmountCur>
    <SettleAmountMST>0.00</SettleAmountMST>
    <TransDate>2016-05-09</TransDate>
  </CustTrans>
  <CustTrans>
    <AmountCur>2.52</AmountCur>
    <AmountMST>2.52</AmountMST>
    <BalanceCur>2.52</BalanceCur>
    <BalanceMST>2.52</BalanceMST>
    <Code>FAC</Code>
    <Comment>FreeText</Comment>
    <DueDate>2016-06-08</DueDate>
    <Invoice>BEVF2016-000028</Invoice>
    <OrderAccount>02005615</OrderAccount>
    <RecId>5637171580</RecId>
    <SettleAmountCur>0.00</SettleAmountCur>
    <SettleAmountMST>0.00</SettleAmountMST>
    <TransDate>2016-05-09</TransDate>
  </CustTrans>
  <CustTrans>
    <AmountCur>-67.83</AmountCur>
    <AmountMST>-67.83</AmountMST>
    <BalanceCur>-67.83</BalanceCur>
    <BalanceMST>-67.83</BalanceMST>
    <Code>FAC</Code>
    <Comment>FreeText</Comment>
    <DueDate>2016-06-08</DueDate>
    <Invoice>BEVF2016-000030</Invoice>
    <OrderAccount>02005615</OrderAccount>
    <RecId>5637172330</RecId>
    <SettleAmountCur>0.00</SettleAmountCur>
    <SettleAmountMST>0.00</SettleAmountMST>
    <TransDate>2016-05-10</TransDate>
  </CustTrans>
  <CustTrans>
    <AmountCur>678.26</AmountCur>
    <AmountMST>678.26</AmountMST>
    <BalanceCur>678.26</BalanceCur>
    <BalanceMST>678.26</BalanceMST>
    <Code>FAC</Code>
    <Comment>FreeText</Comment>
    <DueDate>2016-06-08</DueDate>
    <Invoice>BEVF2016-000031</Invoice>
    <OrderAccount>02005615</OrderAccount>
    <RecId>5637172331</RecId>
    <SettleAmountCur>0.00</SettleAmountCur>
    <SettleAmountMST>0.00</SettleAmountMST>
    <TransDate>2016-05-10</TransDate>
  </CustTrans>
  <CustTrans>
    <AmountCur>-67.83</AmountCur>
    <AmountMST>-67.83</AmountMST>
    <BalanceCur>-67.83</BalanceCur>
    <BalanceMST>-67.83</BalanceMST>
    <Code>FAC</Code>
    <Comment>FreeText</Comment>
    <DueDate>2016-06-08</DueDate>
    <Invoice>BEVF2016-000032</Invoice>
    <OrderAccount>02005615</OrderAccount>
    <RecId>5637172332</RecId>
    <SettleAmountCur>0.00</SettleAmountCur>
    <SettleAmountMST>0.00</SettleAmountMST>
    <TransDate>2016-05-10</TransDate>
  </CustTrans>
  <CustTrans>
    <AmountCur>-67.83</AmountCur>
    <AmountMST>-67.83</AmountMST>
    <BalanceCur>-67.83</BalanceCur>
    <BalanceMST>-67.83</BalanceMST>
    <Code>FAC</Code>
    <Comment>FreeText</Comment>
    <DueDate>2016-06-08</DueDate>
    <Invoice>BEVF2016-000033</Invoice>
    <OrderAccount>02005615</OrderAccount>
    <RecId>5637172333</RecId>
    <SettleAmountCur>0.00</SettleAmountCur>
    <SettleAmountMST>0.00</SettleAmountMST>
    <TransDate>2016-05-10</TransDate>
  </CustTrans>
  <CustTrans>
    <AmountCur>0.00</AmountCur>
    <AmountMST>0.00</AmountMST>
    <BalanceCur>0.00</BalanceCur>
    <BalanceMST>0.00</BalanceMST>
    <Code>FAC</Code>
    <Comment>FreeText</Comment>
    <Closed>2016-05-19</Closed>
    <DueDate>2016-06-08</DueDate>
    <Invoice>BEVF2016-000040</Invoice>
    <OrderAccount>02005615</OrderAccount>
    <RecId>5637173826</RecId>
    <SettleAmountCur>0.00</SettleAmountCur>
    <SettleAmountMST>0.00</SettleAmountMST>
    <TransDate>2016-05-19</TransDate>
  </CustTrans>
  <CustTrans>
    <AmountCur>1250.00</AmountCur>
    <AmountMST>1250.00</AmountMST>
    <BalanceCur>1250.00</BalanceCur>
    <BalanceMST>1250.00</BalanceMST>
    <Code>FAC</Code>
    <Comment>FreeText</Comment>
    <DueDate>2016-05-20</DueDate>
    <Invoice>BEVF2016-000022</Invoice>
    <OrderAccount>502751</OrderAccount>
    <RecId>5637170852</RecId>
    <SettleAmountCur>0.00</SettleAmountCur>
    <SettleAmountMST>0.00</SettleAmountMST>
    <TransDate>2016-04-20</TransDate>
  </CustTrans>
  <CustTrans>
    <AmountCur>937.50</AmountCur>
    <AmountMST>937.50</AmountMST>
    <BalanceCur>937.50</BalanceCur>
    <BalanceMST>937.50</BalanceMST>
    <Code>FAC</Code>
    <Comment>FreeText</Comment>
    <DueDate>2016-05-20</DueDate>
    <Invoice>BEVF2016-000023</Invoice>
    <OrderAccount>502751</OrderAccount>
    <RecId>5637170853</RecId>
    <SettleAmountCur>0.00</SettleAmountCur>
    <SettleAmountMST>0.00</SettleAmountMST>
    <TransDate>2016-04-20</TransDate>
  </CustTrans>
  <CustTrans>
    <AmountCur>1500.00</AmountCur>
    <AmountMST>1500.00</AmountMST>
    <BalanceCur>1500.00</BalanceCur>
    <BalanceMST>1500.00</BalanceMST>
    <Code>FAC</Code>
    <Comment>FreeText</Comment>
    <DueDate>2016-05-20</DueDate>
    <Invoice>BEVF2016-000024</Invoice>
    <OrderAccount>502751</OrderAccount>
    <RecId>5637170854</RecId>
    <SettleAmountCur>0.00</SettleAmountCur>
    <SettleAmountMST>0.00</SettleAmountMST>
    <TransDate>2016-04-20</TransDate>
  </CustTrans>
  <CustTrans>
    <AmountCur>63.60</AmountCur>
    <AmountMST>63.60</AmountMST>
    <BalanceCur>63.60</BalanceCur>
    <BalanceMST>63.60</BalanceMST>
    <Code>FAC</Code>
    <Comment>FreeText</Comment>
    <DueDate>2016-06-06</DueDate>
    <Invoice>BEVF2016-000054</Invoice>
    <OrderAccount>676216</OrderAccount>
    <RecId>5637177579</RecId>
    <SettleAmountCur>0.00</SettleAmountCur>
    <SettleAmountMST>0.00</SettleAmountMST>
    <TransDate>2016-06-06</TransDate>
  </CustTrans>
  <CustTrans>
    <AmountCur>42.40</AmountCur>
    <AmountMST>42.40</AmountMST>
    <BalanceCur>42.40</BalanceCur>
    <BalanceMST>42.40</BalanceMST>
    <Code>FAC</Code>
    <Comment>FreeText</Comment>
    <DueDate>2016-06-06</DueDate>
    <Invoice>BEVF2016-000055</Invoice>
    <OrderAccount>676216</OrderAccount>
    <RecId>5637177580</RecId>
    <SettleAmountCur>0.00</SettleAmountCur>
    <SettleAmountMST>0.00</SettleAmountMST>
    <TransDate>2016-06-06</TransDate>
  </CustTrans>
  <CustTrans>
    <AmountCur>15125.00</AmountCur>
    <AmountMST>15125.00</AmountMST>
    <BalanceCur>15025.00</BalanceCur>
    <BalanceMST>15025.00</BalanceMST>
    <Code>FAC</Code>
    <Comment>FreeText</Comment>
    <DueDate>2016-06-02</DueDate>
    <Invoice>BEVF2016-000021</Invoice>
    <OrderAccount>696969</OrderAccount>
    <RecId>5637170841</RecId>
    <SettleAmountCur>100.00</SettleAmountCur>
    <SettleAmountMST>100.00</SettleAmountMST>
    <TransDate>2016-05-03</TransDate>
  </CustTrans>
  <CustTrans>
    <AmountCur>1058.80</AmountCur>
    <AmountMST>1058.80</AmountMST>
    <BalanceCur>0.00</BalanceCur>
    <BalanceMST>0.00</BalanceMST>
    <Code>FAC</Code>
    <Comment>FreeText</Comment>
    <Closed>2016-06-06</Closed>
    <DueDate>2016-07-02</DueDate>
    <Invoice>BEVF2016-000045</Invoice>
    <OrderAccount>707070</OrderAccount>
    <RecId>5637176827</RecId>
    <SettleAmountCur>1058.80</SettleAmountCur>
    <SettleAmountMST>1058.80</SettleAmountMST>
    <TransDate>2016-06-02</TransDate>
  </CustTrans>
  <CustTrans>
    <AmountCur>-105.88</AmountCur>
    <AmountMST>-105.88</AmountMST>
    <BalanceCur>0.00</BalanceCur>
    <BalanceMST>0.00</BalanceMST>
    <Code>FAC</Code>
    <Comment>FreeText</Comment>
    <Closed>2016-06-02</Closed>
    <DueDate>2016-07-02</DueDate>
    <Invoice>BEVF2016-000046</Invoice>
    <OrderAccount>707070</OrderAccount>
    <RecId>5637176828</RecId>
    <SettleAmountCur>-105.88</SettleAmountCur>
    <SettleAmountMST>-105.88</SettleAmountMST>
    <TransDate>2016-06-02</TransDate>
  </CustTrans>
</Invoices>