﻿<?xml version="1.0" encoding="utf-8"?>
<PriceDiscGroups>
  <PriceDiscGroup>
    <GroupId>Bakker1</GroupId>
    <Name>Bakker1</Name>
    <RecId>5637144589</RecId>
    <Type>PriceGroup</Type>
  </PriceDiscGroup>
  <PriceDiscGroup>
    <GroupId>Bakker2</GroupId>
    <Name>Bakker2</Name>
    <RecId>5637144590</RecId>
    <Type>PriceGroup</Type>
  </PriceDiscGroup>
  <PriceDiscGroup>
    <GroupId>Grossier1</GroupId>
    <Name>Grossier1</Name>
    <RecId>5637144587</RecId>
    <Type>PriceGroup</Type>
  </PriceDiscGroup>
  <PriceDiscGroup>
    <GroupId>Grossier2</GroupId>
    <Name>Grossier2</Name>
    <RecId>5637144588</RecId>
    <Type>PriceGroup</Type>
  </PriceDiscGroup>
  <PriceDiscGroup>
    <GroupId>Industrie1</GroupId>
    <Name>Industrie1</Name>
    <RecId>5637144584</RecId>
    <Type>PriceGroup</Type>
  </PriceDiscGroup>
  <PriceDiscGroup>
    <GroupId>Industrie2</GroupId>
    <Name>Industrie2</Name>
    <RecId>5637144585</RecId>
    <Type>PriceGroup</Type>
  </PriceDiscGroup>
  <PriceDiscGroup>
    <GroupId>Transfer</GroupId>
    <Name>Transfer price</Name>
    <RecId>5637146077</RecId>
    <Type>PriceGroup</Type>
  </PriceDiscGroup>
  <PriceDiscGroup>
    <GroupId>Leverancie</GroupId>
    <Name>Korting Leverancier</Name>
    <RecId>5637144593</RecId>
    <Type>LineDiscGroup</Type>
  </PriceDiscGroup>
  <PriceDiscGroup>
    <GroupId>Ranson</GroupId>
    <Name>Korting Ranson</Name>
    <RecId>5637144592</RecId>
    <Type>LineDiscGroup</Type>
  </PriceDiscGroup>
  <PriceDiscGroup>
    <GroupId>TOESL2%</GroupId>
    <Name>Toeslag 2% - Franse groeperingen</Name>
    <RecId>5637146826</RecId>
    <Type>LineDiscGroup</Type>
  </PriceDiscGroup>
</PriceDiscGroups>