﻿<?xml version="1.0" encoding="utf-8"?>
<Products>
  <InventTable>
    <ExternalItemId>test</ExternalItemId>
    <ItemId>00001580</ItemId>
    <LineDisc>
    </LineDisc>
    <Product>5637173826</Product>
    <RecId>5637173827</RecId>
    <UnitId>Blik</UnitId>
    <UnitOfPrice>Blik</UnitOfPrice>
    <EcoResProductCategory>
      <Category>5637145326</Category>
      <CategoryHierarchy>5637144577</CategoryHierarchy>
    </EcoResProductCategory>
    <ecoResProductTranslation>
      <Description>
      </Description>
      <LanguageId>de</LanguageId>
      <Name>C/6X3K PFIRS.HAELFTEN GEZ.ALCURNIA</Name>
    </ecoResProductTranslation>
    <ecoResProductTranslation>
      <Description>
      </Description>
      <LanguageId>en-gb</LanguageId>
      <Name>C/6X3K PEACH HALVES/SYRUP ALCURNIA</Name>
    </ecoResProductTranslation>
    <ecoResProductTranslation>
      <Description>
      </Description>
      <LanguageId>fr-be</LanguageId>
      <Name>C/6X3K PECHES DEMIES/SIR. ALCURNIA</Name>
    </ecoResProductTranslation>
    <ecoResProductTranslation>
      <Description>
      </Description>
      <LanguageId>nl-be</LanguageId>
      <Name>C/6X3K PERZIK HALVE/SIR. ALCURNIA</Name>
    </ecoResProductTranslation>
    <Promo>
      <DocuCopyFromDate>2016-09-01</DocuCopyFromDate>
      <DocuCopyToDate>2016-09-30</DocuCopyToDate>
      <Notes>test promo
2 +1 gratis</Notes>
    </Promo>
  </InventTable>
  <InventTable>
    <ExternalItemId>
    </ExternalItemId>
    <ItemId>00002207</ItemId>
    <LineDisc>
    </LineDisc>
    <Palletization>750.00</Palletization>
    <Product>5637171577</Product>
    <RecId>5637171577</RecId>
    <UnitId>Doos</UnitId>
    <UnitOfPrice>kg</UnitOfPrice>
    <UnitToUnitOfPriceConversion>12.50</UnitToUnitOfPriceConversion>
    <EcoResProductCategory>
      <Category>5637145438</Category>
      <CategoryHierarchy>5637144577</CategoryHierarchy>
    </EcoResProductCategory>
    <ecoResProductRelationTable>
      <AltProductWhenToUse>Always</AltProductWhenToUse>
      <InventLocationId>100</InventLocationId>
      <ItemId>00002207</ItemId>
      <Name>C/12,5K ROZIJNEN STD 11 GR.A GOLD</Name>
      <Product2>5637171577</Product2>
    </ecoResProductRelationTable>
    <ecoResProductRelationTable>
      <AltProductWhenToUse>Always</AltProductWhenToUse>
      <InventLocationId>002</InventLocationId>
      <ItemId>00002361</ItemId>
      <Name>X12,5K TRAYS GEWELDE ROZIJNEN</Name>
      <Product2>5637169326</Product2>
    </ecoResProductRelationTable>
    <ecoResProductRelationTable>
      <AltProductWhenToUse>Always</AltProductWhenToUse>
      <InventLocationId>001</InventLocationId>
      <ItemId>00006004</ItemId>
      <Name>XKG SUIKER BULK MIDDELKORREL K2</Name>
      <Product2>5637168579</Product2>
    </ecoResProductRelationTable>
    <ecoResProductRelationTable>
      <AltProductWhenToUse>CTP</AltProductWhenToUse>
      <InventLocationId>
      </InventLocationId>
      <ItemId>00008040</ItemId>
      <Name>X5K AMANDELPOEDER WIT RANSON</Name>
      <Product2>5637158076</Product2>
    </ecoResProductRelationTable>
    <ecoResProductTranslation>
      <Description>
      </Description>
      <LanguageId>nl-be</LanguageId>
      <Name>C/12,5K ROZIJNEN STD 11 GR.A GOLD</Name>
    </ecoResProductTranslation>
    <Promo>
      <Notes>2+1 promotion</Notes>
    </Promo>
  </InventTable>
  <InventTable>
    <ExternalItemId>
    </ExternalItemId>
    <ItemId>00002245</ItemId>
    <LineDisc>5%</LineDisc>
    <Palletization>800.00</Palletization>
    <Product>5637144576</Product>
    <RecId>5637144576</RecId>
    <UnitId>C/12,5KG</UnitId>
    <UnitOfPrice>kg</UnitOfPrice>
    <UnitToUnitOfPriceConversion>12.50</UnitToUnitOfPriceConversion>
    <EcoResProductCategory>
      <Category>5637145439</Category>
      <CategoryHierarchy>5637144577</CategoryHierarchy>
    </EcoResProductCategory>
    <ecoResProductRelationTable>
      <AltProductWhenToUse>Always</AltProductWhenToUse>
      <InventLocationId>
      </InventLocationId>
      <ItemId>00002361</ItemId>
      <Name>X12,5K TRAYS GEWELDE ROZIJNEN</Name>
      <Product2>5637169326</Product2>
    </ecoResProductRelationTable>
    <ecoResProductRelationTable>
      <AltProductWhenToUse>Empty</AltProductWhenToUse>
      <InventLocationId>
      </InventLocationId>
      <ItemId>00017190</ItemId>
      <Name>C/10KG RABARBER ROOD IQF FRUCT-SU</Name>
      <Product2>5637146092</Product2>
    </ecoResProductRelationTable>
    <ecoResProductRelationTable>
      <AltProductWhenToUse>Never</AltProductWhenToUse>
      <InventLocationId>001</InventLocationId>
      <ItemId>SCI001</ItemId>
      <Name>C/12,5KG ROZIJNEN STD 9 GR.A</Name>
      <Product2>5637179826</Product2>
    </ecoResProductRelationTable>
    <ecoResProductRelationTable>
      <AltProductWhenToUse>Empty</AltProductWhenToUse>
      <InventLocationId>
      </InventLocationId>
      <ItemId>00004396</ItemId>
      <Name>X1000L ZONNEBLOEM OLIE</Name>
      <Product2>5637169333</Product2>
    </ecoResProductRelationTable>
    <ecoResProductRelationTable>
      <AltProductWhenToUse>Never</AltProductWhenToUse>
      <InventLocationId>
      </InventLocationId>
      <ItemId>00003002</ItemId>
      <Name>C/120ST CHOCO CUPS KOFFIE</Name>
      <Product2>5637153576</Product2>
    </ecoResProductRelationTable>
    <ecoResProductRelationTable>
      <AltProductWhenToUse>Never</AltProductWhenToUse>
      <InventLocationId>RS1</InventLocationId>
      <ItemId>00004396</ItemId>
      <Name>X1000L ZONNEBLOEM OLIE</Name>
      <Product2>5637169333</Product2>
    </ecoResProductRelationTable>
    <ecoResProductTranslation>
      <Description>
      </Description>
      <LanguageId>de</LanguageId>
      <Name>12,5K SULTAN STD 9 GR.A</Name>
    </ecoResProductTranslation>
    <ecoResProductTranslation>
      <Description>
      </Description>
      <LanguageId>en-gb</LanguageId>
      <Name>12,5K SULTANAS STD 9 GR.A</Name>
    </ecoResProductTranslation>
    <ecoResProductTranslation>
      <Description>
      </Description>
      <LanguageId>fr-be</LanguageId>
      <Name>12,5K RAISINS STD 9 GR.A</Name>
    </ecoResProductTranslation>
    <ecoResProductTranslation>
      <Description>
      </Description>
      <LanguageId>nl-be</LanguageId>
      <Name>C/12,5KG ROZIJNEN STD 9 GR.A</Name>
    </ecoResProductTranslation>
  </InventTable>
  <InventTable>
    <ExternalItemId>
    </ExternalItemId>
    <ItemId>00002361</ItemId>
    <LineDisc>
    </LineDisc>
    <Palletization>1.00</Palletization>
    <Product>5637169326</Product>
    <RecId>5637169326</RecId>
    <UnitId>bak</UnitId>
    <UnitOfPrice>
    </UnitOfPrice>
    <UnitToUnitOfPriceConversion>1.00</UnitToUnitOfPriceConversion>
    <ecoResProductTranslation>
      <Description>
      </Description>
      <LanguageId>nl-be</LanguageId>
      <Name>X12,5K TRAYS GEWELDE ROZIJNEN</Name>
    </ecoResProductTranslation>
  </InventTable>
  <InventTable>
    <ExternalItemId>
    </ExternalItemId>
    <ItemId>00003002</ItemId>
    <LineDisc>
    </LineDisc>
    <Palletization>1.00</Palletization>
    <Product>5637153576</Product>
    <RecId>5637153576</RecId>
    <UnitId>C/120ST</UnitId>
    <UnitOfPrice>
    </UnitOfPrice>
    <UnitToUnitOfPriceConversion>1.00</UnitToUnitOfPriceConversion>
    <ecoResProductTranslation>
      <Description>
      </Description>
      <LanguageId>nl-be</LanguageId>
      <Name>C/120ST CHOCO CUPS KOFFIE</Name>
    </ecoResProductTranslation>
    <Promo>
      <Notes>
      </Notes>
    </Promo>
  </InventTable>
  <InventTable>
    <ExternalItemId>
    </ExternalItemId>
    <ItemId>00003208</ItemId>
    <LineDisc>
    </LineDisc>
    <Palletization>1.00</Palletization>
    <Product>5637163326</Product>
    <RecId>5637163326</RecId>
    <UnitId>STK</UnitId>
    <UnitOfPrice>
    </UnitOfPrice>
    <UnitToUnitOfPriceConversion>1.00</UnitToUnitOfPriceConversion>
    <EcoResProductCategory>
      <Category>5637145357</Category>
      <CategoryHierarchy>5637144577</CategoryHierarchy>
    </EcoResProductCategory>
    <ecoResProductTranslation>
      <Description>
      </Description>
      <LanguageId>nl-be</LanguageId>
      <Name>C/90ST.PETIT JEZUS NR.2+LUIER WIT</Name>
    </ecoResProductTranslation>
  </InventTable>
  <InventTable>
    <ExternalItemId>
    </ExternalItemId>
    <ItemId>00004396</ItemId>
    <LineDisc>
    </LineDisc>
    <Palletization>1.00</Palletization>
    <Product>5637169333</Product>
    <RecId>5637169333</RecId>
    <UnitId>pl</UnitId>
    <UnitOfPrice>
    </UnitOfPrice>
    <UnitToUnitOfPriceConversion>1.00</UnitToUnitOfPriceConversion>
    <ecoResProductTranslation>
      <Description>
      </Description>
      <LanguageId>nl-be</LanguageId>
      <Name>X1000L ZONNEBLOEM OLIE</Name>
    </ecoResProductTranslation>
  </InventTable>
  <InventTable>
    <ExternalItemId>
    </ExternalItemId>
    <ItemId>00004510</ItemId>
    <LineDisc>
    </LineDisc>
    <Product>5637147576</Product>
    <RecId>5637147576</RecId>
    <UnitId>X10L</UnitId>
    <UnitOfPrice>l</UnitOfPrice>
    <UnitToUnitOfPriceConversion>10.00</UnitToUnitOfPriceConversion>
    <EcoResProductCategory>
      <Category>5637145351</Category>
      <CategoryHierarchy>5637144577</CategoryHierarchy>
    </EcoResProductCategory>
    <ecoResProductTranslation>
      <Description>
      </Description>
      <LanguageId>nl-be</LanguageId>
      <Name>X10L ROOM BASICS DEBIC 37% ONGESUIKERD</Name>
    </ecoResProductTranslation>
  </InventTable>
  <InventTable>
    <ExternalItemId>
    </ExternalItemId>
    <ItemId>00005279</ItemId>
    <LineDisc>
    </LineDisc>
    <Product>5637183577</Product>
    <RecId>5637182827</RecId>
    <UnitId>Emmer</UnitId>
    <UnitOfPrice>kg</UnitOfPrice>
    <UnitToUnitOfPriceConversion>5.00</UnitToUnitOfPriceConversion>
    <ecoResProductTranslation>
      <Description>
      </Description>
      <LanguageId>nl-be</LanguageId>
      <Name>5 KG CALL CARAMEL FILL</Name>
    </ecoResProductTranslation>
  </InventTable>
  <InventTable>
    <ExternalItemId>
    </ExternalItemId>
    <ItemId>00006004</ItemId>
    <LineDisc>
    </LineDisc>
    <Palletization>1.00</Palletization>
    <Product>5637168579</Product>
    <RecId>5637168582</RecId>
    <UnitId>kg</UnitId>
    <UnitOfPrice>
    </UnitOfPrice>
    <UnitToUnitOfPriceConversion>1.00</UnitToUnitOfPriceConversion>
    <EcoResProductCategory>
      <Category>5637145458</Category>
      <CategoryHierarchy>5637144577</CategoryHierarchy>
    </EcoResProductCategory>
    <ecoResProductTranslation>
      <Description>
      </Description>
      <LanguageId>nl-be</LanguageId>
      <Name>XKG SUIKER BULK MIDDELKORREL K2</Name>
    </ecoResProductTranslation>
  </InventTable>
  <InventTable>
    <ExternalItemId>
    </ExternalItemId>
    <ItemId>00008040</ItemId>
    <LineDisc>
    </LineDisc>
    <Product>5637158076</Product>
    <RecId>5637158076</RecId>
    <UnitId>C/10KG</UnitId>
    <UnitOfPrice>kg</UnitOfPrice>
    <EcoResProductCategory>
      <Category>5637145337</Category>
      <CategoryHierarchy>5637144577</CategoryHierarchy>
    </EcoResProductCategory>
    <ecoResProductTranslation>
      <Description>
      </Description>
      <LanguageId>nl-be</LanguageId>
      <Name>X5K AMANDELPOEDER WIT RANSON</Name>
    </ecoResProductTranslation>
  </InventTable>
  <InventTable>
    <ExternalItemId>
    </ExternalItemId>
    <ItemId>00008057</ItemId>
    <LineDisc>
    </LineDisc>
    <Palletization>1.00</Palletization>
    <Product>5637168583</Product>
    <RecId>5637168584</RecId>
    <UnitId>kg</UnitId>
    <UnitOfPrice>
    </UnitOfPrice>
    <UnitToUnitOfPriceConversion>1.00</UnitToUnitOfPriceConversion>
    <EcoResProductCategory>
      <Category>5637145337</Category>
      <CategoryHierarchy>5637144577</CategoryHierarchy>
    </EcoResProductCategory>
    <ecoResProductTranslation>
      <Description>
      </Description>
      <LanguageId>nl-be</LanguageId>
      <Name>X20KG AMANDELPOEDER BITTER RANSON</Name>
    </ecoResProductTranslation>
  </InventTable>
  <InventTable>
    <ExternalItemId>
    </ExternalItemId>
    <ItemId>00008502</ItemId>
    <LineDisc>
    </LineDisc>
    <Palletization>1.00</Palletization>
    <Product>5637168580</Product>
    <RecId>5637168585</RecId>
    <UnitId>kg</UnitId>
    <UnitOfPrice>
    </UnitOfPrice>
    <UnitToUnitOfPriceConversion>1.00</UnitToUnitOfPriceConversion>
    <EcoResProductCategory>
      <Category>5637145458</Category>
      <CategoryHierarchy>5637144577</CategoryHierarchy>
    </EcoResProductCategory>
    <ecoResProductTranslation>
      <Description>
      </Description>
      <LanguageId>nl-be</LanguageId>
      <Name>XK GLUCOSE SYRUP CONFECTIONERY</Name>
    </ecoResProductTranslation>
  </InventTable>
  <InventTable>
    <ExternalItemId>
    </ExternalItemId>
    <ItemId>00008505</ItemId>
    <LineDisc>
    </LineDisc>
    <Palletization>1.00</Palletization>
    <Product>5637168582</Product>
    <RecId>5637168583</RecId>
    <UnitId>kg</UnitId>
    <UnitOfPrice>
    </UnitOfPrice>
    <UnitToUnitOfPriceConversion>1.00</UnitToUnitOfPriceConversion>
    <EcoResProductCategory>
      <Category>5637145458</Category>
      <CategoryHierarchy>5637144577</CategoryHierarchy>
    </EcoResProductCategory>
    <ecoResProductTranslation>
      <Description>
      </Description>
      <LanguageId>nl-be</LanguageId>
      <Name>X1000KG GLYCEROL</Name>
    </ecoResProductTranslation>
  </InventTable>
  <InventTable>
    <ExternalItemId>
    </ExternalItemId>
    <ItemId>00008512</ItemId>
    <LineDisc>
    </LineDisc>
    <Palletization>1.00</Palletization>
    <Product>5637168581</Product>
    <RecId>5637168586</RecId>
    <UnitId>kg</UnitId>
    <UnitOfPrice>
    </UnitOfPrice>
    <UnitToUnitOfPriceConversion>1.00</UnitToUnitOfPriceConversion>
    <EcoResProductCategory>
      <Category>5637145458</Category>
      <CategoryHierarchy>5637144577</CategoryHierarchy>
    </EcoResProductCategory>
    <ecoResProductTranslation>
      <Description>
      </Description>
      <LanguageId>nl-be</LanguageId>
      <Name>X25KG SORBIDEX REF. 16613</Name>
    </ecoResProductTranslation>
  </InventTable>
  <InventTable>
    <ExternalItemId>
    </ExternalItemId>
    <ItemId>00009023</ItemId>
    <LineDisc>
    </LineDisc>
    <Palletization>1.00</Palletization>
    <Product>5637158078</Product>
    <RecId>5637158077</RecId>
    <UnitId>kg</UnitId>
    <UnitOfPrice>
    </UnitOfPrice>
    <UnitToUnitOfPriceConversion>1.00</UnitToUnitOfPriceConversion>
    <EcoResProductCategory>
      <Category>5637145334</Category>
      <CategoryHierarchy>5637144577</CategoryHierarchy>
    </EcoResProductCategory>
    <ecoResProductTranslation>
      <Description>
      </Description>
      <LanguageId>nl-be</LanguageId>
      <Name>1K AMANDELEN WIT HALF</Name>
    </ecoResProductTranslation>
  </InventTable>
  <InventTable>
    <ExternalItemId>
    </ExternalItemId>
    <ItemId>00009060</ItemId>
    <LineDisc>
    </LineDisc>
    <Palletization>1.00</Palletization>
    <Product>5637168577</Product>
    <RecId>5637168580</RecId>
    <UnitId>kg</UnitId>
    <UnitOfPrice>
    </UnitOfPrice>
    <UnitToUnitOfPriceConversion>1.00</UnitToUnitOfPriceConversion>
    <EcoResProductCategory>
      <Category>5637145337</Category>
      <CategoryHierarchy>5637144577</CategoryHierarchy>
    </EcoResProductCategory>
    <EcoResProductCategory>
      <Category>5637147586</Category>
      <CategoryHierarchy>5637146076</CategoryHierarchy>
    </EcoResProductCategory>
    <ecoResProductTranslation>
      <Description>
      </Description>
      <LanguageId>nl-be</LanguageId>
      <Name>X KG AMANDELEN STUK WIT SELVALS</Name>
    </ecoResProductTranslation>
  </InventTable>
  <InventTable>
    <ExternalItemId>
    </ExternalItemId>
    <ItemId>00009325</ItemId>
    <LineDisc>
    </LineDisc>
    <Product>5637149826</Product>
    <RecId>5637149826</RecId>
    <UnitId>X25K</UnitId>
    <UnitOfPrice>kg</UnitOfPrice>
    <UnitToUnitOfPriceConversion>25.00</UnitToUnitOfPriceConversion>
    <EcoResProductCategory>
      <Category>5637145337</Category>
      <CategoryHierarchy>5637144577</CategoryHierarchy>
    </EcoResProductCategory>
    <ecoResProductTranslation>
      <Description>
      </Description>
      <LanguageId>nl-be</LanguageId>
      <Name>X25K HAZELNOOTKROKANT DELITE FIJN</Name>
    </ecoResProductTranslation>
  </InventTable>
  <InventTable>
    <ExternalItemId>
    </ExternalItemId>
    <ItemId>00010148</ItemId>
    <LineDisc>
    </LineDisc>
    <Palletization>1.00</Palletization>
    <Product>5637160326</Product>
    <RecId>5637160326</RecId>
    <UnitId>stk</UnitId>
    <UnitOfPrice>
    </UnitOfPrice>
    <UnitToUnitOfPriceConversion>1.00</UnitToUnitOfPriceConversion>
    <EcoResProductCategory>
      <Category>5637144579</Category>
      <CategoryHierarchy>5637144577</CategoryHierarchy>
    </EcoResProductCategory>
    <ecoResProductTranslation>
      <Description>
      </Description>
      <LanguageId>nl-be</LanguageId>
      <Name>0,04L MINI FILLIERS 40'</Name>
    </ecoResProductTranslation>
  </InventTable>
  <InventTable>
    <ExternalItemId>
    </ExternalItemId>
    <ItemId>00014075</ItemId>
    <LineDisc>
    </LineDisc>
    <Product>5637148327</Product>
    <RecId>5637148327</RecId>
    <UnitId>C/6X25CL</UnitId>
    <UnitOfPrice>C/6X25CL</UnitOfPrice>
    <EcoResProductCategory>
      <Category>5637145357</Category>
      <CategoryHierarchy>5637144577</CategoryHierarchy>
    </EcoResProductCategory>
    <ecoResProductTranslation>
      <Description>
      </Description>
      <LanguageId>nl-be</LanguageId>
      <Name>C/6x25CL VERSFRUITSAP</Name>
    </ecoResProductTranslation>
  </InventTable>
  <InventTable>
    <ExternalItemId>
    </ExternalItemId>
    <ItemId>00014800</ItemId>
    <LineDisc>
    </LineDisc>
    <Palletization>1.00</Palletization>
    <Product>5637154326</Product>
    <RecId>5637154326</RecId>
    <UnitId>Doos</UnitId>
    <UnitOfPrice>
    </UnitOfPrice>
    <UnitToUnitOfPriceConversion>1.00</UnitToUnitOfPriceConversion>
    <ecoResProductTranslation>
      <Description>
      </Description>
      <LanguageId>nl-be</LanguageId>
      <Name>Broodzak L800 Blauw Geyskens</Name>
    </ecoResProductTranslation>
  </InventTable>
  <InventTable>
    <ExternalItemId>
    </ExternalItemId>
    <ItemId>00015410</ItemId>
    <LineDisc>
    </LineDisc>
    <Palletization>1.00</Palletization>
    <Product>5637184327</Product>
    <RecId>5637183577</RecId>
    <UnitId>Doos</UnitId>
    <UnitOfPrice>
    </UnitOfPrice>
    <UnitToUnitOfPriceConversion>1.00</UnitToUnitOfPriceConversion>
    <EcoResProductCategory>
      <Category>5637145415</Category>
      <CategoryHierarchy>5637144577</CategoryHierarchy>
    </EcoResProductCategory>
    <ecoResProductTranslation>
      <Description>
      </Description>
      <LanguageId>nl-be</LanguageId>
      <Name>X100 DOZEN WIT 30/5</Name>
    </ecoResProductTranslation>
  </InventTable>
  <InventTable>
    <ExternalItemId>
    </ExternalItemId>
    <ItemId>00017135</ItemId>
    <LineDisc>
    </LineDisc>
    <Product>5637164076</Product>
    <RecId>5637164076</RecId>
    <UnitId>Doos</UnitId>
    <UnitOfPrice>kg</UnitOfPrice>
    <UnitToUnitOfPriceConversion>4.00</UnitToUnitOfPriceConversion>
    <EcoResProductCategory>
      <Category>5637145355</Category>
      <CategoryHierarchy>5637144577</CategoryHierarchy>
    </EcoResProductCategory>
    <ecoResProductTranslation>
      <Description>
      </Description>
      <LanguageId>de</LanguageId>
      <Name>C/8X500GR. HIMBEEREN MECKER ATLAS</Name>
    </ecoResProductTranslation>
    <ecoResProductTranslation>
      <Description>
      </Description>
      <LanguageId>en-gb</LanguageId>
      <Name>C/8X500GR RASPBERRIES MECKER ATLAS</Name>
    </ecoResProductTranslation>
    <ecoResProductTranslation>
      <Description>
      </Description>
      <LanguageId>fr-be</LanguageId>
      <Name>C/8X500GR. FRAMBOISES MECKER ATLAS</Name>
    </ecoResProductTranslation>
    <ecoResProductTranslation>
      <Description>
      </Description>
      <LanguageId>nl-be</LanguageId>
      <Name>C/8X500GR. FRAMBOZEN MECKER ATLAS</Name>
    </ecoResProductTranslation>
  </InventTable>
  <InventTable>
    <ExternalItemId>
    </ExternalItemId>
    <ItemId>00017190</ItemId>
    <LineDisc>BLIKFRUIT</LineDisc>
    <Palletization>1.00</Palletization>
    <Product>5637146092</Product>
    <RecId>5637146091</RecId>
    <UnitId>C/10KG</UnitId>
    <UnitOfPrice>
    </UnitOfPrice>
    <UnitToUnitOfPriceConversion>1.00</UnitToUnitOfPriceConversion>
    <EcoResProductCategory>
      <Category>5637145442</Category>
      <CategoryHierarchy>5637144577</CategoryHierarchy>
    </EcoResProductCategory>
    <ecoResProductTranslation>
      <Description>
      </Description>
      <LanguageId>nl-be</LanguageId>
      <Name>C/10KG RABARBER ROOD IQF FRUCT-SU</Name>
    </ecoResProductTranslation>
  </InventTable>
  <InventTable>
    <ExternalItemId>
    </ExternalItemId>
    <ItemId>00017595</ItemId>
    <LineDisc>
    </LineDisc>
    <Palletization>32.00</Palletization>
    <Product>5637161076</Product>
    <RecId>5637161076</RecId>
    <UnitId>c/50</UnitId>
    <UnitOfPrice>C/50</UnitOfPrice>
    <ecoResProductTranslation>
      <Description>
      </Description>
      <LanguageId>nl-be</LanguageId>
      <Name>VGB STOKBR.WIT 27CM-125G</Name>
    </ecoResProductTranslation>
  </InventTable>
  <InventTable>
    <ExternalItemId>
    </ExternalItemId>
    <ItemId>00018205</ItemId>
    <LineDisc>
    </LineDisc>
    <Palletization>1.00</Palletization>
    <Product>5637172326</Product>
    <RecId>5637172326</RecId>
    <UnitId>Blik</UnitId>
    <UnitOfPrice>
    </UnitOfPrice>
    <UnitToUnitOfPriceConversion>1.00</UnitToUnitOfPriceConversion>
    <EcoResProductCategory>
      <Category>5637145356</Category>
      <CategoryHierarchy>5637144577</CategoryHierarchy>
    </EcoResProductCategory>
    <ecoResProductTranslation>
      <Description>
      </Description>
      <LanguageId>nl-be</LanguageId>
      <Name>X1K SPECULAASKRUIDEN POLAK</Name>
    </ecoResProductTranslation>
  </InventTable>
  <InventTable>
    <ExternalItemId>
    </ExternalItemId>
    <ItemId>00020500</ItemId>
    <LineDisc>
    </LineDisc>
    <Palletization>1.00</Palletization>
    <Product>5637169331</Product>
    <RecId>5637169331</RecId>
    <UnitId>stk</UnitId>
    <UnitOfPrice>
    </UnitOfPrice>
    <UnitToUnitOfPriceConversion>1.00</UnitToUnitOfPriceConversion>
    <ecoResProductTranslation>
      <Description>
      </Description>
      <LanguageId>nl-be</LanguageId>
      <Name>EURO-PALETTEN</Name>
    </ecoResProductTranslation>
  </InventTable>
  <InventTable>
    <ExternalItemId>
    </ExternalItemId>
    <ItemId>00020519</ItemId>
    <LineDisc>
    </LineDisc>
    <Palletization>1.00</Palletization>
    <Product>5637169330</Product>
    <RecId>5637169330</RecId>
    <UnitId>stk</UnitId>
    <UnitOfPrice>
    </UnitOfPrice>
    <UnitToUnitOfPriceConversion>1.00</UnitToUnitOfPriceConversion>
    <ecoResProductTranslation>
      <Description>
      </Description>
      <LanguageId>nl-be</LanguageId>
      <Name>PLASTIC BAKJE - TRAY             *</Name>
    </ecoResProductTranslation>
  </InventTable>
  <InventTable>
    <ExternalItemId>
    </ExternalItemId>
    <ItemId>00020663</ItemId>
    <LineDisc>
    </LineDisc>
    <Palletization>1.00</Palletization>
    <Product>5637169332</Product>
    <RecId>5637169332</RecId>
    <UnitId>stk</UnitId>
    <UnitOfPrice>
    </UnitOfPrice>
    <UnitToUnitOfPriceConversion>1.00</UnitToUnitOfPriceConversion>
    <ecoResProductTranslation>
      <Description>
      </Description>
      <LanguageId>nl-be</LanguageId>
      <Name>WAARBORG CONTAINER ZONNEBLOEM1000*</Name>
    </ecoResProductTranslation>
  </InventTable>
  <InventTable>
    <ExternalItemId>
    </ExternalItemId>
    <ItemId>00021104</ItemId>
    <LineDisc>
    </LineDisc>
    <Product>5637163327</Product>
    <RecId>5637163327</RecId>
    <UnitId>c/4x1,5kg</UnitId>
    <UnitOfPrice>c/4x1,5kg</UnitOfPrice>
    <ecoResProductTranslation>
      <Description>C/4X1,50KG 1/2 APPELSCHIJVEN 85-9</Description>
      <LanguageId>de</LanguageId>
      <Name>C/4X1,50KG 1/2 APPELSCHIJVEN 85-9</Name>
    </ecoResProductTranslation>
    <ecoResProductTranslation>
      <Description>apple slices 85-90</Description>
      <LanguageId>en-gb</LanguageId>
      <Name>C/4X1,50KG 1/2 APPEL SLICES 85-90</Name>
    </ecoResProductTranslation>
    <ecoResProductTranslation>
      <Description>tranches de pommes 85-90</Description>
      <LanguageId>fr-be</LanguageId>
      <Name>C/4X1,50KG 1/2 TRAN.DE POMMES 85- 90</Name>
    </ecoResProductTranslation>
    <ecoResProductTranslation>
      <Description>
      </Description>
      <LanguageId>nl-be</LanguageId>
      <Name>C/4X1,50KG 1/2 APPELSCHIJV.85-90</Name>
    </ecoResProductTranslation>
  </InventTable>
  <InventTable>
    <ExternalItemId>
    </ExternalItemId>
    <ItemId>00021252</ItemId>
    <LineDisc>
    </LineDisc>
    <Palletization>1.00</Palletization>
    <Product>5637164826</Product>
    <RecId>5637164826</RecId>
    <UnitId>PL</UnitId>
    <UnitOfPrice>
    </UnitOfPrice>
    <UnitToUnitOfPriceConversion>1.00</UnitToUnitOfPriceConversion>
    <EcoResProductCategory>
      <Category>5637145462</Category>
      <CategoryHierarchy>5637144577</CategoryHierarchy>
    </EcoResProductCategory>
    <ecoResProductTranslation>
      <Description>X1kg kip mayonaise Hamal
</Description>
      <LanguageId>de</LanguageId>
      <Name>x1kg kip mayonaise Hamal</Name>
    </ecoResProductTranslation>
    <ecoResProductTranslation>
      <Description>x1kg kip mayonaise Hamal
</Description>
      <LanguageId>en-gb</LanguageId>
      <Name>x1kg kip mayonaise Hamal</Name>
    </ecoResProductTranslation>
    <ecoResProductTranslation>
      <Description>x1kg salade poulet mayonaise hamal</Description>
      <LanguageId>fr-be</LanguageId>
      <Name>x1kg kip mayonaise Hamal</Name>
    </ecoResProductTranslation>
    <ecoResProductTranslation>
      <Description>x1kg kip mayonaise Hamal
</Description>
      <LanguageId>nl-be</LanguageId>
      <Name>x1kg Kip Mayonaise Hamal</Name>
    </ecoResProductTranslation>
  </InventTable>
  <InventTable>
    <ExternalItemId>
    </ExternalItemId>
    <ItemId>00025015</ItemId>
    <LineDisc>
    </LineDisc>
    <Palletization>1.00</Palletization>
    <Product>5637156577</Product>
    <RecId>5637156577</RecId>
    <UnitId>STK</UnitId>
    <UnitOfPrice>
    </UnitOfPrice>
    <UnitToUnitOfPriceConversion>1.00</UnitToUnitOfPriceConversion>
    <ecoResProductTranslation>
      <Description>
      </Description>
      <LanguageId>nl-be</LanguageId>
      <Name>C/20 ST. DRIEKONINGENTAART 23CM</Name>
    </ecoResProductTranslation>
  </InventTable>
  <InventTable>
    <ExternalItemId>
    </ExternalItemId>
    <ItemId>00026550</ItemId>
    <LineDisc>
    </LineDisc>
    <Palletization>1.00</Palletization>
    <Product>5637170826</Product>
    <RecId>5637170826</RecId>
    <UnitId>
    </UnitId>
    <UnitOfPrice>
    </UnitOfPrice>
    <EcoResProductCategory>
      <Category>5637145335</Category>
      <CategoryHierarchy>5637144577</CategoryHierarchy>
    </EcoResProductCategory>
    <ecoResProductTranslation>
      <Description>
      </Description>
      <LanguageId>nl-be</LanguageId>
      <Name>C/54ST MAC.GEVULD ASSORT.A DIEPVR!</Name>
    </ecoResProductTranslation>
  </InventTable>
  <InventTable>
    <ExternalItemId>
    </ExternalItemId>
    <ItemId>00027307</ItemId>
    <LineDisc>
    </LineDisc>
    <Palletization>1.00</Palletization>
    <Product>5637144577</Product>
    <RecId>5637144577</RecId>
    <UnitId>C/10X4ST</UnitId>
    <UnitOfPrice>
    </UnitOfPrice>
    <UnitToUnitOfPriceConversion>1.00</UnitToUnitOfPriceConversion>
    <EcoResProductCategory>
      <Category>5637145335</Category>
      <CategoryHierarchy>5637144577</CategoryHierarchy>
    </EcoResProductCategory>
    <ecoResProductTranslation>
      <Description>
      </Description>
      <LanguageId>de</LanguageId>
      <Name>C/10X4ST DIKSMUIDSE BOTERKOEK</Name>
    </ecoResProductTranslation>
    <ecoResProductTranslation>
      <Description>
      </Description>
      <LanguageId>en-gb</LanguageId>
      <Name>C/10X4PC BUTTER ROLL DIKSMUIDE</Name>
    </ecoResProductTranslation>
    <ecoResProductTranslation>
      <Description>
      </Description>
      <LanguageId>fr-be</LanguageId>
      <Name>C/10X4PC COUQUE AU BEURRE</Name>
    </ecoResProductTranslation>
    <ecoResProductTranslation>
      <Description>
      </Description>
      <LanguageId>nl-be</LanguageId>
      <Name>C/10X4ST DIKSMUIDSE BOTERKOEK</Name>
    </ecoResProductTranslation>
  </InventTable>
  <InventTable>
    <ExternalItemId>
    </ExternalItemId>
    <ItemId>00027315</ItemId>
    <LineDisc>
    </LineDisc>
    <Palletization>1.00</Palletization>
    <Product>5637144578</Product>
    <RecId>5637144578</RecId>
    <UnitId>C/4X21ST</UnitId>
    <UnitOfPrice>
    </UnitOfPrice>
    <UnitToUnitOfPriceConversion>1.00</UnitToUnitOfPriceConversion>
    <EcoResProductCategory>
      <Category>5637145335</Category>
      <CategoryHierarchy>5637144577</CategoryHierarchy>
    </EcoResProductCategory>
    <ecoResProductRelationTable>
      <AltProductWhenToUse>Empty</AltProductWhenToUse>
      <InventLocationId>
      </InventLocationId>
      <ItemId>00027307</ItemId>
      <Name>C/10X4ST DIKSMUIDSE BOTERKOEK</Name>
      <Product2>5637144577</Product2>
    </ecoResProductRelationTable>
    <ecoResProductTranslation>
      <Description>
      </Description>
      <LanguageId>de</LanguageId>
      <Name>C/4X21ST DIKSMUIDSE BOTERKOEK</Name>
    </ecoResProductTranslation>
    <ecoResProductTranslation>
      <Description>
      </Description>
      <LanguageId>en-gb</LanguageId>
      <Name>C/4X21PC BUTTER ROLL DIKSMUIDSE</Name>
    </ecoResProductTranslation>
    <ecoResProductTranslation>
      <Description>
      </Description>
      <LanguageId>fr-be</LanguageId>
      <Name>C/4X21PC COUQUE AU BEURRE BOTERKOEK</Name>
    </ecoResProductTranslation>
    <ecoResProductTranslation>
      <Description>
      </Description>
      <LanguageId>nl-be</LanguageId>
      <Name>C/4X21ST DIKSMUIDSE BOTERKOEK</Name>
    </ecoResProductTranslation>
  </InventTable>
  <InventTable>
    <ExternalItemId>
    </ExternalItemId>
    <ItemId>00030205</ItemId>
    <LineDisc>
    </LineDisc>
    <Palletization>2400.00</Palletization>
    <Product>5637183576</Product>
    <RecId>5637182826</RecId>
    <UnitId>C/24ST</UnitId>
    <UnitOfPrice>STK</UnitOfPrice>
    <UnitToUnitOfPriceConversion>24.00</UnitToUnitOfPriceConversion>
    <EcoResProductCategory>
      <Category>5637147576</Category>
      <CategoryHierarchy>5637146076</CategoryHierarchy>
    </EcoResProductCategory>
    <ecoResProductTranslation>
      <Description>
      </Description>
      <LanguageId>nl-be</LanguageId>
      <Name>C/24ST COCA-COLA LIFE BLIK</Name>
    </ecoResProductTranslation>
  </InventTable>
  <InventTable>
    <ExternalItemId>
    </ExternalItemId>
    <ItemId>00038200</ItemId>
    <LineDisc>
    </LineDisc>
    <Product>5637173076</Product>
    <RecId>5637173076</RecId>
    <UnitId>kg</UnitId>
    <UnitOfPrice>kg</UnitOfPrice>
    <EcoResProductCategory>
      <Category>5637145327</Category>
      <CategoryHierarchy>5637144577</CategoryHierarchy>
    </EcoResProductCategory>
    <ecoResProductTranslation>
      <Description>
      </Description>
      <LanguageId>nl-be</LanguageId>
      <Name>RODE BESSEN IQF</Name>
    </ecoResProductTranslation>
  </InventTable>
  <InventTable>
    <ExternalItemId>
    </ExternalItemId>
    <ItemId>00038330</ItemId>
    <LineDisc>
    </LineDisc>
    <Product>5637173078</Product>
    <RecId>5637173078</RecId>
    <UnitId>kg</UnitId>
    <UnitOfPrice>kg</UnitOfPrice>
    <EcoResProductCategory>
      <Category>5637145327</Category>
      <CategoryHierarchy>5637144577</CategoryHierarchy>
    </EcoResProductCategory>
    <ecoResProductTranslation>
      <Description>
      </Description>
      <LanguageId>nl-be</LanguageId>
      <Name>ZWARTE BES IQF</Name>
    </ecoResProductTranslation>
  </InventTable>
  <InventTable>
    <ExternalItemId>
    </ExternalItemId>
    <ItemId>00038493</ItemId>
    <LineDisc>
    </LineDisc>
    <Product>5637173077</Product>
    <RecId>5637173077</RecId>
    <UnitId>kg</UnitId>
    <UnitOfPrice>kg</UnitOfPrice>
    <EcoResProductCategory>
      <Category>5637145327</Category>
      <CategoryHierarchy>5637144577</CategoryHierarchy>
    </EcoResProductCategory>
    <ecoResProductTranslation>
      <Description>
      </Description>
      <LanguageId>nl-be</LanguageId>
      <Name>KIWI BLOKJES  B-GRADE IQF</Name>
    </ecoResProductTranslation>
  </InventTable>
  <InventTable>
    <ExternalItemId>
    </ExternalItemId>
    <ItemId>00038500</ItemId>
    <LineDisc>
    </LineDisc>
    <Palletization>1.00</Palletization>
    <Product>5637146091</Product>
    <RecId>5637146090</RecId>
    <UnitId>C/10KG</UnitId>
    <UnitOfPrice>
    </UnitOfPrice>
    <UnitToUnitOfPriceConversion>1.00</UnitToUnitOfPriceConversion>
    <EcoResProductCategory>
      <Category>5637145442</Category>
      <CategoryHierarchy>5637144577</CategoryHierarchy>
    </EcoResProductCategory>
    <ecoResProductTranslation>
      <Description>
      </Description>
      <LanguageId>nl-be</LanguageId>
      <Name>C/10KG KRIEKEN ONTPIT OBLACINSKA IQ</Name>
    </ecoResProductTranslation>
  </InventTable>
  <InventTable>
    <ExternalItemId>
    </ExternalItemId>
    <ItemId>00046023</ItemId>
    <LineDisc>
    </LineDisc>
    <Palletization>1.00</Palletization>
    <Product>5637158828</Product>
    <RecId>5637158829</RecId>
    <UnitId>kg</UnitId>
    <UnitOfPrice>
    </UnitOfPrice>
    <UnitToUnitOfPriceConversion>1.00</UnitToUnitOfPriceConversion>
    <EcoResProductCategory>
      <Category>5637145438</Category>
      <CategoryHierarchy>5637144577</CategoryHierarchy>
    </EcoResProductCategory>
    <ecoResProductTranslation>
      <Description>
      </Description>
      <LanguageId>de</LanguageId>
      <Name>10KG PLUSPAN NATURA 1,5</Name>
    </ecoResProductTranslation>
    <ecoResProductTranslation>
      <Description>
      </Description>
      <LanguageId>en-gb</LanguageId>
      <Name>10KG PLUSPAN NATURA 1,5 en</Name>
    </ecoResProductTranslation>
    <ecoResProductTranslation>
      <Description>
      </Description>
      <LanguageId>nl-be</LanguageId>
      <Name>10KG PLUSPAN NATURA 1,5</Name>
    </ecoResProductTranslation>
  </InventTable>
  <InventTable>
    <ExternalItemId>
    </ExternalItemId>
    <ItemId>00050000</ItemId>
    <LineDisc>
    </LineDisc>
    <Palletization>1.00</Palletization>
    <Product>5637168576</Product>
    <RecId>5637168579</RecId>
    <UnitId>m3</UnitId>
    <UnitOfPrice>
    </UnitOfPrice>
    <UnitToUnitOfPriceConversion>1.00</UnitToUnitOfPriceConversion>
    <EcoResProductCategory>
      <Category>5637147585</Category>
      <CategoryHierarchy>5637146076</CategoryHierarchy>
    </EcoResProductCategory>
    <ecoResProductTranslation>
      <Description>
      </Description>
      <LanguageId>nl-be</LanguageId>
      <Name>LEIDINGWATER</Name>
    </ecoResProductTranslation>
  </InventTable>
  <InventTable>
    <ExternalItemId>
    </ExternalItemId>
    <ItemId>00050073</ItemId>
    <LineDisc>
    </LineDisc>
    <Palletization>1.00</Palletization>
    <Product>5637168578</Product>
    <RecId>5637168581</RecId>
    <UnitId>kg</UnitId>
    <UnitOfPrice>
    </UnitOfPrice>
    <UnitToUnitOfPriceConversion>1.00</UnitToUnitOfPriceConversion>
    <EcoResProductCategory>
      <Category>5637145337</Category>
      <CategoryHierarchy>5637144577</CategoryHierarchy>
    </EcoResProductCategory>
    <EcoResProductCategory>
      <Category>5637147577</Category>
      <CategoryHierarchy>5637146076</CategoryHierarchy>
    </EcoResProductCategory>
    <ecoResProductTranslation>
      <Description>
      </Description>
      <LanguageId>nl-be</LanguageId>
      <Name>AMANDELMIX SPANJE</Name>
    </ecoResProductTranslation>
  </InventTable>
  <InventTable>
    <ExternalItemId>
    </ExternalItemId>
    <ItemId>00130270</ItemId>
    <LineDisc>
    </LineDisc>
    <Palletization>1.00</Palletization>
    <Product>5637148326</Product>
    <RecId>5637148326</RecId>
    <UnitId>STK</UnitId>
    <UnitOfPrice>
    </UnitOfPrice>
    <UnitToUnitOfPriceConversion>1.00</UnitToUnitOfPriceConversion>
    <EcoResProductCategory>
      <Category>5637145416</Category>
      <CategoryHierarchy>5637144577</CategoryHierarchy>
    </EcoResProductCategory>
    <ecoResProductTranslation>
      <Description>
      </Description>
      <LanguageId>de</LanguageId>
      <Name>Eier-scheider</Name>
    </ecoResProductTranslation>
    <ecoResProductTranslation>
      <Description>
      </Description>
      <LanguageId>en-gb</LanguageId>
      <Name>Clarificateur a ouefs</Name>
    </ecoResProductTranslation>
    <ecoResProductTranslation>
      <Description>
      </Description>
      <LanguageId>fr-be</LanguageId>
      <Name>Clarificateur a ouefs</Name>
    </ecoResProductTranslation>
    <ecoResProductTranslation>
      <Description>Eier-scheider</Description>
      <LanguageId>nl-be</LanguageId>
      <Name>EIER-SCHEIDER</Name>
    </ecoResProductTranslation>
  </InventTable>
  <InventTable>
    <ExternalItemId>
    </ExternalItemId>
    <ItemId>00130270-b</ItemId>
    <LineDisc>
    </LineDisc>
    <Palletization>1.00</Palletization>
    <Product>5637151326</Product>
    <RecId>5637151326</RecId>
    <UnitId>STK</UnitId>
    <UnitOfPrice>
    </UnitOfPrice>
    <UnitToUnitOfPriceConversion>1.00</UnitToUnitOfPriceConversion>
    <EcoResProductCategory>
      <Category>5637145425</Category>
      <CategoryHierarchy>5637144577</CategoryHierarchy>
    </EcoResProductCategory>
    <ecoResProductTranslation>
      <Description>
      </Description>
      <LanguageId>nl-be</LanguageId>
      <Name>EIER SCHEIDER TYPE B</Name>
    </ecoResProductTranslation>
  </InventTable>
  <InventTable>
    <ExternalItemId>
    </ExternalItemId>
    <ItemId>01234</ItemId>
    <LineDisc>
    </LineDisc>
    <Palletization>1.00</Palletization>
    <Product>5637152831</Product>
    <RecId>5637152828</RecId>
    <UnitId>stk</UnitId>
    <UnitOfPrice>
    </UnitOfPrice>
    <UnitToUnitOfPriceConversion>1.00</UnitToUnitOfPriceConversion>
    <EcoResProductCategory>
      <Category>5637144579</Category>
      <CategoryHierarchy>5637144577</CategoryHierarchy>
    </EcoResProductCategory>
    <ecoResProductTranslation>
      <Description>
      </Description>
      <LanguageId>nl-be</LanguageId>
      <Name>SezoensArt21</Name>
    </ecoResProductTranslation>
  </InventTable>
  <InventTable>
    <ExternalItemId>
    </ExternalItemId>
    <ItemId>10038330</ItemId>
    <LineDisc>
    </LineDisc>
    <Palletization>1.00</Palletization>
    <Product>5637174576</Product>
    <RecId>5637174576</RecId>
    <UnitId>kg</UnitId>
    <UnitOfPrice>
    </UnitOfPrice>
    <UnitToUnitOfPriceConversion>1.00</UnitToUnitOfPriceConversion>
    <EcoResProductCategory>
      <Category>5637145336</Category>
      <CategoryHierarchy>5637144577</CategoryHierarchy>
    </EcoResProductCategory>
    <ecoResProductTranslation>
      <Description>
      </Description>
      <LanguageId>nl-be</LanguageId>
      <Name>ZWARTE BES IQF BATCH BELOW</Name>
    </ecoResProductTranslation>
  </InventTable>
  <InventTable>
    <ExternalItemId>
    </ExternalItemId>
    <ItemId>20500</ItemId>
    <LineDisc>
    </LineDisc>
    <Palletization>1.00</Palletization>
    <Product>5637170077</Product>
    <RecId>5637170077</RecId>
    <UnitId>sTK</UnitId>
    <UnitOfPrice>
    </UnitOfPrice>
    <UnitToUnitOfPriceConversion>1.00</UnitToUnitOfPriceConversion>
    <ecoResProductTranslation>
      <Description>
      </Description>
      <LanguageId>nl-be</LanguageId>
      <Name>EURO-PALETTEN</Name>
    </ecoResProductTranslation>
  </InventTable>
  <InventTable>
    <ExternalItemId>
    </ExternalItemId>
    <ItemId>20519</ItemId>
    <LineDisc>
    </LineDisc>
    <Palletization>1.00</Palletization>
    <Product>5637170078</Product>
    <RecId>5637170078</RecId>
    <UnitId>sTK</UnitId>
    <UnitOfPrice>
    </UnitOfPrice>
    <UnitToUnitOfPriceConversion>1.00</UnitToUnitOfPriceConversion>
    <ecoResProductTranslation>
      <Description>
      </Description>
      <LanguageId>nl-be</LanguageId>
      <Name>PLASTIC BAKJE - TRAY             *</Name>
    </ecoResProductTranslation>
  </InventTable>
  <InventTable>
    <ExternalItemId>
    </ExternalItemId>
    <ItemId>20663</ItemId>
    <LineDisc>
    </LineDisc>
    <Palletization>1.00</Palletization>
    <Product>5637170079</Product>
    <RecId>5637170079</RecId>
    <UnitId>sTK</UnitId>
    <UnitOfPrice>
    </UnitOfPrice>
    <UnitToUnitOfPriceConversion>1.00</UnitToUnitOfPriceConversion>
    <ecoResProductTranslation>
      <Description>
      </Description>
      <LanguageId>nl-be</LanguageId>
      <Name>WAARBORG CONTAINER ZONNEBLOEM1000*</Name>
    </ecoResProductTranslation>
  </InventTable>
  <InventTable>
    <ExternalItemId>
    </ExternalItemId>
    <ItemId>A000001001</ItemId>
    <LineDisc>
    </LineDisc>
    <Product>5637164828</Product>
    <RecId>5637166326</RecId>
    <UnitId>kg</UnitId>
    <UnitOfPrice>kg</UnitOfPrice>
    <EcoResProductCategory>
      <Category>5637145458</Category>
      <CategoryHierarchy>5637144577</CategoryHierarchy>
    </EcoResProductCategory>
    <ecoResProductTranslation>
      <Description>
      </Description>
      <LanguageId>de</LanguageId>
      <Name>HARTE KLÖNTCHEN 9X1KG</Name>
    </ecoResProductTranslation>
    <ecoResProductTranslation>
      <Description>
      </Description>
      <LanguageId>en-gb</LanguageId>
      <Name>HARD CUBES 9X1KG</Name>
    </ecoResProductTranslation>
    <ecoResProductTranslation>
      <Description>
      </Description>
      <LanguageId>fr-be</LanguageId>
      <Name>MORCEAUX DURS 9X1KG</Name>
    </ecoResProductTranslation>
    <ecoResProductTranslation>
      <Description>
      </Description>
      <LanguageId>nl-be</LanguageId>
      <Name>HARDE KLONTJES 9X1KG</Name>
    </ecoResProductTranslation>
  </InventTable>
  <InventTable>
    <ExternalItemId>
    </ExternalItemId>
    <ItemId>Aankoop vast actief</ItemId>
    <LineDisc>
    </LineDisc>
    <Palletization>1.00</Palletization>
    <Product>5637161826</Product>
    <RecId>5637161826</RecId>
    <UnitId>stk</UnitId>
    <UnitOfPrice>
    </UnitOfPrice>
    <UnitToUnitOfPriceConversion>1.00</UnitToUnitOfPriceConversion>
    <ecoResProductTranslation>
      <Description>
      </Description>
      <LanguageId>nl-be</LanguageId>
      <Name>Aankoop vast actief</Name>
    </ecoResProductTranslation>
  </InventTable>
  <InventTable>
    <ExternalItemId>
    </ExternalItemId>
    <ItemId>AUP001</ItemId>
    <LineDisc>
    </LineDisc>
    <Palletization>1.00</Palletization>
    <Product>5637179831</Product>
    <RecId>5637179829</RecId>
    <UnitId>STK</UnitId>
    <UnitOfPrice>
    </UnitOfPrice>
    <UnitToUnitOfPriceConversion>1.00</UnitToUnitOfPriceConversion>
    <ecoResProductTranslation>
      <Description>
      </Description>
      <LanguageId>nl-be</LanguageId>
      <Name>AUP001</Name>
    </ecoResProductTranslation>
  </InventTable>
  <InventTable>
    <ExternalItemId>
    </ExternalItemId>
    <ItemId>AUP002</ItemId>
    <LineDisc>
    </LineDisc>
    <Palletization>1.00</Palletization>
    <Product>5637180578</Product>
    <RecId>5637180577</RecId>
    <UnitId>STK</UnitId>
    <UnitOfPrice>
    </UnitOfPrice>
    <UnitToUnitOfPriceConversion>1.00</UnitToUnitOfPriceConversion>
    <ecoResProductTranslation>
      <Description>
      </Description>
      <LanguageId>nl-be</LanguageId>
      <Name>AUP002</Name>
    </ecoResProductTranslation>
  </InventTable>
  <InventTable>
    <ExternalItemId>
    </ExternalItemId>
    <ItemId>AUP003</ItemId>
    <LineDisc>
    </LineDisc>
    <Palletization>1.00</Palletization>
    <Product>5637182076</Product>
    <RecId>5637182076</RecId>
    <UnitId>STK</UnitId>
    <UnitOfPrice>
    </UnitOfPrice>
    <UnitToUnitOfPriceConversion>1.00</UnitToUnitOfPriceConversion>
    <ecoResProductTranslation>
      <Description>
      </Description>
      <LanguageId>nl-be</LanguageId>
      <Name>AUP003</Name>
    </ecoResProductTranslation>
  </InventTable>
  <InventTable>
    <ExternalItemId>
    </ExternalItemId>
    <ItemId>DA00001</ItemId>
    <LineDisc>
    </LineDisc>
    <Palletization>1.00</Palletization>
    <Product>5637152834</Product>
    <RecId>5637152829</RecId>
    <UnitId>stk</UnitId>
    <UnitOfPrice>
    </UnitOfPrice>
    <UnitToUnitOfPriceConversion>1.00</UnitToUnitOfPriceConversion>
    <EcoResProductCategory>
      <Category>5637145364</Category>
      <CategoryHierarchy>5637145326</CategoryHierarchy>
    </EcoResProductCategory>
    <ecoResProductTranslation>
      <Description>
      </Description>
      <LanguageId>nl-be</LanguageId>
      <Name>Bureaumateriaal</Name>
    </ecoResProductTranslation>
  </InventTable>
  <InventTable>
    <ExternalItemId>
    </ExternalItemId>
    <ItemId>dlb_001</ItemId>
    <LineDisc>
    </LineDisc>
    <Product>52565456137</Product>
    <RecId>52565454486</RecId>
    <UnitId>kg</UnitId>
    <UnitOfPrice>kg</UnitOfPrice>
    <ecoResProductTranslation>
      <Description>
      </Description>
      <LanguageId>nl-be</LanguageId>
      <Name>dlb_001</Name>
    </ecoResProductTranslation>
  </InventTable>
  <InventTable>
    <ExternalItemId>
    </ExternalItemId>
    <ItemId>DOUANE</ItemId>
    <LineDisc>
    </LineDisc>
    <Palletization>1.00</Palletization>
    <Product>5637181326</Product>
    <RecId>5637181326</RecId>
    <UnitId>stk</UnitId>
    <UnitOfPrice>
    </UnitOfPrice>
    <UnitToUnitOfPriceConversion>1.00</UnitToUnitOfPriceConversion>
    <ecoResProductTranslation>
      <Description>
      </Description>
      <LanguageId>nl-be</LanguageId>
      <Name>DOUANE</Name>
    </ecoResProductTranslation>
  </InventTable>
  <InventTable>
    <ExternalItemId>
    </ExternalItemId>
    <ItemId>DRD001</ItemId>
    <LineDisc>
    </LineDisc>
    <Palletization>1.00</Palletization>
    <Product>5637161083</Product>
    <RecId>5637161083</RecId>
    <UnitId>Doos</UnitId>
    <UnitOfPrice>
    </UnitOfPrice>
    <UnitToUnitOfPriceConversion>1.00</UnitToUnitOfPriceConversion>
    <ecoResProductTranslation>
      <Description>
      </Description>
      <LanguageId>nl-be</LanguageId>
      <Name>DRD001</Name>
    </ecoResProductTranslation>
  </InventTable>
  <InventTable>
    <ExternalItemId>
    </ExternalItemId>
    <ItemId>ELECT</ItemId>
    <LineDisc>
    </LineDisc>
    <Palletization>1.00</Palletization>
    <Product>5637152826</Product>
    <RecId>5637152826</RecId>
    <UnitId>STK</UnitId>
    <UnitOfPrice>
    </UnitOfPrice>
    <UnitToUnitOfPriceConversion>1.00</UnitToUnitOfPriceConversion>
    <EcoResProductCategory>
      <Category>5637145365</Category>
      <CategoryHierarchy>5637145326</CategoryHierarchy>
    </EcoResProductCategory>
    <ecoResProductTranslation>
      <Description>
      </Description>
      <LanguageId>nl-be</LanguageId>
      <Name>elektriciteit</Name>
    </ecoResProductTranslation>
  </InventTable>
  <InventTable>
    <ExternalItemId>
    </ExternalItemId>
    <ItemId>FIFO1</ItemId>
    <LineDisc>
    </LineDisc>
    <Palletization>1.00</Palletization>
    <Product>5637149076</Product>
    <RecId>5637149076</RecId>
    <UnitId>kg</UnitId>
    <UnitOfPrice>
    </UnitOfPrice>
    <UnitToUnitOfPriceConversion>1.00</UnitToUnitOfPriceConversion>
    <ecoResProductTranslation>
      <Description>
      </Description>
      <LanguageId>nl-be</LanguageId>
      <Name>FIFO1</Name>
    </ecoResProductTranslation>
  </InventTable>
  <InventTable>
    <ExternalItemId>
    </ExternalItemId>
    <ItemId>GVZ001</ItemId>
    <LineDisc>
    </LineDisc>
    <Palletization>1.00</Palletization>
    <Product>5637177576</Product>
    <RecId>5637177576</RecId>
    <UnitId>Doos</UnitId>
    <UnitOfPrice>
    </UnitOfPrice>
    <UnitToUnitOfPriceConversion>1.00</UnitToUnitOfPriceConversion>
    <EcoResProductCategory>
      <Category>5637145336</Category>
      <CategoryHierarchy>5637144577</CategoryHierarchy>
    </EcoResProductCategory>
    <ecoResProductTranslation>
      <Description>
      </Description>
      <LanguageId>nl-be</LanguageId>
      <Name>GVZ001</Name>
    </ecoResProductTranslation>
  </InventTable>
  <InventTable>
    <ExternalItemId>
    </ExternalItemId>
    <ItemId>GVZ002</ItemId>
    <LineDisc>
    </LineDisc>
    <Palletization>1.00</Palletization>
    <Product>5637180576</Product>
    <RecId>5637180576</RecId>
    <UnitId>t</UnitId>
    <UnitOfPrice>
    </UnitOfPrice>
    <UnitToUnitOfPriceConversion>1.00</UnitToUnitOfPriceConversion>
    <ecoResProductTranslation>
      <Description>
      </Description>
      <LanguageId>nl-be</LanguageId>
      <Name>GVZ002</Name>
    </ecoResProductTranslation>
  </InventTable>
  <InventTable>
    <ExternalItemId>
    </ExternalItemId>
    <ItemId>MANAGEMENTFEE</ItemId>
    <LineDisc>
    </LineDisc>
    <Palletization>1.00</Palletization>
    <Product>5637157326</Product>
    <RecId>5637157326</RecId>
    <UnitId>stk</UnitId>
    <UnitOfPrice>
    </UnitOfPrice>
    <UnitToUnitOfPriceConversion>1.00</UnitToUnitOfPriceConversion>
    <ecoResProductTranslation>
      <Description>
      </Description>
      <LanguageId>nl-be</LanguageId>
      <Name>MANAGEMENTFEE</Name>
    </ecoResProductTranslation>
  </InventTable>
  <InventTable>
    <ExternalItemId>
    </ExternalItemId>
    <ItemId>N000024900</ItemId>
    <LineDisc>
    </LineDisc>
    <Palletization>1.00</Palletization>
    <Product>5637158080</Product>
    <RecId>5637158079</RecId>
    <UnitId>kg</UnitId>
    <UnitOfPrice>
    </UnitOfPrice>
    <UnitToUnitOfPriceConversion>1.00</UnitToUnitOfPriceConversion>
    <EcoResProductCategory>
      <Category>5637145458</Category>
      <CategoryHierarchy>5637144577</CategoryHierarchy>
    </EcoResProductCategory>
    <ecoResProductTranslation>
      <Description>
      </Description>
      <LanguageId>nl-be</LanguageId>
      <Name>KRISTALSUIKER ISCAL ONGEZEEFD BULK</Name>
    </ecoResProductTranslation>
  </InventTable>
  <InventTable>
    <ExternalItemId>
    </ExternalItemId>
    <ItemId>N000024903</ItemId>
    <LineDisc>
    </LineDisc>
    <Palletization>1.00</Palletization>
    <Product>5637158079</Product>
    <RecId>5637158078</RecId>
    <UnitId>kg</UnitId>
    <UnitOfPrice>
    </UnitOfPrice>
    <UnitToUnitOfPriceConversion>1.00</UnitToUnitOfPriceConversion>
    <EcoResProductCategory>
      <Category>5637145458</Category>
      <CategoryHierarchy>5637144577</CategoryHierarchy>
    </EcoResProductCategory>
    <ecoResProductTranslation>
      <Description>
      </Description>
      <LanguageId>nl-be</LanguageId>
      <Name>KRISTALSUIKER SF GEWONE KORREL 25KG</Name>
    </ecoResProductTranslation>
  </InventTable>
  <InventTable>
    <ExternalItemId>
    </ExternalItemId>
    <ItemId>NAAMDRUK</ItemId>
    <LineDisc>
    </LineDisc>
    <Palletization>1.00</Palletization>
    <Product>5637155076</Product>
    <RecId>5637155076</RecId>
    <UnitId>stk</UnitId>
    <UnitOfPrice>
    </UnitOfPrice>
    <UnitToUnitOfPriceConversion>1.00</UnitToUnitOfPriceConversion>
    <ecoResProductTranslation>
      <Description>
      </Description>
      <LanguageId>nl-be</LanguageId>
      <Name>NAAMDRUK hoeveelheid correctie</Name>
    </ecoResProductTranslation>
  </InventTable>
  <InventTable>
    <ExternalItemId>
    </ExternalItemId>
    <ItemId>PRODPOS</ItemId>
    <LineDisc>
    </LineDisc>
    <Palletization>1.00</Palletization>
    <Product>5637165576</Product>
    <RecId>5637165576</RecId>
    <UnitId>stk</UnitId>
    <UnitOfPrice>
    </UnitOfPrice>
    <UnitToUnitOfPriceConversion>1.00</UnitToUnitOfPriceConversion>
    <EcoResProductCategory>
      <Category>5637144579</Category>
      <CategoryHierarchy>5637144577</CategoryHierarchy>
    </EcoResProductCategory>
    <ecoResProductTranslation>
      <Description>
      </Description>
      <LanguageId>nl-be</LanguageId>
      <Name>PRODPOS</Name>
    </ecoResProductTranslation>
  </InventTable>
  <InventTable>
    <ExternalItemId>
    </ExternalItemId>
    <ItemId>SCI001</ItemId>
    <LineDisc>
    </LineDisc>
    <Palletization>1.00</Palletization>
    <Product>5637179826</Product>
    <RecId>5637179826</RecId>
    <UnitId>C/12,5KG</UnitId>
    <UnitOfPrice>
    </UnitOfPrice>
    <UnitToUnitOfPriceConversion>1.00</UnitToUnitOfPriceConversion>
    <ecoResProductTranslation>
      <Description>
      </Description>
      <LanguageId>nl-be</LanguageId>
      <Name>C/12,5KG ROZIJNEN STD 9 GR.A</Name>
    </ecoResProductTranslation>
  </InventTable>
  <InventTable>
    <ExternalItemId>
    </ExternalItemId>
    <ItemId>SCI002</ItemId>
    <LineDisc>
    </LineDisc>
    <Palletization>1.00</Palletization>
    <Product>5637179827</Product>
    <RecId>5637179827</RecId>
    <UnitId>C/12,5KG</UnitId>
    <UnitOfPrice>
    </UnitOfPrice>
    <UnitToUnitOfPriceConversion>1.00</UnitToUnitOfPriceConversion>
    <ecoResProductTranslation>
      <Description>
      </Description>
      <LanguageId>nl-be</LanguageId>
      <Name>X12,5K TRAYS GEWELDE ROZIJNEN</Name>
    </ecoResProductTranslation>
  </InventTable>
  <InventTable>
    <ExternalItemId>
    </ExternalItemId>
    <ItemId>SCI003</ItemId>
    <LineDisc>
    </LineDisc>
    <Palletization>1.00</Palletization>
    <Product>5637179832</Product>
    <RecId>5637179831</RecId>
    <UnitId>C/6X25CL</UnitId>
    <UnitOfPrice>
    </UnitOfPrice>
    <UnitToUnitOfPriceConversion>1.00</UnitToUnitOfPriceConversion>
    <ecoResProductTranslation>
      <Description>
      </Description>
      <LanguageId>nl-be</LanguageId>
      <Name>C/6x25CL VERSFRUITSAP</Name>
    </ecoResProductTranslation>
  </InventTable>
  <InventTable>
    <ExternalItemId>
    </ExternalItemId>
    <ItemId>SCI004</ItemId>
    <LineDisc>
    </LineDisc>
    <Palletization>1.00</Palletization>
    <Product>5637179834</Product>
    <RecId>5637179832</RecId>
    <UnitId>C/10X4ST</UnitId>
    <UnitOfPrice>
    </UnitOfPrice>
    <UnitToUnitOfPriceConversion>1.00</UnitToUnitOfPriceConversion>
    <ecoResProductTranslation>
      <Description>
      </Description>
      <LanguageId>nl-be</LanguageId>
      <Name>C/10X4ST DIKSMUIDSE BOTERKOEK</Name>
    </ecoResProductTranslation>
  </InventTable>
  <InventTable>
    <ExternalItemId>
    </ExternalItemId>
    <ItemId>SCI005</ItemId>
    <LineDisc>
    </LineDisc>
    <Palletization>1.00</Palletization>
    <Product>52565455388</Product>
    <RecId>52565453737</RecId>
    <UnitId>Doos</UnitId>
    <UnitOfPrice>
    </UnitOfPrice>
    <UnitToUnitOfPriceConversion>1.00</UnitToUnitOfPriceConversion>
    <ecoResProductTranslation>
      <Description>
      </Description>
      <LanguageId>nl-be</LanguageId>
      <Name>Frozen Lolly</Name>
    </ecoResProductTranslation>
  </InventTable>
  <InventTable>
    <ExternalItemId>
    </ExternalItemId>
    <ItemId>SCI006</ItemId>
    <LineDisc>
    </LineDisc>
    <Palletization>1.00</Palletization>
    <Product>52565457637</Product>
    <RecId>52565455236</RecId>
    <UnitId>doos</UnitId>
    <UnitOfPrice>
    </UnitOfPrice>
    <UnitToUnitOfPriceConversion>1.00</UnitToUnitOfPriceConversion>
    <ecoResProductTranslation>
      <Description>
      </Description>
      <LanguageId>nl-be</LanguageId>
      <Name>Frozen monkeyballs</Name>
    </ecoResProductTranslation>
  </InventTable>
  <InventTable>
    <ExternalItemId>
    </ExternalItemId>
    <ItemId>test</ItemId>
    <LineDisc>
    </LineDisc>
    <Palletization>1.00</Palletization>
    <Product>5637167076</Product>
    <RecId>5637167079</RecId>
    <UnitId>STK</UnitId>
    <UnitOfPrice>
    </UnitOfPrice>
    <UnitToUnitOfPriceConversion>1.00</UnitToUnitOfPriceConversion>
    <EcoResProductCategory>
      <Category>5637145432</Category>
      <CategoryHierarchy>5637144577</CategoryHierarchy>
    </EcoResProductCategory>
    <ecoResProductTranslation>
      <Description>
      </Description>
      <LanguageId>nl-be</LanguageId>
      <Name>test</Name>
    </ecoResProductTranslation>
  </InventTable>
  <InventTable>
    <ExternalItemId>
    </ExternalItemId>
    <ItemId>TOC</ItemId>
    <LineDisc>
    </LineDisc>
    <Palletization>1.00</Palletization>
    <Product>5637145334</Product>
    <RecId>5637145334</RecId>
    <UnitId>STK</UnitId>
    <UnitOfPrice>
    </UnitOfPrice>
    <UnitToUnitOfPriceConversion>1.00</UnitToUnitOfPriceConversion>
    <ecoResProductTranslation>
      <Description>
      </Description>
      <LanguageId>nl-be</LanguageId>
      <Name>TE ONTVANGEN CREDIT NOTAS</Name>
    </ecoResProductTranslation>
  </InventTable>
  <InventTable>
    <ExternalItemId>
    </ExternalItemId>
    <ItemId>TRANS</ItemId>
    <LineDisc>
    </LineDisc>
    <Palletization>1.00</Palletization>
    <Product>5637178327</Product>
    <RecId>5637178327</RecId>
    <UnitId>stk</UnitId>
    <UnitOfPrice>
    </UnitOfPrice>
    <UnitToUnitOfPriceConversion>1.00</UnitToUnitOfPriceConversion>
    <ecoResProductTranslation>
      <Description>
      </Description>
      <LanguageId>nl-be</LanguageId>
      <Name>TRANSPORT</Name>
    </ecoResProductTranslation>
  </InventTable>
  <InventTable>
    <ExternalItemId>
    </ExternalItemId>
    <ItemId>VERKOOPOFFERTE</ItemId>
    <LineDisc>
    </LineDisc>
    <Palletization>1.00</Palletization>
    <Product>5637146089</Product>
    <RecId>5637146089</RecId>
    <UnitId>kg</UnitId>
    <UnitOfPrice>
    </UnitOfPrice>
    <UnitToUnitOfPriceConversion>1.00</UnitToUnitOfPriceConversion>
    <ecoResProductTranslation>
      <Description>
      </Description>
      <LanguageId>nl-be</LanguageId>
      <Name>VERKOOPOFFERTE</Name>
    </ecoResProductTranslation>
  </InventTable>
  <InventTable>
    <ExternalItemId>
    </ExternalItemId>
    <ItemId>z_cp01 Peter</ItemId>
    <LineDisc>
    </LineDisc>
    <Palletization>1.00</Palletization>
    <Product>5637159576</Product>
    <RecId>5637159576</RecId>
    <UnitId>STK</UnitId>
    <UnitOfPrice>
    </UnitOfPrice>
    <UnitToUnitOfPriceConversion>1.00</UnitToUnitOfPriceConversion>
    <EcoResProductCategory>
      <Category>5637145331</Category>
      <CategoryHierarchy>5637144577</CategoryHierarchy>
    </EcoResProductCategory>
    <ecoResProductTranslation>
      <Description>
      </Description>
      <LanguageId>nl-be</LanguageId>
      <Name>Continuity Product 0</Name>
    </ecoResProductTranslation>
  </InventTable>
  <InventTable>
    <ExternalItemId>
    </ExternalItemId>
    <ItemId>Z_DeliveryDate</ItemId>
    <LineDisc>
    </LineDisc>
    <Palletization>1.00</Palletization>
    <Product>5637162576</Product>
    <RecId>5637162576</RecId>
    <UnitId>C/10KG</UnitId>
    <UnitOfPrice>
    </UnitOfPrice>
    <UnitToUnitOfPriceConversion>1.00</UnitToUnitOfPriceConversion>
    <ecoResProductTranslation>
      <Description>
      </Description>
      <LanguageId>nl-be</LanguageId>
      <Name>Z_DeliveryDate</Name>
    </ecoResProductTranslation>
  </InventTable>
  <InventTable>
    <ExternalItemId>
    </ExternalItemId>
    <ItemId>Z_FIFO10</ItemId>
    <LineDisc>
    </LineDisc>
    <Palletization>1.00</Palletization>
    <Product>5637161089</Product>
    <RecId>5637161089</RecId>
    <UnitId>stk</UnitId>
    <UnitOfPrice>
    </UnitOfPrice>
    <UnitToUnitOfPriceConversion>1.00</UnitToUnitOfPriceConversion>
    <EcoResProductCategory>
      <Category>5637145331</Category>
      <CategoryHierarchy>5637144577</CategoryHierarchy>
    </EcoResProductCategory>
    <ecoResProductTranslation>
      <Description>
      </Description>
      <LanguageId>nl-be</LanguageId>
      <Name>Z_FIFO10</Name>
    </ecoResProductTranslation>
  </InventTable>
  <InventTable>
    <ExternalItemId>
    </ExternalItemId>
    <ItemId>Z_FIFO11</ItemId>
    <LineDisc>
    </LineDisc>
    <Palletization>1.00</Palletization>
    <Product>5637164827</Product>
    <RecId>5637164827</RecId>
    <UnitId>stk</UnitId>
    <UnitOfPrice>
    </UnitOfPrice>
    <UnitToUnitOfPriceConversion>1.00</UnitToUnitOfPriceConversion>
    <ecoResProductTranslation>
      <Description>
      </Description>
      <LanguageId>nl-be</LanguageId>
      <Name>Z_FIFO11</Name>
    </ecoResProductTranslation>
  </InventTable>
  <InventTable>
    <ExternalItemId>
    </ExternalItemId>
    <ItemId>Z_FIFO12</ItemId>
    <LineDisc>
    </LineDisc>
    <Palletization>1.00</Palletization>
    <Product>5637167826</Product>
    <RecId>5637167826</RecId>
    <UnitId>stk</UnitId>
    <UnitOfPrice>
    </UnitOfPrice>
    <UnitToUnitOfPriceConversion>1.00</UnitToUnitOfPriceConversion>
    <ecoResProductTranslation>
      <Description>
      </Description>
      <LanguageId>nl-be</LanguageId>
      <Name>Z_FIFO12</Name>
    </ecoResProductTranslation>
  </InventTable>
  <InventTable>
    <ExternalItemId>
    </ExternalItemId>
    <ItemId>Z_FIFO13</ItemId>
    <LineDisc>
    </LineDisc>
    <Palletization>1.00</Palletization>
    <Product>5637167827</Product>
    <RecId>5637167827</RecId>
    <UnitId>stk</UnitId>
    <UnitOfPrice>
    </UnitOfPrice>
    <UnitToUnitOfPriceConversion>1.00</UnitToUnitOfPriceConversion>
    <ecoResProductTranslation>
      <Description>
      </Description>
      <LanguageId>nl-be</LanguageId>
      <Name>Z_FIFO13</Name>
    </ecoResProductTranslation>
  </InventTable>
  <InventTable>
    <ExternalItemId>
    </ExternalItemId>
    <ItemId>Z_FIFO14</ItemId>
    <LineDisc>
    </LineDisc>
    <Palletization>1.00</Palletization>
    <Product>5637170827</Product>
    <RecId>5637170827</RecId>
    <UnitId>stk</UnitId>
    <UnitOfPrice>
    </UnitOfPrice>
    <UnitToUnitOfPriceConversion>1.00</UnitToUnitOfPriceConversion>
    <ecoResProductRelationTable>
      <AltProductWhenToUse>Empty</AltProductWhenToUse>
      <InventLocationId>
      </InventLocationId>
      <ItemId>Z_FIFO3</ItemId>
      <Name>Z_FIFO3</Name>
      <Product2>5637152076</Product2>
    </ecoResProductRelationTable>
    <ecoResProductRelationTable>
      <AltProductWhenToUse>Empty</AltProductWhenToUse>
      <InventLocationId>
      </InventLocationId>
      <ItemId>Z_FIFO4</ItemId>
      <Name>Z_FIFO4</Name>
      <Product2>5637155826</Product2>
    </ecoResProductRelationTable>
    <ecoResProductTranslation>
      <Description>
      </Description>
      <LanguageId>nl-be</LanguageId>
      <Name>Z_FIFO14</Name>
    </ecoResProductTranslation>
  </InventTable>
  <InventTable>
    <ExternalItemId>
    </ExternalItemId>
    <ItemId>Z_FIFO15</ItemId>
    <LineDisc>
    </LineDisc>
    <Palletization>1.00</Palletization>
    <Product>5637170828</Product>
    <RecId>5637170828</RecId>
    <UnitId>stk</UnitId>
    <UnitOfPrice>
    </UnitOfPrice>
    <UnitToUnitOfPriceConversion>1.00</UnitToUnitOfPriceConversion>
    <ecoResProductTranslation>
      <Description>
      </Description>
      <LanguageId>nl-be</LanguageId>
      <Name>Z_FIFO15</Name>
    </ecoResProductTranslation>
  </InventTable>
  <InventTable>
    <ExternalItemId>
    </ExternalItemId>
    <ItemId>Z_FIFO16</ItemId>
    <LineDisc>
    </LineDisc>
    <Palletization>1.00</Palletization>
    <Product>5637170829</Product>
    <RecId>5637170829</RecId>
    <UnitId>stk</UnitId>
    <UnitOfPrice>
    </UnitOfPrice>
    <UnitToUnitOfPriceConversion>1.00</UnitToUnitOfPriceConversion>
    <ecoResProductTranslation>
      <Description>
      </Description>
      <LanguageId>nl-be</LanguageId>
      <Name>Z_FIFO16</Name>
    </ecoResProductTranslation>
  </InventTable>
  <InventTable>
    <ExternalItemId>
    </ExternalItemId>
    <ItemId>Z_FIFO17</ItemId>
    <LineDisc>
    </LineDisc>
    <Palletization>1.00</Palletization>
    <Product>5637175326</Product>
    <RecId>5637175326</RecId>
    <UnitId>stk</UnitId>
    <UnitOfPrice>
    </UnitOfPrice>
    <UnitToUnitOfPriceConversion>1.00</UnitToUnitOfPriceConversion>
    <ecoResProductTranslation>
      <Description>
      </Description>
      <LanguageId>nl-be</LanguageId>
      <Name>Z_FIFO17</Name>
    </ecoResProductTranslation>
  </InventTable>
  <InventTable>
    <ExternalItemId>
    </ExternalItemId>
    <ItemId>Z_FIFO18</ItemId>
    <LineDisc>
    </LineDisc>
    <Palletization>1.00</Palletization>
    <Product>5637176076</Product>
    <RecId>5637176076</RecId>
    <UnitId>stk</UnitId>
    <UnitOfPrice>
    </UnitOfPrice>
    <UnitToUnitOfPriceConversion>1.00</UnitToUnitOfPriceConversion>
    <ecoResProductTranslation>
      <Description>
      </Description>
      <LanguageId>nl-be</LanguageId>
      <Name>Z_FIFO18</Name>
    </ecoResProductTranslation>
  </InventTable>
  <InventTable>
    <ExternalItemId>
    </ExternalItemId>
    <ItemId>Z_FIFO19</ItemId>
    <LineDisc>
    </LineDisc>
    <Palletization>1.00</Palletization>
    <Product>5637176826</Product>
    <RecId>5637176826</RecId>
    <UnitId>stk</UnitId>
    <UnitOfPrice>
    </UnitOfPrice>
    <UnitToUnitOfPriceConversion>1.00</UnitToUnitOfPriceConversion>
    <ecoResProductTranslation>
      <Description>
      </Description>
      <LanguageId>nl-be</LanguageId>
      <Name>Z_FIFO19</Name>
    </ecoResProductTranslation>
  </InventTable>
  <InventTable>
    <ExternalItemId>
    </ExternalItemId>
    <ItemId>Z_FIFO2</ItemId>
    <LineDisc>
    </LineDisc>
    <Palletization>1.00</Palletization>
    <Product>5637150576</Product>
    <RecId>5637150576</RecId>
    <UnitId>stk</UnitId>
    <UnitOfPrice>
    </UnitOfPrice>
    <UnitToUnitOfPriceConversion>1.00</UnitToUnitOfPriceConversion>
    <ecoResProductTranslation>
      <Description>
      </Description>
      <LanguageId>nl-be</LanguageId>
      <Name>FIFO2</Name>
    </ecoResProductTranslation>
  </InventTable>
  <InventTable>
    <ExternalItemId>
    </ExternalItemId>
    <ItemId>Z_FIFO20</ItemId>
    <LineDisc>
    </LineDisc>
    <Palletization>1.00</Palletization>
    <Product>5637178326</Product>
    <RecId>5637178326</RecId>
    <UnitId>l</UnitId>
    <UnitOfPrice>
    </UnitOfPrice>
    <UnitToUnitOfPriceConversion>1.00</UnitToUnitOfPriceConversion>
    <ecoResProductTranslation>
      <Description>
      </Description>
      <LanguageId>nl-be</LanguageId>
      <Name>Z_FIFO20</Name>
    </ecoResProductTranslation>
  </InventTable>
  <InventTable>
    <ExternalItemId>
    </ExternalItemId>
    <ItemId>Z_FIFO22</ItemId>
    <LineDisc>
    </LineDisc>
    <Palletization>1.00</Palletization>
    <Product>5637179076</Product>
    <RecId>5637179076</RecId>
    <UnitId>stk</UnitId>
    <UnitOfPrice>
    </UnitOfPrice>
    <UnitToUnitOfPriceConversion>1.00</UnitToUnitOfPriceConversion>
    <ecoResProductTranslation>
      <Description>
      </Description>
      <LanguageId>nl-be</LanguageId>
      <Name>Z_FIFO22</Name>
    </ecoResProductTranslation>
  </InventTable>
  <InventTable>
    <ExternalItemId>
    </ExternalItemId>
    <ItemId>Z_FIFO3</ItemId>
    <LineDisc>
    </LineDisc>
    <Palletization>1.00</Palletization>
    <Product>5637152076</Product>
    <RecId>5637152076</RecId>
    <UnitId>kg</UnitId>
    <UnitOfPrice>
    </UnitOfPrice>
    <UnitToUnitOfPriceConversion>1.00</UnitToUnitOfPriceConversion>
    <ecoResProductTranslation>
      <Description>
      </Description>
      <LanguageId>nl-be</LanguageId>
      <Name>Z_FIFO3</Name>
    </ecoResProductTranslation>
  </InventTable>
  <InventTable>
    <ExternalItemId>
    </ExternalItemId>
    <ItemId>Z_FIFO4</ItemId>
    <LineDisc>
    </LineDisc>
    <Palletization>1.00</Palletization>
    <Product>5637155826</Product>
    <RecId>5637155826</RecId>
    <UnitId>stk</UnitId>
    <UnitOfPrice>
    </UnitOfPrice>
    <UnitToUnitOfPriceConversion>1.00</UnitToUnitOfPriceConversion>
    <ecoResProductTranslation>
      <Description>
      </Description>
      <LanguageId>nl-be</LanguageId>
      <Name>Z_FIFO4</Name>
    </ecoResProductTranslation>
  </InventTable>
  <InventTable>
    <ExternalItemId>
    </ExternalItemId>
    <ItemId>Z_FIFO5</ItemId>
    <LineDisc>
    </LineDisc>
    <Palletization>1.00</Palletization>
    <Product>5637156576</Product>
    <RecId>5637156576</RecId>
    <UnitId>stk</UnitId>
    <UnitOfPrice>
    </UnitOfPrice>
    <UnitToUnitOfPriceConversion>1.00</UnitToUnitOfPriceConversion>
    <ecoResProductTranslation>
      <Description>
      </Description>
      <LanguageId>nl-be</LanguageId>
      <Name>Z_FIFO5</Name>
    </ecoResProductTranslation>
  </InventTable>
  <InventTable>
    <ExternalItemId>
    </ExternalItemId>
    <ItemId>Z_FIFO6</ItemId>
    <LineDisc>
    </LineDisc>
    <Palletization>1.00</Palletization>
    <Product>5637161080</Product>
    <RecId>5637161080</RecId>
    <UnitId>stk</UnitId>
    <UnitOfPrice>
    </UnitOfPrice>
    <UnitToUnitOfPriceConversion>1.00</UnitToUnitOfPriceConversion>
    <ecoResProductTranslation>
      <Description>
      </Description>
      <LanguageId>nl-be</LanguageId>
      <Name>Z_FIFO6</Name>
    </ecoResProductTranslation>
  </InventTable>
  <InventTable>
    <ExternalItemId>
    </ExternalItemId>
    <ItemId>Z_FIFO7</ItemId>
    <LineDisc>
    </LineDisc>
    <Palletization>1.00</Palletization>
    <Product>5637161081</Product>
    <RecId>5637161081</RecId>
    <UnitId>stk</UnitId>
    <UnitOfPrice>
    </UnitOfPrice>
    <UnitToUnitOfPriceConversion>1.00</UnitToUnitOfPriceConversion>
    <EcoResProductCategory>
      <Category>5637145331</Category>
      <CategoryHierarchy>5637144577</CategoryHierarchy>
    </EcoResProductCategory>
    <ecoResProductTranslation>
      <Description>
      </Description>
      <LanguageId>nl-be</LanguageId>
      <Name>Z_FIFO7</Name>
    </ecoResProductTranslation>
  </InventTable>
  <InventTable>
    <ExternalItemId>
    </ExternalItemId>
    <ItemId>Z_FIFO8</ItemId>
    <LineDisc>
    </LineDisc>
    <Palletization>1.00</Palletization>
    <Product>5637161082</Product>
    <RecId>5637161082</RecId>
    <UnitId>stk</UnitId>
    <UnitOfPrice>
    </UnitOfPrice>
    <UnitToUnitOfPriceConversion>1.00</UnitToUnitOfPriceConversion>
    <ecoResProductTranslation>
      <Description>
      </Description>
      <LanguageId>nl-be</LanguageId>
      <Name>Z_FIFO8</Name>
    </ecoResProductTranslation>
  </InventTable>
  <InventTable>
    <ExternalItemId>
    </ExternalItemId>
    <ItemId>Z_KG</ItemId>
    <LineDisc>
    </LineDisc>
    <Palletization>1.00</Palletization>
    <Product>5637179828</Product>
    <RecId>5637179828</RecId>
    <UnitId>kg</UnitId>
    <UnitOfPrice>
    </UnitOfPrice>
    <UnitToUnitOfPriceConversion>1.00</UnitToUnitOfPriceConversion>
    <ecoResProductTranslation>
      <Description>
      </Description>
      <LanguageId>nl-be</LanguageId>
      <Name>Z_KG</Name>
    </ecoResProductTranslation>
  </InventTable>
  <InventTable>
    <ExternalItemId>
    </ExternalItemId>
    <ItemId>Z_Stocked_service</ItemId>
    <LineDisc>
    </LineDisc>
    <Palletization>1.00</Palletization>
    <Product>5637169329</Product>
    <RecId>5637169329</RecId>
    <UnitId>stk</UnitId>
    <UnitOfPrice>
    </UnitOfPrice>
    <UnitToUnitOfPriceConversion>1.00</UnitToUnitOfPriceConversion>
    <ecoResProductTranslation>
      <Description>
      </Description>
      <LanguageId>nl-be</LanguageId>
      <Name>Z_Stocked_service</Name>
    </ecoResProductTranslation>
  </InventTable>
  <InventTable>
    <ExternalItemId>
    </ExternalItemId>
    <ItemId>Z_Unstocked_Service</ItemId>
    <LineDisc>
    </LineDisc>
    <Palletization>1.00</Palletization>
    <Product>5637169328</Product>
    <RecId>5637169328</RecId>
    <UnitId>stk</UnitId>
    <UnitOfPrice>
    </UnitOfPrice>
    <UnitToUnitOfPriceConversion>1.00</UnitToUnitOfPriceConversion>
    <ecoResProductTranslation>
      <Description>
      </Description>
      <LanguageId>nl-be</LanguageId>
      <Name>Z_Unstocked_Service</Name>
    </ecoResProductTranslation>
  </InventTable>
  <InventTable>
    <ExternalItemId>
    </ExternalItemId>
    <ItemId>ZFIFO14</ItemId>
    <LineDisc>
    </LineDisc>
    <Palletization>1.00</Palletization>
    <Product>5637169334</Product>
    <RecId>5637169334</RecId>
    <UnitId>stk</UnitId>
    <UnitOfPrice>
    </UnitOfPrice>
    <UnitToUnitOfPriceConversion>1.00</UnitToUnitOfPriceConversion>
    <ecoResProductTranslation>
      <Description>
      </Description>
      <LanguageId>nl-be</LanguageId>
      <Name>ZFIFO14</Name>
    </ecoResProductTranslation>
  </InventTable>
</Products>