﻿<?xml version="1.0" encoding="utf-8"?>
<ProductHierarchy>
  <ecoResCategoryHierarchy>
    <Name>Call Center product categorie</Name>
    <RecId>5637144577</RecId>
    <ecoResCategory>
      <CategoryHierarchy>5637144577</CategoryHierarchy>
      <Code>Alle</Code>
      <Name>ALLE</Name>
      <ParentCategory>0</ParentCategory>
      <RecId>5637144579</RecId>
      <ecoResCategoryTranslation>
        <Description>
        </Description>
        <FriendlyName>New category</FriendlyName>
        <LanguageId>EN-US</LanguageId>
        <SearchText>
        </SearchText>
      </ecoResCategoryTranslation>
      <ecoResCategory>
        <CategoryHierarchy>5637144577</CategoryHierarchy>
        <Code>GRONDSTOFFEN</Code>
        <Name>GRONDSTOFFEN</Name>
        <ParentCategory>5637144579</ParentCategory>
        <RecId>5637145326</RecId>
        <ecoResCategoryTranslation>
          <Description>
          </Description>
          <FriendlyName>New category</FriendlyName>
          <LanguageId>EN-US</LanguageId>
          <SearchText>
          </SearchText>
        </ecoResCategoryTranslation>
        <ecoResCategory>
          <CategoryHierarchy>5637144577</CategoryHierarchy>
          <Code>AMANDELEN NOTEN</Code>
          <Name>1.09 AMANDELEN EN NOTEN</Name>
          <ParentCategory>5637145326</ParentCategory>
          <RecId>5637145337</RecId>
          <ecoResCategoryTranslation>
            <Description>
            </Description>
            <FriendlyName>New category</FriendlyName>
            <LanguageId>EN-US</LanguageId>
            <SearchText>
            </SearchText>
          </ecoResCategoryTranslation>
          <ecoResCategoryTranslation>
            <Description>
            </Description>
            <FriendlyName>1.09 AMANDELEN EN NOTEN</FriendlyName>
            <LanguageId>NL-BE</LanguageId>
            <SearchText>
            </SearchText>
          </ecoResCategoryTranslation>
        </ecoResCategory>
        <ecoResCategory>
          <CategoryHierarchy>5637144577</CategoryHierarchy>
          <Code>ANDERE CHOCOLADE</Code>
          <Name>1.05 ANDERE CHOCOLADEPRODUCTEN</Name>
          <ParentCategory>5637145326</ParentCategory>
          <RecId>5637145338</RecId>
          <ecoResCategoryTranslation>
            <Description>
            </Description>
            <FriendlyName>New category</FriendlyName>
            <LanguageId>EN-US</LanguageId>
            <SearchText>
            </SearchText>
          </ecoResCategoryTranslation>
          <ecoResCategoryTranslation>
            <Description>
            </Description>
            <FriendlyName>1.05 ANDERE CHOCOLADEPRODUCTEN</FriendlyName>
            <LanguageId>NL-BE</LanguageId>
            <SearchText>
            </SearchText>
          </ecoResCategoryTranslation>
        </ecoResCategory>
        <ecoResCategory>
          <CategoryHierarchy>5637144577</CategoryHierarchy>
          <Code>VETSTOFFEN EN MIXEN</Code>
          <Name>1.29 ANDERE VETSTOFFEN EN MIXEN</Name>
          <ParentCategory>5637145326</ParentCategory>
          <RecId>5637145341</RecId>
          <ecoResCategoryTranslation>
            <Description>
            </Description>
            <FriendlyName>New category</FriendlyName>
            <LanguageId>EN-US</LanguageId>
            <SearchText>
            </SearchText>
          </ecoResCategoryTranslation>
          <ecoResCategoryTranslation>
            <Description>
            </Description>
            <FriendlyName>1.29 ANDERE VETSTOFFEN EN MIXEN</FriendlyName>
            <LanguageId>NL-BE</LanguageId>
            <SearchText>
            </SearchText>
          </ecoResCategoryTranslation>
        </ecoResCategory>
        <ecoResCategory>
          <CategoryHierarchy>5637144577</CategoryHierarchy>
          <Code>ACEPTISCH FRUIT</Code>
          <Name>1.51 ACEPTISCH FRUIT</Name>
          <ParentCategory>5637145326</ParentCategory>
          <RecId>5637145342</RecId>
          <ecoResCategoryTranslation>
            <Description>
            </Description>
            <FriendlyName>New category</FriendlyName>
            <LanguageId>EN-US</LanguageId>
            <SearchText>
            </SearchText>
          </ecoResCategoryTranslation>
          <ecoResCategoryTranslation>
            <Description>
            </Description>
            <FriendlyName>1.51 ACEPTISCH FRUIT</FriendlyName>
            <LanguageId>NL-BE</LanguageId>
            <SearchText>
            </SearchText>
          </ecoResCategoryTranslation>
        </ecoResCategory>
        <ecoResCategory>
          <CategoryHierarchy>5637144577</CategoryHierarchy>
          <Code>ATLAS PRODUCTEN</Code>
          <Name>1.26 ATLAS PRODUCTEN</Name>
          <ParentCategory>5637145326</ParentCategory>
          <RecId>5637145343</RecId>
          <ecoResCategoryTranslation>
            <Description>
            </Description>
            <FriendlyName>New category</FriendlyName>
            <LanguageId>EN-US</LanguageId>
            <SearchText>
            </SearchText>
          </ecoResCategoryTranslation>
          <ecoResCategoryTranslation>
            <Description>
            </Description>
            <FriendlyName>1.26 ATLAS PRODUCTEN</FriendlyName>
            <LanguageId>NL-BE</LanguageId>
            <SearchText>
            </SearchText>
          </ecoResCategoryTranslation>
        </ecoResCategory>
        <ecoResCategory>
          <CategoryHierarchy>5637144577</CategoryHierarchy>
          <Code>BAKKERIJ-EN IJSMIXEN</Code>
          <Name>1.57 BAKKERIJ-EN IJSMIXEN</Name>
          <ParentCategory>5637145326</ParentCategory>
          <RecId>5637145344</RecId>
          <ecoResCategoryTranslation>
            <Description>
            </Description>
            <FriendlyName>New category</FriendlyName>
            <LanguageId>EN-US</LanguageId>
            <SearchText>
            </SearchText>
          </ecoResCategoryTranslation>
          <ecoResCategoryTranslation>
            <Description>
            </Description>
            <FriendlyName>1.57 BAKKERIJ-EN IJSMIXEN</FriendlyName>
            <LanguageId>NL-BE</LanguageId>
            <SearchText>
            </SearchText>
          </ecoResCategoryTranslation>
        </ecoResCategory>
        <ecoResCategory>
          <CategoryHierarchy>5637144577</CategoryHierarchy>
          <Code>BIO PRODUCTEN</Code>
          <Name>1.99 BIO PRODUCTEN</Name>
          <ParentCategory>5637145326</ParentCategory>
          <RecId>5637145345</RecId>
          <ecoResCategoryTranslation>
            <Description>
            </Description>
            <FriendlyName>New category</FriendlyName>
            <LanguageId>EN-US</LanguageId>
            <SearchText>
            </SearchText>
          </ecoResCategoryTranslation>
          <ecoResCategoryTranslation>
            <Description>
            </Description>
            <FriendlyName>1.99 BIO PRODUCTEN</FriendlyName>
            <LanguageId>NL-BE</LanguageId>
            <SearchText>
            </SearchText>
          </ecoResCategoryTranslation>
        </ecoResCategory>
        <ecoResCategory>
          <CategoryHierarchy>5637144577</CategoryHierarchy>
          <Code>CALLEBAUT PRODUCTEN</Code>
          <Name>1.04 CALLEBAUT PRODUCTEN</Name>
          <ParentCategory>5637145326</ParentCategory>
          <RecId>5637145346</RecId>
          <ecoResCategoryTranslation>
            <Description>
            </Description>
            <FriendlyName>New category</FriendlyName>
            <LanguageId>EN-US</LanguageId>
            <SearchText>
            </SearchText>
          </ecoResCategoryTranslation>
          <ecoResCategoryTranslation>
            <Description>
            </Description>
            <FriendlyName>1.04 CALLEBAUT PRODUCTEN</FriendlyName>
            <LanguageId>NL-BE</LanguageId>
            <SearchText>
            </SearchText>
          </ecoResCategoryTranslation>
        </ecoResCategory>
        <ecoResCategory>
          <CategoryHierarchy>5637144577</CategoryHierarchy>
          <Code>COLAC</Code>
          <Name>1.62 COLAC</Name>
          <ParentCategory>5637145326</ParentCategory>
          <RecId>5637145347</RecId>
          <ecoResCategoryTranslation>
            <Description>
            </Description>
            <FriendlyName>New category</FriendlyName>
            <LanguageId>EN-US</LanguageId>
            <SearchText>
            </SearchText>
          </ecoResCategoryTranslation>
          <ecoResCategoryTranslation>
            <Description>
            </Description>
            <FriendlyName>1.62 COLAC</FriendlyName>
            <LanguageId>NL-BE</LanguageId>
            <SearchText>
            </SearchText>
          </ecoResCategoryTranslation>
        </ecoResCategory>
        <ecoResCategory>
          <CategoryHierarchy>5637144577</CategoryHierarchy>
          <Code>CONFISERIE</Code>
          <Name>1.55 CONFISERIE</Name>
          <ParentCategory>5637145326</ParentCategory>
          <RecId>5637145348</RecId>
          <ecoResCategoryTranslation>
            <Description>
            </Description>
            <FriendlyName>New category</FriendlyName>
            <LanguageId>EN-US</LanguageId>
            <SearchText>
            </SearchText>
          </ecoResCategoryTranslation>
          <ecoResCategoryTranslation>
            <Description>
            </Description>
            <FriendlyName>1.55 CONFISERIE</FriendlyName>
            <LanguageId>NL-BE</LanguageId>
            <SearchText>
            </SearchText>
          </ecoResCategoryTranslation>
        </ecoResCategory>
        <ecoResCategory>
          <CategoryHierarchy>5637144577</CategoryHierarchy>
          <Code>CONFITUREN</Code>
          <Name>1.07 CONFITUREN</Name>
          <ParentCategory>5637145326</ParentCategory>
          <RecId>5637145349</RecId>
          <ecoResCategoryTranslation>
            <Description>
            </Description>
            <FriendlyName>New category</FriendlyName>
            <LanguageId>EN-US</LanguageId>
            <SearchText>
            </SearchText>
          </ecoResCategoryTranslation>
          <ecoResCategoryTranslation>
            <Description>
            </Description>
            <FriendlyName>1.07 CONFITUREN</FriendlyName>
            <LanguageId>NL-BE</LanguageId>
            <SearchText>
            </SearchText>
          </ecoResCategoryTranslation>
        </ecoResCategory>
        <ecoResCategory>
          <CategoryHierarchy>5637144577</CategoryHierarchy>
          <Code>CORMAN</Code>
          <Name>1.22 CORMAN</Name>
          <ParentCategory>5637145326</ParentCategory>
          <RecId>5637145350</RecId>
          <ecoResCategoryTranslation>
            <Description>
            </Description>
            <FriendlyName>New category</FriendlyName>
            <LanguageId>EN-US</LanguageId>
            <SearchText>
            </SearchText>
          </ecoResCategoryTranslation>
          <ecoResCategoryTranslation>
            <Description>
            </Description>
            <FriendlyName>1.22 CORMAN</FriendlyName>
            <LanguageId>NL-BE</LanguageId>
            <SearchText>
            </SearchText>
          </ecoResCategoryTranslation>
        </ecoResCategory>
        <ecoResCategory>
          <CategoryHierarchy>5637144577</CategoryHierarchy>
          <Code>DEBCO PRODUCTEN</Code>
          <Name>DEBCO PRODUCTEN</Name>
          <ParentCategory>5637145326</ParentCategory>
          <RecId>5637145351</RecId>
          <ecoResCategoryTranslation>
            <Description>
            </Description>
            <FriendlyName>New category</FriendlyName>
            <LanguageId>EN-US</LanguageId>
            <SearchText>
            </SearchText>
          </ecoResCategoryTranslation>
        </ecoResCategory>
        <ecoResCategory>
          <CategoryHierarchy>5637144577</CategoryHierarchy>
          <Code>DELGIRO</Code>
          <Name>1.23 DELGIRO</Name>
          <ParentCategory>5637145326</ParentCategory>
          <RecId>5637145352</RecId>
          <ecoResCategoryTranslation>
            <Description>
            </Description>
            <FriendlyName>New category</FriendlyName>
            <LanguageId>EN-US</LanguageId>
            <SearchText>
            </SearchText>
          </ecoResCategoryTranslation>
          <ecoResCategoryTranslation>
            <Description>
            </Description>
            <FriendlyName>1.23 DELGIRO</FriendlyName>
            <LanguageId>NL-BE</LanguageId>
            <SearchText>
            </SearchText>
          </ecoResCategoryTranslation>
        </ecoResCategory>
        <ecoResCategory>
          <CategoryHierarchy>5637144577</CategoryHierarchy>
          <Code>DELIFRANCE</Code>
          <Name>1.67 DELIFRANCE</Name>
          <ParentCategory>5637145326</ParentCategory>
          <RecId>5637145353</RecId>
          <ecoResCategoryTranslation>
            <Description>
            </Description>
            <FriendlyName>New category</FriendlyName>
            <LanguageId>EN-US</LanguageId>
            <SearchText>
            </SearchText>
          </ecoResCategoryTranslation>
          <ecoResCategoryTranslation>
            <Description>
            </Description>
            <FriendlyName>1.67 DELIFRANCE</FriendlyName>
            <LanguageId>NL-BE</LanguageId>
            <SearchText>
            </SearchText>
          </ecoResCategoryTranslation>
        </ecoResCategory>
        <ecoResCategory>
          <CategoryHierarchy>5637144577</CategoryHierarchy>
          <Code>DIDESS</Code>
          <Name>1.68 DIDESS</Name>
          <ParentCategory>5637145326</ParentCategory>
          <RecId>5637145354</RecId>
          <ecoResCategoryTranslation>
            <Description>
            </Description>
            <FriendlyName>New category</FriendlyName>
            <LanguageId>EN-US</LanguageId>
            <SearchText>
            </SearchText>
          </ecoResCategoryTranslation>
          <ecoResCategoryTranslation>
            <Description>
            </Description>
            <FriendlyName>1.68 DIDESS</FriendlyName>
            <LanguageId>NL-BE</LanguageId>
            <SearchText>
            </SearchText>
          </ecoResCategoryTranslation>
        </ecoResCategory>
        <ecoResCategory>
          <CategoryHierarchy>5637144577</CategoryHierarchy>
          <Code>DIEPVRIESFRUIT</Code>
          <Name>1.18 DIEPVRIESFRUIT</Name>
          <ParentCategory>5637145326</ParentCategory>
          <RecId>5637145355</RecId>
          <ecoResCategoryTranslation>
            <Description>
            </Description>
            <FriendlyName>New category</FriendlyName>
            <LanguageId>EN-US</LanguageId>
            <SearchText>
            </SearchText>
          </ecoResCategoryTranslation>
          <ecoResCategoryTranslation>
            <Description>
            </Description>
            <FriendlyName>1.18 DIEPVRIESFRUIT</FriendlyName>
            <LanguageId>NL-BE</LanguageId>
            <SearchText>
            </SearchText>
          </ecoResCategoryTranslation>
        </ecoResCategory>
        <ecoResCategory>
          <CategoryHierarchy>5637144577</CategoryHierarchy>
          <Code>DIVERSEN</Code>
          <Name>1.49 DIVERSEN</Name>
          <ParentCategory>5637145326</ParentCategory>
          <RecId>5637145356</RecId>
          <ecoResCategoryTranslation>
            <Description>
            </Description>
            <FriendlyName>New category</FriendlyName>
            <LanguageId>EN-US</LanguageId>
            <SearchText>
            </SearchText>
          </ecoResCategoryTranslation>
          <ecoResCategoryTranslation>
            <Description>
            </Description>
            <FriendlyName>1.49 DIVERSEN</FriendlyName>
            <LanguageId>NL-BE</LanguageId>
            <SearchText>
            </SearchText>
          </ecoResCategoryTranslation>
        </ecoResCategory>
        <ecoResCategory>
          <CategoryHierarchy>5637144577</CategoryHierarchy>
          <Code>DIVERSI FOODS</Code>
          <Name>1.59 DIVERSI FOODS</Name>
          <ParentCategory>5637145326</ParentCategory>
          <RecId>5637145357</RecId>
          <ecoResCategoryTranslation>
            <Description>
            </Description>
            <FriendlyName>New category</FriendlyName>
            <LanguageId>EN-US</LanguageId>
            <SearchText>
            </SearchText>
          </ecoResCategoryTranslation>
          <ecoResCategoryTranslation>
            <Description>
            </Description>
            <FriendlyName>1.59 DIVERSI FOODS</FriendlyName>
            <LanguageId>NL-BE</LanguageId>
            <SearchText>
            </SearchText>
          </ecoResCategoryTranslation>
        </ecoResCategory>
        <ecoResCategory>
          <CategoryHierarchy>5637144577</CategoryHierarchy>
          <Code>DRANKEN</Code>
          <Name>1.30 DRANKEN</Name>
          <ParentCategory>5637145326</ParentCategory>
          <RecId>5637145358</RecId>
          <ecoResCategoryTranslation>
            <Description>
            </Description>
            <FriendlyName>New category</FriendlyName>
            <LanguageId>EN-US</LanguageId>
            <SearchText>
            </SearchText>
          </ecoResCategoryTranslation>
          <ecoResCategoryTranslation>
            <Description>
            </Description>
            <FriendlyName>1.30 DRANKEN</FriendlyName>
            <LanguageId>NL-BE</LanguageId>
            <SearchText>
            </SearchText>
          </ecoResCategoryTranslation>
        </ecoResCategory>
        <ecoResCategory>
          <CategoryHierarchy>5637144577</CategoryHierarchy>
          <Code>FABBRI</Code>
          <Name>1.63 FABBRI</Name>
          <ParentCategory>5637145326</ParentCategory>
          <RecId>5637145359</RecId>
          <ecoResCategoryTranslation>
            <Description>
            </Description>
            <FriendlyName>New category</FriendlyName>
            <LanguageId>EN-US</LanguageId>
            <SearchText>
            </SearchText>
          </ecoResCategoryTranslation>
          <ecoResCategoryTranslation>
            <Description>
            </Description>
            <FriendlyName>1.63 FABBRI</FriendlyName>
            <LanguageId>NL-BE</LanguageId>
            <SearchText>
            </SearchText>
          </ecoResCategoryTranslation>
        </ecoResCategory>
        <ecoResCategory>
          <CategoryHierarchy>5637144577</CategoryHierarchy>
          <Code>FRIESLAND DEBIC</Code>
          <Name>1.42 FRIESLAND DEBIC</Name>
          <ParentCategory>5637145326</ParentCategory>
          <RecId>5637145360</RecId>
          <ecoResCategoryTranslation>
            <Description>
            </Description>
            <FriendlyName>New category</FriendlyName>
            <LanguageId>EN-US</LanguageId>
            <SearchText>
            </SearchText>
          </ecoResCategoryTranslation>
          <ecoResCategoryTranslation>
            <Description>
            </Description>
            <FriendlyName>1.42 FRIESLAND DEBIC</FriendlyName>
            <LanguageId>NL-BE</LanguageId>
            <SearchText>
            </SearchText>
          </ecoResCategoryTranslation>
        </ecoResCategory>
        <ecoResCategory>
          <CategoryHierarchy>5637144577</CategoryHierarchy>
          <Code>FRUCTITAL</Code>
          <Name>1.61 FRUCTITAL</Name>
          <ParentCategory>5637145326</ParentCategory>
          <RecId>5637145361</RecId>
          <ecoResCategoryTranslation>
            <Description>
            </Description>
            <FriendlyName>New category</FriendlyName>
            <LanguageId>EN-US</LanguageId>
            <SearchText>
            </SearchText>
          </ecoResCategoryTranslation>
          <ecoResCategoryTranslation>
            <Description>
            </Description>
            <FriendlyName>1.61 FRUCTITAL</FriendlyName>
            <LanguageId>NL-BE</LanguageId>
            <SearchText>
            </SearchText>
          </ecoResCategoryTranslation>
        </ecoResCategory>
        <ecoResCategory>
          <CategoryHierarchy>5637144577</CategoryHierarchy>
          <Code>FUGAR DRIEDOPPEL</Code>
          <Name>1.40 FUGAR DRIEDOPPEL</Name>
          <ParentCategory>5637145326</ParentCategory>
          <RecId>5637145435</RecId>
          <ecoResCategoryTranslation>
            <Description>
            </Description>
            <FriendlyName>New category</FriendlyName>
            <LanguageId>EN-US</LanguageId>
            <SearchText>
            </SearchText>
          </ecoResCategoryTranslation>
          <ecoResCategoryTranslation>
            <Description>
            </Description>
            <FriendlyName>1.40 FUGAR DRIEDOPPEL</FriendlyName>
            <LanguageId>NL-BE</LanguageId>
            <SearchText>
            </SearchText>
          </ecoResCategoryTranslation>
        </ecoResCategory>
        <ecoResCategory>
          <CategoryHierarchy>5637144577</CategoryHierarchy>
          <Code>GARNITUREN</Code>
          <Name>1.03 GARNITUREN</Name>
          <ParentCategory>5637145326</ParentCategory>
          <RecId>5637145436</RecId>
          <ecoResCategoryTranslation>
            <Description>
            </Description>
            <FriendlyName>New category</FriendlyName>
            <LanguageId>EN-US</LanguageId>
            <SearchText>
            </SearchText>
          </ecoResCategoryTranslation>
          <ecoResCategoryTranslation>
            <Description>
            </Description>
            <FriendlyName>1.03 GARNITUREN</FriendlyName>
            <LanguageId>NL-BE</LanguageId>
            <SearchText>
            </SearchText>
          </ecoResCategoryTranslation>
        </ecoResCategory>
        <ecoResCategory>
          <CategoryHierarchy>5637144577</CategoryHierarchy>
          <Code>GB PLANGE</Code>
          <Name>1.19 GB PLANGE</Name>
          <ParentCategory>5637145326</ParentCategory>
          <RecId>5637145437</RecId>
          <ecoResCategoryTranslation>
            <Description>
            </Description>
            <FriendlyName>New category</FriendlyName>
            <LanguageId>EN-US</LanguageId>
            <SearchText>
            </SearchText>
          </ecoResCategoryTranslation>
          <ecoResCategoryTranslation>
            <Description>
            </Description>
            <FriendlyName>1.19 GB PLANGE</FriendlyName>
            <LanguageId>NL-BE</LanguageId>
            <SearchText>
            </SearchText>
          </ecoResCategoryTranslation>
        </ecoResCategory>
        <ecoResCategory>
          <CategoryHierarchy>5637144577</CategoryHierarchy>
          <Code>GEDROOGD FRUIT</Code>
          <Name>1.02 GEDROOGD FRUIT</Name>
          <ParentCategory>5637145326</ParentCategory>
          <RecId>5637145438</RecId>
          <ecoResCategoryTranslation>
            <Description>
            </Description>
            <FriendlyName>New category</FriendlyName>
            <LanguageId>EN-US</LanguageId>
            <SearchText>
            </SearchText>
          </ecoResCategoryTranslation>
          <ecoResCategoryTranslation>
            <Description>
            </Description>
            <FriendlyName>1.02 GEDROOGD FRUIT</FriendlyName>
            <LanguageId>NL-BE</LanguageId>
            <SearchText>
            </SearchText>
          </ecoResCategoryTranslation>
        </ecoResCategory>
        <ecoResCategory>
          <CategoryHierarchy>5637144577</CategoryHierarchy>
          <Code>HALF - AFGEWERKT</Code>
          <Name>1.24 HALF - AFGEWERKTE PRODUCT</Name>
          <ParentCategory>5637145326</ParentCategory>
          <RecId>5637145439</RecId>
          <ecoResCategoryTranslation>
            <Description>
            </Description>
            <FriendlyName>New category</FriendlyName>
            <LanguageId>EN-US</LanguageId>
            <SearchText>
            </SearchText>
          </ecoResCategoryTranslation>
          <ecoResCategoryTranslation>
            <Description>
            </Description>
            <FriendlyName>1.24 HALF - AFGEWERKTE PRODUCT</FriendlyName>
            <LanguageId>NL-BE</LanguageId>
            <SearchText>
            </SearchText>
          </ecoResCategoryTranslation>
        </ecoResCategory>
        <ecoResCategory>
          <CategoryHierarchy>5637144577</CategoryHierarchy>
          <Code>IJSHOORN EN -KOEKEN</Code>
          <Name>1.58 IJSHOORN EN -KOEKEN</Name>
          <ParentCategory>5637145326</ParentCategory>
          <RecId>5637145440</RecId>
          <ecoResCategoryTranslation>
            <Description>
            </Description>
            <FriendlyName>New category</FriendlyName>
            <LanguageId>EN-US</LanguageId>
            <SearchText>
            </SearchText>
          </ecoResCategoryTranslation>
          <ecoResCategoryTranslation>
            <Description>
            </Description>
            <FriendlyName>1.58 IJSHOORN EN -KOEKEN</FriendlyName>
            <LanguageId>NL-BE</LanguageId>
            <SearchText>
            </SearchText>
          </ecoResCategoryTranslation>
        </ecoResCategory>
        <ecoResCategory>
          <CategoryHierarchy>5637144577</CategoryHierarchy>
          <Code>IJSPOTJE DOZEN BEKER</Code>
          <Name>2.50 IJSPOTJE DOZEN BEKERS</Name>
          <ParentCategory>5637145326</ParentCategory>
          <RecId>5637145441</RecId>
          <ecoResCategoryTranslation>
            <Description>
            </Description>
            <FriendlyName>New category</FriendlyName>
            <LanguageId>EN-US</LanguageId>
            <SearchText>
            </SearchText>
          </ecoResCategoryTranslation>
          <ecoResCategoryTranslation>
            <Description>
            </Description>
            <FriendlyName>2.50 IJSPOTJE DOZEN BEKERS</FriendlyName>
            <LanguageId>NL-BE</LanguageId>
            <SearchText>
            </SearchText>
          </ecoResCategoryTranslation>
        </ecoResCategory>
        <ecoResCategory>
          <CategoryHierarchy>5637144577</CategoryHierarchy>
          <Code>INGEBLIKT FRUIT</Code>
          <Name>1.01 INGEBLIKT FRUIT</Name>
          <ParentCategory>5637145326</ParentCategory>
          <RecId>5637145442</RecId>
          <ecoResCategoryTranslation>
            <Description>
            </Description>
            <FriendlyName>New category</FriendlyName>
            <LanguageId>EN-US</LanguageId>
            <SearchText>
            </SearchText>
          </ecoResCategoryTranslation>
          <ecoResCategoryTranslation>
            <Description>
            </Description>
            <FriendlyName>1.01 INGEBLIKT FRUIT</FriendlyName>
            <LanguageId>NL-BE</LanguageId>
            <SearchText>
            </SearchText>
          </ecoResCategoryTranslation>
        </ecoResCategory>
        <ecoResCategory>
          <CategoryHierarchy>5637144577</CategoryHierarchy>
          <Code>IREKS PRODUCTEN</Code>
          <Name>1.27 IREKS PRODUCTEN</Name>
          <ParentCategory>5637145326</ParentCategory>
          <RecId>5637145443</RecId>
          <ecoResCategoryTranslation>
            <Description>
            </Description>
            <FriendlyName>New category</FriendlyName>
            <LanguageId>EN-US</LanguageId>
            <SearchText>
            </SearchText>
          </ecoResCategoryTranslation>
          <ecoResCategoryTranslation>
            <Description>
            </Description>
            <FriendlyName>1.27 IREKS PRODUCTEN</FriendlyName>
            <LanguageId>NL-BE</LanguageId>
            <SearchText>
            </SearchText>
          </ecoResCategoryTranslation>
        </ecoResCategory>
        <ecoResCategory>
          <CategoryHierarchy>5637144577</CategoryHierarchy>
          <Code>K&amp;K MEERGR.MELEN</Code>
          <Name>1.35 KANT-EN-KLARE MEERGR.MELEN</Name>
          <ParentCategory>5637145326</ParentCategory>
          <RecId>5637145444</RecId>
          <ecoResCategoryTranslation>
            <Description>
            </Description>
            <FriendlyName>New category</FriendlyName>
            <LanguageId>EN-US</LanguageId>
            <SearchText>
            </SearchText>
          </ecoResCategoryTranslation>
          <ecoResCategoryTranslation>
            <Description>
            </Description>
            <FriendlyName>1.35 KANT-EN-KLARE MEERGR.MELEN</FriendlyName>
            <LanguageId>NL-BE</LanguageId>
            <SearchText>
            </SearchText>
          </ecoResCategoryTranslation>
        </ecoResCategory>
        <ecoResCategory>
          <CategoryHierarchy>5637144577</CategoryHierarchy>
          <Code>KLEURSTOFFEN AROMA'S</Code>
          <Name>1.13 KLEURSTOFFEN AROMA'S</Name>
          <ParentCategory>5637145326</ParentCategory>
          <RecId>5637145445</RecId>
          <ecoResCategoryTranslation>
            <Description>
            </Description>
            <FriendlyName>New category</FriendlyName>
            <LanguageId>EN-US</LanguageId>
            <SearchText>
            </SearchText>
          </ecoResCategoryTranslation>
          <ecoResCategoryTranslation>
            <Description>
            </Description>
            <FriendlyName>1.13 KLEURSTOFFEN AROMA'S</FriendlyName>
            <LanguageId>NL-BE</LanguageId>
            <SearchText>
            </SearchText>
          </ecoResCategoryTranslation>
        </ecoResCategory>
        <ecoResCategory>
          <CategoryHierarchy>5637144577</CategoryHierarchy>
          <Code>KOMPLET/DOSSCHE MILL</Code>
          <Name>1.41 KOMPLET/DOSSCHE MILLS</Name>
          <ParentCategory>5637145326</ParentCategory>
          <RecId>5637145446</RecId>
          <ecoResCategoryTranslation>
            <Description>
            </Description>
            <FriendlyName>New category</FriendlyName>
            <LanguageId>EN-US</LanguageId>
            <SearchText>
            </SearchText>
          </ecoResCategoryTranslation>
          <ecoResCategoryTranslation>
            <Description>
            </Description>
            <FriendlyName>1.41 KOMPLET/DOSSCHE MILLS</FriendlyName>
            <LanguageId>NL-BE</LanguageId>
            <SearchText>
            </SearchText>
          </ecoResCategoryTranslation>
        </ecoResCategory>
        <ecoResCategory>
          <CategoryHierarchy>5637144577</CategoryHierarchy>
          <Code>MOLCO GRONDST</Code>
          <Name>1.32 MOLCO PRODUCTEN (GRONDST)</Name>
          <ParentCategory>5637145326</ParentCategory>
          <RecId>5637145447</RecId>
          <ecoResCategoryTranslation>
            <Description>
            </Description>
            <FriendlyName>New category</FriendlyName>
            <LanguageId>EN-US</LanguageId>
            <SearchText>
            </SearchText>
          </ecoResCategoryTranslation>
          <ecoResCategoryTranslation>
            <Description>
            </Description>
            <FriendlyName>1.32 MOLCO PRODUCTEN (GRONDST)</FriendlyName>
            <LanguageId>NL-BE</LanguageId>
            <SearchText>
            </SearchText>
          </ecoResCategoryTranslation>
        </ecoResCategory>
        <ecoResCategory>
          <CategoryHierarchy>5637144577</CategoryHierarchy>
          <Code>ONDERHOUDSPRODUCTEN</Code>
          <Name>1.48 ONDERHOUDSPRODUCTEN</Name>
          <ParentCategory>5637145326</ParentCategory>
          <RecId>5637145448</RecId>
          <ecoResCategoryTranslation>
            <Description>
            </Description>
            <FriendlyName>New category</FriendlyName>
            <LanguageId>EN-US</LanguageId>
            <SearchText>
            </SearchText>
          </ecoResCategoryTranslation>
          <ecoResCategoryTranslation>
            <Description>
            </Description>
            <FriendlyName>1.48 ONDERHOUDSPRODUCTEN</FriendlyName>
            <LanguageId>NL-BE</LanguageId>
            <SearchText>
            </SearchText>
          </ecoResCategoryTranslation>
        </ecoResCategory>
        <ecoResCategory>
          <CategoryHierarchy>5637144577</CategoryHierarchy>
          <Code>PANISTAR</Code>
          <Name>1.66 PANISTAR</Name>
          <ParentCategory>5637145326</ParentCategory>
          <RecId>5637145449</RecId>
          <ecoResCategoryTranslation>
            <Description>
            </Description>
            <FriendlyName>New category</FriendlyName>
            <LanguageId>EN-US</LanguageId>
            <SearchText>
            </SearchText>
          </ecoResCategoryTranslation>
          <ecoResCategoryTranslation>
            <Description>
            </Description>
            <FriendlyName>1.66 PANISTAR</FriendlyName>
            <LanguageId>NL-BE</LanguageId>
            <SearchText>
            </SearchText>
          </ecoResCategoryTranslation>
        </ecoResCategory>
        <ecoResCategory>
          <CategoryHierarchy>5637144577</CategoryHierarchy>
          <Code>PAPIER EN KARTON</Code>
          <Name>1.47 PAPIER EN KARTON</Name>
          <ParentCategory>5637145326</ParentCategory>
          <RecId>5637145450</RecId>
          <ecoResCategoryTranslation>
            <Description>
            </Description>
            <FriendlyName>New category</FriendlyName>
            <LanguageId>EN-US</LanguageId>
            <SearchText>
            </SearchText>
          </ecoResCategoryTranslation>
          <ecoResCategoryTranslation>
            <Description>
            </Description>
            <FriendlyName>1.47 PAPIER EN KARTON</FriendlyName>
            <LanguageId>NL-BE</LanguageId>
            <SearchText>
            </SearchText>
          </ecoResCategoryTranslation>
        </ecoResCategory>
        <ecoResCategory>
          <CategoryHierarchy>5637144577</CategoryHierarchy>
          <Code>POLAK</Code>
          <Name>1.56 POLAK</Name>
          <ParentCategory>5637145326</ParentCategory>
          <RecId>5637145451</RecId>
          <ecoResCategoryTranslation>
            <Description>
            </Description>
            <FriendlyName>New category</FriendlyName>
            <LanguageId>EN-US</LanguageId>
            <SearchText>
            </SearchText>
          </ecoResCategoryTranslation>
          <ecoResCategoryTranslation>
            <Description>
            </Description>
            <FriendlyName>1.56 POLAK</FriendlyName>
            <LanguageId>NL-BE</LanguageId>
            <SearchText>
            </SearchText>
          </ecoResCategoryTranslation>
        </ecoResCategory>
        <ecoResCategory>
          <CategoryHierarchy>5637144577</CategoryHierarchy>
          <Code>PREGEL</Code>
          <Name>1.64 PREGEL</Name>
          <ParentCategory>5637145326</ParentCategory>
          <RecId>5637145452</RecId>
          <ecoResCategoryTranslation>
            <Description>
            </Description>
            <FriendlyName>New category</FriendlyName>
            <LanguageId>EN-US</LanguageId>
            <SearchText>
            </SearchText>
          </ecoResCategoryTranslation>
          <ecoResCategoryTranslation>
            <Description>
            </Description>
            <FriendlyName>1.64 PREGEL</FriendlyName>
            <LanguageId>NL-BE</LanguageId>
            <SearchText>
            </SearchText>
          </ecoResCategoryTranslation>
        </ecoResCategory>
        <ecoResCategory>
          <CategoryHierarchy>5637144577</CategoryHierarchy>
          <Code>RANSON PRODUCTEN</Code>
          <Name>1.08 RANSON PRODUCTEN</Name>
          <ParentCategory>5637145326</ParentCategory>
          <RecId>5637145453</RecId>
          <ecoResCategoryTranslation>
            <Description>
            </Description>
            <FriendlyName>New category</FriendlyName>
            <LanguageId>EN-US</LanguageId>
            <SearchText>
            </SearchText>
          </ecoResCategoryTranslation>
          <ecoResCategoryTranslation>
            <Description>
            </Description>
            <FriendlyName>1.08 RANSON PRODUCTEN</FriendlyName>
            <LanguageId>NL-BE</LanguageId>
            <SearchText>
            </SearchText>
          </ecoResCategoryTranslation>
        </ecoResCategory>
        <ecoResCategory>
          <CategoryHierarchy>5637144577</CategoryHierarchy>
          <Code>RAVICO PRODUCTEN</Code>
          <Name>1.20 RAVICO PRODUCTEN</Name>
          <ParentCategory>5637145326</ParentCategory>
          <RecId>5637145454</RecId>
          <ecoResCategoryTranslation>
            <Description>
            </Description>
            <FriendlyName>New category</FriendlyName>
            <LanguageId>EN-US</LanguageId>
            <SearchText>
            </SearchText>
          </ecoResCategoryTranslation>
          <ecoResCategoryTranslation>
            <Description>
            </Description>
            <FriendlyName>1.20 RAVICO PRODUCTEN</FriendlyName>
            <LanguageId>NL-BE</LanguageId>
            <SearchText>
            </SearchText>
          </ecoResCategoryTranslation>
        </ecoResCategory>
        <ecoResCategory>
          <CategoryHierarchy>5637144577</CategoryHierarchy>
          <Code>SONNEVELD</Code>
          <Name>1.43 SONNEVELD</Name>
          <ParentCategory>5637145326</ParentCategory>
          <RecId>5637145455</RecId>
          <ecoResCategoryTranslation>
            <Description>
            </Description>
            <FriendlyName>New category</FriendlyName>
            <LanguageId>EN-US</LanguageId>
            <SearchText>
            </SearchText>
          </ecoResCategoryTranslation>
          <ecoResCategoryTranslation>
            <Description>
            </Description>
            <FriendlyName>1.43 SONNEVELD</FriendlyName>
            <LanguageId>NL-BE</LanguageId>
            <SearchText>
            </SearchText>
          </ecoResCategoryTranslation>
        </ecoResCategory>
        <ecoResCategory>
          <CategoryHierarchy>5637144577</CategoryHierarchy>
          <Code>STERKE DRANK</Code>
          <Name>1.10 STERKE DRANK</Name>
          <ParentCategory>5637145326</ParentCategory>
          <RecId>5637145456</RecId>
          <ecoResCategoryTranslation>
            <Description>
            </Description>
            <FriendlyName>New category</FriendlyName>
            <LanguageId>EN-US</LanguageId>
            <SearchText>
            </SearchText>
          </ecoResCategoryTranslation>
          <ecoResCategoryTranslation>
            <Description>
            </Description>
            <FriendlyName>1.10 STERKE DRANK</FriendlyName>
            <LanguageId>NL-BE</LanguageId>
            <SearchText>
            </SearchText>
          </ecoResCategoryTranslation>
        </ecoResCategory>
        <ecoResCategory>
          <CategoryHierarchy>5637144577</CategoryHierarchy>
          <Code>STERKE DRANK Z.ACC.</Code>
          <Name>1.11 STERKE DRANK ZONDER ACCIJNS</Name>
          <ParentCategory>5637145326</ParentCategory>
          <RecId>5637145457</RecId>
          <ecoResCategoryTranslation>
            <Description>
            </Description>
            <FriendlyName>New category</FriendlyName>
            <LanguageId>EN-US</LanguageId>
            <SearchText>
            </SearchText>
          </ecoResCategoryTranslation>
          <ecoResCategoryTranslation>
            <Description>
            </Description>
            <FriendlyName>1.11 STERKE DRANK ZONDER ACCIJNS</FriendlyName>
            <LanguageId>NL-BE</LanguageId>
            <SearchText>
            </SearchText>
          </ecoResCategoryTranslation>
        </ecoResCategory>
        <ecoResCategory>
          <CategoryHierarchy>5637144577</CategoryHierarchy>
          <Code>SUIKER</Code>
          <Name>1.06 SUIKER</Name>
          <ParentCategory>5637145326</ParentCategory>
          <RecId>5637145458</RecId>
          <ecoResCategoryTranslation>
            <Description>
            </Description>
            <FriendlyName>New category</FriendlyName>
            <LanguageId>EN-US</LanguageId>
            <SearchText>
            </SearchText>
          </ecoResCategoryTranslation>
          <ecoResCategoryTranslation>
            <Description>
            </Description>
            <FriendlyName>1.06 SUIKER</FriendlyName>
            <LanguageId>NL-BE</LanguageId>
            <SearchText>
            </SearchText>
          </ecoResCategoryTranslation>
        </ecoResCategory>
        <ecoResCategory>
          <CategoryHierarchy>5637144577</CategoryHierarchy>
          <Code>UNIFINE DAWN FOODS</Code>
          <Name>1.12 UNIFINE DAWN FOODS</Name>
          <ParentCategory>5637145326</ParentCategory>
          <RecId>5637145459</RecId>
          <ecoResCategoryTranslation>
            <Description>
            </Description>
            <FriendlyName>New category</FriendlyName>
            <LanguageId>EN-US</LanguageId>
            <SearchText>
            </SearchText>
          </ecoResCategoryTranslation>
          <ecoResCategoryTranslation>
            <Description>
            </Description>
            <FriendlyName>1.12 UNIFINE DAWN FOODS</FriendlyName>
            <LanguageId>NL-BE</LanguageId>
            <SearchText>
            </SearchText>
          </ecoResCategoryTranslation>
        </ecoResCategory>
        <ecoResCategory>
          <CategoryHierarchy>5637144577</CategoryHierarchy>
          <Code>VDM GRONDSTOFFEN</Code>
          <Name>1.34 VDM GRONDSTOFFEN</Name>
          <ParentCategory>5637145326</ParentCategory>
          <RecId>5637145460</RecId>
          <ecoResCategoryTranslation>
            <Description>
            </Description>
            <FriendlyName>New category</FriendlyName>
            <LanguageId>EN-US</LanguageId>
            <SearchText>
            </SearchText>
          </ecoResCategoryTranslation>
          <ecoResCategoryTranslation>
            <Description>
            </Description>
            <FriendlyName>1.34 VDM GRONDSTOFFEN</FriendlyName>
            <LanguageId>NL-BE</LanguageId>
            <SearchText>
            </SearchText>
          </ecoResCategoryTranslation>
        </ecoResCategory>
        <ecoResCategory>
          <CategoryHierarchy>5637144577</CategoryHierarchy>
          <Code>VERPAKKINGEN</Code>
          <Name>1.46 VERPAKKINGEN</Name>
          <ParentCategory>5637145326</ParentCategory>
          <RecId>5637145461</RecId>
          <ecoResCategoryTranslation>
            <Description>
            </Description>
            <FriendlyName>New category</FriendlyName>
            <LanguageId>EN-US</LanguageId>
            <SearchText>
            </SearchText>
          </ecoResCategoryTranslation>
          <ecoResCategoryTranslation>
            <Description>
            </Description>
            <FriendlyName>1.46 VERPAKKINGEN</FriendlyName>
            <LanguageId>NL-BE</LanguageId>
            <SearchText>
            </SearchText>
          </ecoResCategoryTranslation>
        </ecoResCategory>
        <ecoResCategory>
          <CategoryHierarchy>5637144577</CategoryHierarchy>
          <Code>VERSE PRODUCTEN</Code>
          <Name>1.21 VERSE PRODUCTEN</Name>
          <ParentCategory>5637145326</ParentCategory>
          <RecId>5637145462</RecId>
          <ecoResCategoryTranslation>
            <Description>
            </Description>
            <FriendlyName>New category</FriendlyName>
            <LanguageId>EN-US</LanguageId>
            <SearchText>
            </SearchText>
          </ecoResCategoryTranslation>
          <ecoResCategoryTranslation>
            <Description>
            </Description>
            <FriendlyName>1.21 VERSE PRODUCTEN</FriendlyName>
            <LanguageId>NL-BE</LanguageId>
            <SearchText>
            </SearchText>
          </ecoResCategoryTranslation>
        </ecoResCategory>
        <ecoResCategory>
          <CategoryHierarchy>5637144577</CategoryHierarchy>
          <Code>ZADEN EN GRANEN</Code>
          <Name>1.53 ZADEN EN GRANEN</Name>
          <ParentCategory>5637145326</ParentCategory>
          <RecId>5637145463</RecId>
          <ecoResCategoryTranslation>
            <Description>
            </Description>
            <FriendlyName>New category</FriendlyName>
            <LanguageId>EN-US</LanguageId>
            <SearchText>
            </SearchText>
          </ecoResCategoryTranslation>
          <ecoResCategoryTranslation>
            <Description>
            </Description>
            <FriendlyName>1.53 ZADEN EN GRANEN</FriendlyName>
            <LanguageId>NL-BE</LanguageId>
            <SearchText>
            </SearchText>
          </ecoResCategoryTranslation>
        </ecoResCategory>
      </ecoResCategory>
      <ecoResCategory>
        <CategoryHierarchy>5637144577</CategoryHierarchy>
        <Code>DIEPVRIES</Code>
        <Name>DIEPVRIES</Name>
        <ParentCategory>5637144579</ParentCategory>
        <RecId>5637145327</RecId>
        <ecoResCategoryTranslation>
          <Description>
          </Description>
          <FriendlyName>New category</FriendlyName>
          <LanguageId>EN-US</LanguageId>
          <SearchText>
          </SearchText>
        </ecoResCategoryTranslation>
        <ecoResCategory>
          <CategoryHierarchy>5637144577</CategoryHierarchy>
          <Code>ANDERE DIEPVRIES</Code>
          <Name>1.17 ANDERE DIEPVRIESPRODUCTEN</Name>
          <ParentCategory>5637145327</ParentCategory>
          <RecId>5637145335</RecId>
          <ecoResCategoryTranslation>
            <Description>
            </Description>
            <FriendlyName>New category</FriendlyName>
            <LanguageId>EN-US</LanguageId>
            <SearchText>
            </SearchText>
          </ecoResCategoryTranslation>
          <ecoResCategoryTranslation>
            <Description>
            </Description>
            <FriendlyName>1.17 ANDERE DIEPVRIESPRODUCTEN</FriendlyName>
            <LanguageId>NL-BE</LanguageId>
            <SearchText>
            </SearchText>
          </ecoResCategoryTranslation>
        </ecoResCategory>
        <ecoResCategory>
          <CategoryHierarchy>5637144577</CategoryHierarchy>
          <Code>ATLAS DIEPVRIES</Code>
          <Name>1.14 ATLAS DIEPVRIESPRODUCTEN</Name>
          <ParentCategory>5637145327</ParentCategory>
          <RecId>5637145336</RecId>
          <ecoResCategoryTranslation>
            <Description>
            </Description>
            <FriendlyName>New category</FriendlyName>
            <LanguageId>EN-US</LanguageId>
            <SearchText>
            </SearchText>
          </ecoResCategoryTranslation>
          <ecoResCategoryTranslation>
            <Description>
            </Description>
            <FriendlyName>1.14 ATLAS DIEPVRIESPRODUCTEN</FriendlyName>
            <LanguageId>NL-BE</LanguageId>
            <SearchText>
            </SearchText>
          </ecoResCategoryTranslation>
        </ecoResCategory>
        <ecoResCategory>
          <CategoryHierarchy>5637144577</CategoryHierarchy>
          <Code>BOIRON DIEPVRIESPROD</Code>
          <Name>1.28 BOIRON DIEPVRIESPRODUCTEN</Name>
          <ParentCategory>5637145327</ParentCategory>
          <RecId>5637145402</RecId>
          <ecoResCategoryTranslation>
            <Description>
            </Description>
            <FriendlyName>New category</FriendlyName>
            <LanguageId>EN-US</LanguageId>
            <SearchText>
            </SearchText>
          </ecoResCategoryTranslation>
          <ecoResCategoryTranslation>
            <Description>
            </Description>
            <FriendlyName>1.28 BOIRON DIEPVRIESPRODUCTEN</FriendlyName>
            <LanguageId>NL-BE</LanguageId>
            <SearchText>
            </SearchText>
          </ecoResCategoryTranslation>
        </ecoResCategory>
        <ecoResCategory>
          <CategoryHierarchy>5637144577</CategoryHierarchy>
          <Code>BRIDOR</Code>
          <Name>1.44 BRIDOR</Name>
          <ParentCategory>5637145327</ParentCategory>
          <RecId>5637145403</RecId>
          <ecoResCategoryTranslation>
            <Description>
            </Description>
            <FriendlyName>New category</FriendlyName>
            <LanguageId>EN-US</LanguageId>
            <SearchText>
            </SearchText>
          </ecoResCategoryTranslation>
          <ecoResCategoryTranslation>
            <Description>
            </Description>
            <FriendlyName>1.44 BRIDOR</FriendlyName>
            <LanguageId>NL-BE</LanguageId>
            <SearchText>
            </SearchText>
          </ecoResCategoryTranslation>
        </ecoResCategory>
        <ecoResCategory>
          <CategoryHierarchy>5637144577</CategoryHierarchy>
          <Code>DAUPHINE DIEPVRIES</Code>
          <Name>1.15 DAUPHINE DIEPVRIESPRODUCTEN</Name>
          <ParentCategory>5637145327</ParentCategory>
          <RecId>5637145404</RecId>
          <ecoResCategoryTranslation>
            <Description>
            </Description>
            <FriendlyName>New category</FriendlyName>
            <LanguageId>EN-US</LanguageId>
            <SearchText>
            </SearchText>
          </ecoResCategoryTranslation>
          <ecoResCategoryTranslation>
            <Description>
            </Description>
            <FriendlyName>1.15 DAUPHINE DIEPVRIESPRODUCTEN</FriendlyName>
            <LanguageId>NL-BE</LanguageId>
            <SearchText>
            </SearchText>
          </ecoResCategoryTranslation>
        </ecoResCategory>
        <ecoResCategory>
          <CategoryHierarchy>5637144577</CategoryHierarchy>
          <Code>DELEYE</Code>
          <Name>1.39 DELEYE</Name>
          <ParentCategory>5637145327</ParentCategory>
          <RecId>5637145405</RecId>
          <ecoResCategoryTranslation>
            <Description>
            </Description>
            <FriendlyName>New category</FriendlyName>
            <LanguageId>EN-US</LanguageId>
            <SearchText>
            </SearchText>
          </ecoResCategoryTranslation>
          <ecoResCategoryTranslation>
            <Description>
            </Description>
            <FriendlyName>1.39 DELEYE</FriendlyName>
            <LanguageId>NL-BE</LanguageId>
            <SearchText>
            </SearchText>
          </ecoResCategoryTranslation>
        </ecoResCategory>
        <ecoResCategory>
          <CategoryHierarchy>5637144577</CategoryHierarchy>
          <Code>GOURMAND</Code>
          <Name>1.36 GOURMAND</Name>
          <ParentCategory>5637145327</ParentCategory>
          <RecId>5637145406</RecId>
          <ecoResCategoryTranslation>
            <Description>
            </Description>
            <FriendlyName>New category</FriendlyName>
            <LanguageId>EN-US</LanguageId>
            <SearchText>
            </SearchText>
          </ecoResCategoryTranslation>
          <ecoResCategoryTranslation>
            <Description>
            </Description>
            <FriendlyName>1.36 GOURMAND</FriendlyName>
            <LanguageId>NL-BE</LanguageId>
            <SearchText>
            </SearchText>
          </ecoResCategoryTranslation>
        </ecoResCategory>
        <ecoResCategory>
          <CategoryHierarchy>5637144577</CategoryHierarchy>
          <Code>HOLEKI</Code>
          <Name>1.65 HOLEKI</Name>
          <ParentCategory>5637145327</ParentCategory>
          <RecId>5637145407</RecId>
          <ecoResCategoryTranslation>
            <Description>
            </Description>
            <FriendlyName>New category</FriendlyName>
            <LanguageId>EN-US</LanguageId>
            <SearchText>
            </SearchText>
          </ecoResCategoryTranslation>
          <ecoResCategoryTranslation>
            <Description>
            </Description>
            <FriendlyName>1.65 HOLEKI</FriendlyName>
            <LanguageId>NL-BE</LanguageId>
            <SearchText>
            </SearchText>
          </ecoResCategoryTranslation>
        </ecoResCategory>
        <ecoResCategory>
          <CategoryHierarchy>5637144577</CategoryHierarchy>
          <Code>MOLCO PRODUCTEN</Code>
          <Name>1.31 MOLCO PRODUCTEN (VRIES)</Name>
          <ParentCategory>5637145327</ParentCategory>
          <RecId>5637145408</RecId>
          <ecoResCategoryTranslation>
            <Description>
            </Description>
            <FriendlyName>New category</FriendlyName>
            <LanguageId>EN-US</LanguageId>
            <SearchText>
            </SearchText>
          </ecoResCategoryTranslation>
          <ecoResCategoryTranslation>
            <Description>
            </Description>
            <FriendlyName>1.31 MOLCO PRODUCTEN (VRIES)</FriendlyName>
            <LanguageId>NL-BE</LanguageId>
            <SearchText>
            </SearchText>
          </ecoResCategoryTranslation>
        </ecoResCategory>
        <ecoResCategory>
          <CategoryHierarchy>5637144577</CategoryHierarchy>
          <Code>PANESCO</Code>
          <Name>1.37 PANESCO</Name>
          <ParentCategory>5637145327</ParentCategory>
          <RecId>5637145409</RecId>
          <ecoResCategoryTranslation>
            <Description>
            </Description>
            <FriendlyName>New category</FriendlyName>
            <LanguageId>EN-US</LanguageId>
            <SearchText>
            </SearchText>
          </ecoResCategoryTranslation>
          <ecoResCategoryTranslation>
            <Description>
            </Description>
            <FriendlyName>1.37 PANESCO</FriendlyName>
            <LanguageId>NL-BE</LanguageId>
            <SearchText>
            </SearchText>
          </ecoResCategoryTranslation>
        </ecoResCategory>
        <ecoResCategory>
          <CategoryHierarchy>5637144577</CategoryHierarchy>
          <Code>PASTRIDOR DIEPVRIES</Code>
          <Name>1.16 PASTRIDOR DIEPVRIES</Name>
          <ParentCategory>5637145327</ParentCategory>
          <RecId>5637145410</RecId>
          <ecoResCategoryTranslation>
            <Description>
            </Description>
            <FriendlyName>New category</FriendlyName>
            <LanguageId>EN-US</LanguageId>
            <SearchText>
            </SearchText>
          </ecoResCategoryTranslation>
          <ecoResCategoryTranslation>
            <Description>
            </Description>
            <FriendlyName>1.16 PASTRIDOR DIEPVRIES</FriendlyName>
            <LanguageId>NL-BE</LanguageId>
            <SearchText>
            </SearchText>
          </ecoResCategoryTranslation>
        </ecoResCategory>
        <ecoResCategory>
          <CategoryHierarchy>5637144577</CategoryHierarchy>
          <Code>VAN DE LEUR</Code>
          <Name>1.45 VAN DE LEUR</Name>
          <ParentCategory>5637145327</ParentCategory>
          <RecId>5637145411</RecId>
          <ecoResCategoryTranslation>
            <Description>
            </Description>
            <FriendlyName>New category</FriendlyName>
            <LanguageId>EN-US</LanguageId>
            <SearchText>
            </SearchText>
          </ecoResCategoryTranslation>
          <ecoResCategoryTranslation>
            <Description>
            </Description>
            <FriendlyName>1.45 VAN DE LEUR</FriendlyName>
            <LanguageId>NL-BE</LanguageId>
            <SearchText>
            </SearchText>
          </ecoResCategoryTranslation>
        </ecoResCategory>
        <ecoResCategory>
          <CategoryHierarchy>5637144577</CategoryHierarchy>
          <Code>VDM DIEPVRIES</Code>
          <Name>1.33 VDM DIEPVRIESPRODUCTEN</Name>
          <ParentCategory>5637145327</ParentCategory>
          <RecId>5637145412</RecId>
          <ecoResCategoryTranslation>
            <Description>
            </Description>
            <FriendlyName>New category</FriendlyName>
            <LanguageId>EN-US</LanguageId>
            <SearchText>
            </SearchText>
          </ecoResCategoryTranslation>
          <ecoResCategoryTranslation>
            <Description>
            </Description>
            <FriendlyName>1.33 VDM DIEPVRIESPRODUCTEN</FriendlyName>
            <LanguageId>NL-BE</LanguageId>
            <SearchText>
            </SearchText>
          </ecoResCategoryTranslation>
        </ecoResCategory>
      </ecoResCategory>
      <ecoResCategory>
        <CategoryHierarchy>5637144577</CategoryHierarchy>
        <Code>KLEIN MATERIAAL</Code>
        <Name>KLEIN MATERIAAL</Name>
        <ParentCategory>5637144579</ParentCategory>
        <RecId>5637145328</RecId>
        <ecoResCategoryTranslation>
          <Description>
          </Description>
          <FriendlyName>New category</FriendlyName>
          <LanguageId>EN-US</LanguageId>
          <SearchText>
          </SearchText>
        </ecoResCategoryTranslation>
        <ecoResCategory>
          <CategoryHierarchy>5637144577</CategoryHierarchy>
          <Code>BROOD TAARTVORMEN</Code>
          <Name>BROOD- + TAARTVORMEN</Name>
          <ParentCategory>5637145328</ParentCategory>
          <RecId>5637145339</RecId>
          <ecoResCategoryTranslation>
            <Description>
            </Description>
            <FriendlyName>New category</FriendlyName>
            <LanguageId>EN-US</LanguageId>
            <SearchText>
            </SearchText>
          </ecoResCategoryTranslation>
        </ecoResCategory>
        <ecoResCategory>
          <CategoryHierarchy>5637144577</CategoryHierarchy>
          <Code>CHOCOLADEBEREIDING</Code>
          <Name>CHOCOLADEBEREIDING</Name>
          <ParentCategory>5637145328</ParentCategory>
          <RecId>5637145340</RecId>
          <ecoResCategoryTranslation>
            <Description>
            </Description>
            <FriendlyName>New category</FriendlyName>
            <LanguageId>EN-US</LanguageId>
            <SearchText>
            </SearchText>
          </ecoResCategoryTranslation>
        </ecoResCategory>
        <ecoResCategory>
          <CategoryHierarchy>5637144577</CategoryHierarchy>
          <Code>IJSBEREIDING</Code>
          <Name>IJSBEREIDING</Name>
          <ParentCategory>5637145328</ParentCategory>
          <RecId>5637145413</RecId>
          <ecoResCategoryTranslation>
            <Description>
            </Description>
            <FriendlyName>New category</FriendlyName>
            <LanguageId>EN-US</LanguageId>
            <SearchText>
            </SearchText>
          </ecoResCategoryTranslation>
        </ecoResCategory>
        <ecoResCategory>
          <CategoryHierarchy>5637144577</CategoryHierarchy>
          <Code>JOLI-LEMAN</Code>
          <Name>JOLI-LEMAN</Name>
          <ParentCategory>5637145328</ParentCategory>
          <RecId>5637145414</RecId>
          <ecoResCategoryTranslation>
            <Description>
            </Description>
            <FriendlyName>New category</FriendlyName>
            <LanguageId>EN-US</LanguageId>
            <SearchText>
            </SearchText>
          </ecoResCategoryTranslation>
        </ecoResCategory>
        <ecoResCategory>
          <CategoryHierarchy>5637144577</CategoryHierarchy>
          <Code>LINTEN + VERPAKKING</Code>
          <Name>LINTEN + VERPAKKING</Name>
          <ParentCategory>5637145328</ParentCategory>
          <RecId>5637145415</RecId>
          <ecoResCategoryTranslation>
            <Description>
            </Description>
            <FriendlyName>New category</FriendlyName>
            <LanguageId>EN-US</LanguageId>
            <SearchText>
            </SearchText>
          </ecoResCategoryTranslation>
        </ecoResCategory>
        <ecoResCategory>
          <CategoryHierarchy>5637144577</CategoryHierarchy>
          <Code>MACHINES TOESTELLEN</Code>
          <Name>MACHINES + TOESTELLEN</Name>
          <ParentCategory>5637145328</ParentCategory>
          <RecId>5637145416</RecId>
          <ecoResCategoryTranslation>
            <Description>
            </Description>
            <FriendlyName>New category</FriendlyName>
            <LanguageId>EN-US</LanguageId>
            <SearchText>
            </SearchText>
          </ecoResCategoryTranslation>
        </ecoResCategory>
        <ecoResCategory>
          <CategoryHierarchy>5637144577</CategoryHierarchy>
          <Code>MARSEPEINBEWERKING</Code>
          <Name>MARSEPEINBEWERKING</Name>
          <ParentCategory>5637145328</ParentCategory>
          <RecId>5637145417</RecId>
          <ecoResCategoryTranslation>
            <Description>
            </Description>
            <FriendlyName>New category</FriendlyName>
            <LanguageId>EN-US</LanguageId>
            <SearchText>
            </SearchText>
          </ecoResCategoryTranslation>
        </ecoResCategory>
        <ecoResCategory>
          <CategoryHierarchy>5637144577</CategoryHierarchy>
          <Code>MEETAPPARATEN</Code>
          <Name>MEETAPPARATEN</Name>
          <ParentCategory>5637145328</ParentCategory>
          <RecId>5637145418</RecId>
          <ecoResCategoryTranslation>
            <Description>
            </Description>
            <FriendlyName>New category</FriendlyName>
            <LanguageId>EN-US</LanguageId>
            <SearchText>
            </SearchText>
          </ecoResCategoryTranslation>
        </ecoResCategory>
        <ecoResCategory>
          <CategoryHierarchy>5637144577</CategoryHierarchy>
          <Code>MESSEN</Code>
          <Name>MESSEN</Name>
          <ParentCategory>5637145328</ParentCategory>
          <RecId>5637145419</RecId>
          <ecoResCategoryTranslation>
            <Description>
            </Description>
            <FriendlyName>New category</FriendlyName>
            <LanguageId>EN-US</LanguageId>
            <SearchText>
            </SearchText>
          </ecoResCategoryTranslation>
        </ecoResCategory>
        <ecoResCategory>
          <CategoryHierarchy>5637144577</CategoryHierarchy>
          <Code>PANNEN RECIPIENTEN</Code>
          <Name>PANNEN + RECIPIENTEN</Name>
          <ParentCategory>5637145328</ParentCategory>
          <RecId>5637145420</RecId>
          <ecoResCategoryTranslation>
            <Description>
            </Description>
            <FriendlyName>New category</FriendlyName>
            <LanguageId>EN-US</LanguageId>
            <SearchText>
            </SearchText>
          </ecoResCategoryTranslation>
        </ecoResCategory>
        <ecoResCategory>
          <CategoryHierarchy>5637144577</CategoryHierarchy>
          <Code>PLATEN ROOSTERS</Code>
          <Name>PLATEN + ROOSTERS</Name>
          <ParentCategory>5637145328</ParentCategory>
          <RecId>5637145421</RecId>
          <ecoResCategoryTranslation>
            <Description>
            </Description>
            <FriendlyName>New category</FriendlyName>
            <LanguageId>EN-US</LanguageId>
            <SearchText>
            </SearchText>
          </ecoResCategoryTranslation>
        </ecoResCategory>
        <ecoResCategory>
          <CategoryHierarchy>5637144577</CategoryHierarchy>
          <Code>ROLGEREEDSCHAP</Code>
          <Name>ROLGEREEDSCHAP</Name>
          <ParentCategory>5637145328</ParentCategory>
          <RecId>5637145422</RecId>
          <ecoResCategoryTranslation>
            <Description>
            </Description>
            <FriendlyName>New category</FriendlyName>
            <LanguageId>EN-US</LanguageId>
            <SearchText>
            </SearchText>
          </ecoResCategoryTranslation>
        </ecoResCategory>
        <ecoResCategory>
          <CategoryHierarchy>5637144577</CategoryHierarchy>
          <Code>SPECULOOSPLANKEN</Code>
          <Name>SPECULOOSPLANKEN</Name>
          <ParentCategory>5637145328</ParentCategory>
          <RecId>5637145423</RecId>
          <ecoResCategoryTranslation>
            <Description>
            </Description>
            <FriendlyName>New category</FriendlyName>
            <LanguageId>EN-US</LanguageId>
            <SearchText>
            </SearchText>
          </ecoResCategoryTranslation>
        </ecoResCategory>
        <ecoResCategory>
          <CategoryHierarchy>5637144577</CategoryHierarchy>
          <Code>SPUITJES SPUITZAKK</Code>
          <Name>SPUITJES + SPUITZAKKEN</Name>
          <ParentCategory>5637145328</ParentCategory>
          <RecId>5637145424</RecId>
          <ecoResCategoryTranslation>
            <Description>
            </Description>
            <FriendlyName>New category</FriendlyName>
            <LanguageId>EN-US</LanguageId>
            <SearchText>
            </SearchText>
          </ecoResCategoryTranslation>
        </ecoResCategory>
        <ecoResCategory>
          <CategoryHierarchy>5637144577</CategoryHierarchy>
          <Code>STEELGEREEDSCHAP</Code>
          <Name>STEELGEREEDSCHAP</Name>
          <ParentCategory>5637145328</ParentCategory>
          <RecId>5637145425</RecId>
          <ecoResCategoryTranslation>
            <Description>
            </Description>
            <FriendlyName>New category</FriendlyName>
            <LanguageId>EN-US</LanguageId>
            <SearchText>
            </SearchText>
          </ecoResCategoryTranslation>
        </ecoResCategory>
        <ecoResCategory>
          <CategoryHierarchy>5637144577</CategoryHierarchy>
          <Code>STOCKAGE WINKEL</Code>
          <Name>STOCKAGE + WINKEL</Name>
          <ParentCategory>5637145328</ParentCategory>
          <RecId>5637145426</RecId>
          <ecoResCategoryTranslation>
            <Description>
            </Description>
            <FriendlyName>New category</FriendlyName>
            <LanguageId>EN-US</LanguageId>
            <SearchText>
            </SearchText>
          </ecoResCategoryTranslation>
        </ecoResCategory>
        <ecoResCategory>
          <CategoryHierarchy>5637144577</CategoryHierarchy>
          <Code>TAARTRINGEN</Code>
          <Name>TAARTRINGEN</Name>
          <ParentCategory>5637145328</ParentCategory>
          <RecId>5637145427</RecId>
          <ecoResCategoryTranslation>
            <Description>
            </Description>
            <FriendlyName>New category</FriendlyName>
            <LanguageId>EN-US</LanguageId>
            <SearchText>
            </SearchText>
          </ecoResCategoryTranslation>
        </ecoResCategory>
        <ecoResCategory>
          <CategoryHierarchy>5637144577</CategoryHierarchy>
          <Code>TARTELETTEN</Code>
          <Name>TARTELETTEN</Name>
          <ParentCategory>5637145328</ParentCategory>
          <RecId>5637145428</RecId>
          <ecoResCategoryTranslation>
            <Description>
            </Description>
            <FriendlyName>New category</FriendlyName>
            <LanguageId>EN-US</LanguageId>
            <SearchText>
            </SearchText>
          </ecoResCategoryTranslation>
        </ecoResCategory>
        <ecoResCategory>
          <CategoryHierarchy>5637144577</CategoryHierarchy>
          <Code>TRECHTERS</Code>
          <Name>TRECHTERS + ZEVEN + STROOIERS</Name>
          <ParentCategory>5637145328</ParentCategory>
          <RecId>5637145429</RecId>
          <ecoResCategoryTranslation>
            <Description>
            </Description>
            <FriendlyName>New category</FriendlyName>
            <LanguageId>EN-US</LanguageId>
            <SearchText>
            </SearchText>
          </ecoResCategoryTranslation>
        </ecoResCategory>
        <ecoResCategory>
          <CategoryHierarchy>5637144577</CategoryHierarchy>
          <Code>UITSTEKERS VERDELERS</Code>
          <Name>UITSTEKERS + VERDELERS</Name>
          <ParentCategory>5637145328</ParentCategory>
          <RecId>5637145430</RecId>
          <ecoResCategoryTranslation>
            <Description>
            </Description>
            <FriendlyName>New category</FriendlyName>
            <LanguageId>EN-US</LanguageId>
            <SearchText>
            </SearchText>
          </ecoResCategoryTranslation>
        </ecoResCategory>
        <ecoResCategory>
          <CategoryHierarchy>5637144577</CategoryHierarchy>
          <Code>VAKLITERATUUR</Code>
          <Name>VAKLITERATUUR</Name>
          <ParentCategory>5637145328</ParentCategory>
          <RecId>5637145431</RecId>
          <ecoResCategoryTranslation>
            <Description>
            </Description>
            <FriendlyName>New category</FriendlyName>
            <LanguageId>EN-US</LanguageId>
            <SearchText>
            </SearchText>
          </ecoResCategoryTranslation>
        </ecoResCategory>
        <ecoResCategory>
          <CategoryHierarchy>5637144577</CategoryHierarchy>
          <Code>WERKKLEDIJ</Code>
          <Name>WERKKLEDIJ</Name>
          <ParentCategory>5637145328</ParentCategory>
          <RecId>5637145432</RecId>
          <ecoResCategoryTranslation>
            <Description>
            </Description>
            <FriendlyName>New category</FriendlyName>
            <LanguageId>EN-US</LanguageId>
            <SearchText>
            </SearchText>
          </ecoResCategoryTranslation>
        </ecoResCategory>
      </ecoResCategory>
      <ecoResCategory>
        <CategoryHierarchy>5637144577</CategoryHierarchy>
        <Code>DECORATIES</Code>
        <Name>DECORATIES</Name>
        <ParentCategory>5637144579</ParentCategory>
        <RecId>5637145329</RecId>
        <ecoResCategoryTranslation>
          <Description>
          </Description>
          <FriendlyName>New category</FriendlyName>
          <LanguageId>EN-US</LanguageId>
          <SearchText>
          </SearchText>
        </ecoResCategoryTranslation>
        <ecoResCategory>
          <CategoryHierarchy>5637144577</CategoryHierarchy>
          <Code>BLOEMEN</Code>
          <Name>BLOEMEN</Name>
          <ParentCategory>5637145329</ParentCategory>
          <RecId>5637145333</RecId>
          <ecoResCategoryTranslation>
            <Description>
            </Description>
            <FriendlyName>New category</FriendlyName>
            <LanguageId>EN-US</LanguageId>
            <SearchText>
            </SearchText>
          </ecoResCategoryTranslation>
        </ecoResCategory>
        <ecoResCategory>
          <CategoryHierarchy>5637144577</CategoryHierarchy>
          <Code>DOOP</Code>
          <Name>DOOP</Name>
          <ParentCategory>5637145329</ParentCategory>
          <RecId>5637145334</RecId>
          <ecoResCategoryTranslation>
            <Description>
            </Description>
            <FriendlyName>New category</FriendlyName>
            <LanguageId>EN-US</LanguageId>
            <SearchText>
            </SearchText>
          </ecoResCategoryTranslation>
        </ecoResCategory>
        <ecoResCategory>
          <CategoryHierarchy>5637144577</CategoryHierarchy>
          <Code>ETALAGE-DECOR</Code>
          <Name>ETALAGE-DECOR</Name>
          <ParentCategory>5637145329</ParentCategory>
          <RecId>5637145393</RecId>
          <ecoResCategoryTranslation>
            <Description>
            </Description>
            <FriendlyName>New category</FriendlyName>
            <LanguageId>EN-US</LanguageId>
            <SearchText>
            </SearchText>
          </ecoResCategoryTranslation>
        </ecoResCategory>
        <ecoResCategory>
          <CategoryHierarchy>5637144577</CategoryHierarchy>
          <Code>HUWELIJK</Code>
          <Name>HUWELIJK</Name>
          <ParentCategory>5637145329</ParentCategory>
          <RecId>5637145394</RecId>
          <ecoResCategoryTranslation>
            <Description>
            </Description>
            <FriendlyName>New category</FriendlyName>
            <LanguageId>EN-US</LanguageId>
            <SearchText>
            </SearchText>
          </ecoResCategoryTranslation>
        </ecoResCategory>
        <ecoResCategory>
          <CategoryHierarchy>5637144577</CategoryHierarchy>
          <Code>IJSVERSIERING</Code>
          <Name>IJSVERSIERING</Name>
          <ParentCategory>5637145329</ParentCategory>
          <RecId>5637145395</RecId>
          <ecoResCategoryTranslation>
            <Description>
            </Description>
            <FriendlyName>New category</FriendlyName>
            <LanguageId>EN-US</LanguageId>
            <SearchText>
            </SearchText>
          </ecoResCategoryTranslation>
        </ecoResCategory>
        <ecoResCategory>
          <CategoryHierarchy>5637144577</CategoryHierarchy>
          <Code>KERSTDAG NIEUWJAAR</Code>
          <Name>KERSTDAG + NIEUWJAAR</Name>
          <ParentCategory>5637145329</ParentCategory>
          <RecId>5637145396</RecId>
          <ecoResCategoryTranslation>
            <Description>
            </Description>
            <FriendlyName>New category</FriendlyName>
            <LanguageId>EN-US</LanguageId>
            <SearchText>
            </SearchText>
          </ecoResCategoryTranslation>
        </ecoResCategory>
        <ecoResCategory>
          <CategoryHierarchy>5637144577</CategoryHierarchy>
          <Code>KOMMUNIE</Code>
          <Name>KOMMUNIE</Name>
          <ParentCategory>5637145329</ParentCategory>
          <RecId>5637145397</RecId>
          <ecoResCategoryTranslation>
            <Description>
            </Description>
            <FriendlyName>New category</FriendlyName>
            <LanguageId>EN-US</LanguageId>
            <SearchText>
            </SearchText>
          </ecoResCategoryTranslation>
        </ecoResCategory>
        <ecoResCategory>
          <CategoryHierarchy>5637144577</CategoryHierarchy>
          <Code>LEMAN CAKE DECOR</Code>
          <Name>LEMAN CAKE DECORATIONS</Name>
          <ParentCategory>5637145329</ParentCategory>
          <RecId>5637145398</RecId>
          <ecoResCategoryTranslation>
            <Description>
            </Description>
            <FriendlyName>New category</FriendlyName>
            <LanguageId>EN-US</LanguageId>
            <SearchText>
            </SearchText>
          </ecoResCategoryTranslation>
        </ecoResCategory>
        <ecoResCategory>
          <CategoryHierarchy>5637144577</CategoryHierarchy>
          <Code>LUXE-ONDERLEGGERS</Code>
          <Name>LUXE-ONDERLEGGERS</Name>
          <ParentCategory>5637145329</ParentCategory>
          <RecId>5637145399</RecId>
          <ecoResCategoryTranslation>
            <Description>
            </Description>
            <FriendlyName>New category</FriendlyName>
            <LanguageId>EN-US</LanguageId>
            <SearchText>
            </SearchText>
          </ecoResCategoryTranslation>
        </ecoResCategory>
        <ecoResCategory>
          <CategoryHierarchy>5637144577</CategoryHierarchy>
          <Code>PASEN</Code>
          <Name>PASEN</Name>
          <ParentCategory>5637145329</ParentCategory>
          <RecId>5637145400</RecId>
          <ecoResCategoryTranslation>
            <Description>
            </Description>
            <FriendlyName>New category</FriendlyName>
            <LanguageId>EN-US</LanguageId>
            <SearchText>
            </SearchText>
          </ecoResCategoryTranslation>
        </ecoResCategory>
        <ecoResCategory>
          <CategoryHierarchy>5637144577</CategoryHierarchy>
          <Code>VERSIERING ALLERLEI</Code>
          <Name>VERSIERING ALLERLEI</Name>
          <ParentCategory>5637145329</ParentCategory>
          <RecId>5637145401</RecId>
          <ecoResCategoryTranslation>
            <Description>
            </Description>
            <FriendlyName>New category</FriendlyName>
            <LanguageId>EN-US</LanguageId>
            <SearchText>
            </SearchText>
          </ecoResCategoryTranslation>
        </ecoResCategory>
      </ecoResCategory>
      <ecoResCategory>
        <CategoryHierarchy>5637144577</CategoryHierarchy>
        <Code>CHOCO DECORS</Code>
        <Name>CHOCOLADE DECORS</Name>
        <ParentCategory>5637144579</ParentCategory>
        <RecId>5637145330</RecId>
        <ecoResCategoryTranslation>
          <Description>
          </Description>
          <FriendlyName>New category</FriendlyName>
          <LanguageId>EN-US</LanguageId>
          <SearchText>
          </SearchText>
        </ecoResCategoryTranslation>
        <ecoResCategory>
          <CategoryHierarchy>5637144577</CategoryHierarchy>
          <Code>BALLS</Code>
          <Name>BALLS</Name>
          <ParentCategory>5637145330</ParentCategory>
          <RecId>5637145331</RecId>
          <ecoResCategoryTranslation>
            <Description>
            </Description>
            <FriendlyName>New category</FriendlyName>
            <LanguageId>EN-US</LanguageId>
            <SearchText>
            </SearchText>
          </ecoResCategoryTranslation>
        </ecoResCategory>
        <ecoResCategory>
          <CategoryHierarchy>5637144577</CategoryHierarchy>
          <Code>CONES</Code>
          <Name>CONES</Name>
          <ParentCategory>5637145330</ParentCategory>
          <RecId>5637145332</RecId>
          <ecoResCategoryTranslation>
            <Description>
            </Description>
            <FriendlyName>New category</FriendlyName>
            <LanguageId>EN-US</LanguageId>
            <SearchText>
            </SearchText>
          </ecoResCategoryTranslation>
        </ecoResCategory>
        <ecoResCategory>
          <CategoryHierarchy>5637144577</CategoryHierarchy>
          <Code>CUPS</Code>
          <Name>CUPS</Name>
          <ParentCategory>5637145330</ParentCategory>
          <RecId>5637145381</RecId>
          <ecoResCategoryTranslation>
            <Description>
            </Description>
            <FriendlyName>New category</FriendlyName>
            <LanguageId>EN-US</LanguageId>
            <SearchText>
            </SearchText>
          </ecoResCategoryTranslation>
        </ecoResCategory>
        <ecoResCategory>
          <CategoryHierarchy>5637144577</CategoryHierarchy>
          <Code>CURLIES EN RONDIES</Code>
          <Name>CURLIES EN RONDIES</Name>
          <ParentCategory>5637145330</ParentCategory>
          <RecId>5637145382</RecId>
          <ecoResCategoryTranslation>
            <Description>
            </Description>
            <FriendlyName>New category</FriendlyName>
            <LanguageId>EN-US</LanguageId>
            <SearchText>
            </SearchText>
          </ecoResCategoryTranslation>
        </ecoResCategory>
        <ecoResCategory>
          <CategoryHierarchy>5637144577</CategoryHierarchy>
          <Code>CURLS</Code>
          <Name>CURLS</Name>
          <ParentCategory>5637145330</ParentCategory>
          <RecId>5637145383</RecId>
          <ecoResCategoryTranslation>
            <Description>
            </Description>
            <FriendlyName>New category</FriendlyName>
            <LanguageId>EN-US</LanguageId>
            <SearchText>
            </SearchText>
          </ecoResCategoryTranslation>
        </ecoResCategory>
        <ecoResCategory>
          <CategoryHierarchy>5637144577</CategoryHierarchy>
          <Code>CURLS MINI</Code>
          <Name>CURLS MINI</Name>
          <ParentCategory>5637145330</ParentCategory>
          <RecId>5637145384</RecId>
          <ecoResCategoryTranslation>
            <Description>
            </Description>
            <FriendlyName>New category</FriendlyName>
            <LanguageId>EN-US</LanguageId>
            <SearchText>
            </SearchText>
          </ecoResCategoryTranslation>
        </ecoResCategory>
        <ecoResCategory>
          <CategoryHierarchy>5637144577</CategoryHierarchy>
          <Code>DIVERSEN CHOCO DECOR</Code>
          <Name>DIVERSE CHOCOLADE DECORS</Name>
          <ParentCategory>5637145330</ParentCategory>
          <RecId>5637145385</RecId>
          <ecoResCategoryTranslation>
            <Description>
            </Description>
            <FriendlyName>New category</FriendlyName>
            <LanguageId>EN-US</LanguageId>
            <SearchText>
            </SearchText>
          </ecoResCategoryTranslation>
        </ecoResCategory>
        <ecoResCategory>
          <CategoryHierarchy>5637144577</CategoryHierarchy>
          <Code>DOMES</Code>
          <Name>DOMES</Name>
          <ParentCategory>5637145330</ParentCategory>
          <RecId>5637145386</RecId>
          <ecoResCategoryTranslation>
            <Description>
            </Description>
            <FriendlyName>New category</FriendlyName>
            <LanguageId>EN-US</LanguageId>
            <SearchText>
            </SearchText>
          </ecoResCategoryTranslation>
        </ecoResCategory>
        <ecoResCategory>
          <CategoryHierarchy>5637144577</CategoryHierarchy>
          <Code>DROPS</Code>
          <Name>DROPS</Name>
          <ParentCategory>5637145330</ParentCategory>
          <RecId>5637145387</RecId>
          <ecoResCategoryTranslation>
            <Description>
            </Description>
            <FriendlyName>New category</FriendlyName>
            <LanguageId>EN-US</LanguageId>
            <SearchText>
            </SearchText>
          </ecoResCategoryTranslation>
        </ecoResCategory>
        <ecoResCategory>
          <CategoryHierarchy>5637144577</CategoryHierarchy>
          <Code>MIKADO EN CILINDERS</Code>
          <Name>MIKADO EN CILINDERS</Name>
          <ParentCategory>5637145330</ParentCategory>
          <RecId>5637145388</RecId>
          <ecoResCategoryTranslation>
            <Description>
            </Description>
            <FriendlyName>New category</FriendlyName>
            <LanguageId>EN-US</LanguageId>
            <SearchText>
            </SearchText>
          </ecoResCategoryTranslation>
        </ecoResCategory>
        <ecoResCategory>
          <CategoryHierarchy>5637144577</CategoryHierarchy>
          <Code>PLAQUES</Code>
          <Name>PLAQUES</Name>
          <ParentCategory>5637145330</ParentCategory>
          <RecId>5637145389</RecId>
          <ecoResCategoryTranslation>
            <Description>
            </Description>
            <FriendlyName>New category</FriendlyName>
            <LanguageId>EN-US</LanguageId>
            <SearchText>
            </SearchText>
          </ecoResCategoryTranslation>
        </ecoResCategory>
        <ecoResCategory>
          <CategoryHierarchy>5637144577</CategoryHierarchy>
          <Code>PYRAMIDES</Code>
          <Name>PYRAMIDES</Name>
          <ParentCategory>5637145330</ParentCategory>
          <RecId>5637145390</RecId>
          <ecoResCategoryTranslation>
            <Description>
            </Description>
            <FriendlyName>New category</FriendlyName>
            <LanguageId>EN-US</LanguageId>
            <SearchText>
            </SearchText>
          </ecoResCategoryTranslation>
        </ecoResCategory>
        <ecoResCategory>
          <CategoryHierarchy>5637144577</CategoryHierarchy>
          <Code>TRIANGLES</Code>
          <Name>TRIANGLES</Name>
          <ParentCategory>5637145330</ParentCategory>
          <RecId>5637145391</RecId>
          <ecoResCategoryTranslation>
            <Description>
            </Description>
            <FriendlyName>New category</FriendlyName>
            <LanguageId>EN-US</LanguageId>
            <SearchText>
            </SearchText>
          </ecoResCategoryTranslation>
        </ecoResCategory>
        <ecoResCategory>
          <CategoryHierarchy>5637144577</CategoryHierarchy>
          <Code>WAVES</Code>
          <Name>WAVES</Name>
          <ParentCategory>5637145330</ParentCategory>
          <RecId>5637145392</RecId>
          <ecoResCategoryTranslation>
            <Description>
            </Description>
            <FriendlyName>New category</FriendlyName>
            <LanguageId>EN-US</LanguageId>
            <SearchText>
            </SearchText>
          </ecoResCategoryTranslation>
        </ecoResCategory>
      </ecoResCategory>
    </ecoResCategory>
  </ecoResCategoryHierarchy>
</ProductHierarchy>