﻿<?xml version="1.0" encoding="utf-8"?>
<Representative>
  <HcmWorker>
    <Name>Geert Van Zeir</Name>
    <PersonnelNumber>000001</PersonnelNumber>
    <RecId>5637144576</RecId>
  </HcmWorker>
  <HcmWorker>
    <Name>Immanuël Schoeters</Name>
    <PersonnelNumber>000002</PersonnelNumber>
    <RecId>5637145326</RecId>
  </HcmWorker>
  <HcmWorker>
    <Name>Peter Van den Eynde</Name>
    <PersonnelNumber>000004</PersonnelNumber>
    <RecId>5637146077</RecId>
  </HcmWorker>
  <HcmWorker>
    <Name>Joris Vandaele</Name>
    <PersonnelNumber>000005</PersonnelNumber>
    <RecId>5637146826</RecId>
  </HcmWorker>
  <HcmWorker>
    <Name>Katrien DeCoster</Name>
    <PersonnelNumber>000006</PersonnelNumber>
    <RecId>5637147576</RecId>
  </HcmWorker>
  <HcmWorker>
    <Name>abc xyz</Name>
    <PersonnelNumber>000007</PersonnelNumber>
    <RecId>5637147577</RecId>
  </HcmWorker>
  <HcmWorker>
    <Name>Pieter-Jan Dierick</Name>
    <PersonnelNumber>000008</PersonnelNumber>
    <RecId>5637148326</RecId>
  </HcmWorker>
  <HcmWorker>
    <Name>Kris Desmet</Name>
    <PersonnelNumber>000009</PersonnelNumber>
    <RecId>5637149076</RecId>
  </HcmWorker>
  <HcmWorker>
    <Name>Guy A Deleersnyder</Name>
    <PersonnelNumber>000010</PersonnelNumber>
    <RecId>5637149826</RecId>
  </HcmWorker>
  <HcmWorker>
    <Name>Valentijn Deltour</Name>
    <PersonnelNumber>000011</PersonnelNumber>
    <RecId>5637149827</RecId>
  </HcmWorker>
  <HcmWorker>
    <Name>Chris Deleersnyder</Name>
    <PersonnelNumber>000013</PersonnelNumber>
    <RecId>5637150577</RecId>
  </HcmWorker>
  <HcmWorker>
    <Name>Philippe Parmentier</Name>
    <PersonnelNumber>000014</PersonnelNumber>
    <RecId>5637151326</RecId>
  </HcmWorker>
  <HcmWorker>
    <Name>Bruno Ranson</Name>
    <PersonnelNumber>000015</PersonnelNumber>
    <RecId>5637152076</RecId>
  </HcmWorker>
  <HcmWorker>
    <Name>Michaël Ranson</Name>
    <PersonnelNumber>000016</PersonnelNumber>
    <RecId>5637152077</RecId>
  </HcmWorker>
  <HcmWorker>
    <Name>Guy Winnepenninckx</Name>
    <PersonnelNumber>000017</PersonnelNumber>
    <RecId>5637152078</RecId>
  </HcmWorker>
  <HcmWorker>
    <Name>Charlotte Ranson</Name>
    <PersonnelNumber>000018</PersonnelNumber>
    <RecId>5637152079</RecId>
  </HcmWorker>
  <HcmWorker>
    <Name>BRUNO RANSON</Name>
    <PersonnelNumber>000019</PersonnelNumber>
    <RecId>5637152080</RecId>
  </HcmWorker>
</Representative>